time,open,high,low,close,MA,EMA,EMA,Volume,Plot,MFI Bar TOP Line,MFI Bar BOTTOM Line,WT Wave 1,WT Wave 2,VWAP,RSI+MFI Area,WT Bearish Divergence,WT Bullish Divergence,WT 2nd Bearish Divergence,WT 2nd Bullish Divergence,RSI,RSI Bearish Divergence,RSI Bullish Divergence,Stoch K,Stoch D,Stoch Bearish Divergence,Stoch Bullish Divergence,Schaff Trend Cycle 1,Schaff Trend Cycle 2,Over Bought Level 2,Over Bought Level 3,Over Sold Level 2,Sommi bearish flag,Sommi bullish flag,Sommi bearish diamond,Sommi bullish diamond,Buy and sell circle,Buy circle,Sell circle,Divergence buy circle,Divergence sell circle,Gold  buy gold circle,Plot,MFI Bar TOP Line,MFI Bar BOTTOM Line,WT Wave 1,WT Wave 2,VWAP,RSI+MFI Area,WT Bearish Divergence,WT Bullish Divergence,WT 2nd Bearish Divergence,WT 2nd Bullish Divergence,RSI,RSI Bearish Divergence,RSI Bullish Divergence,Stoch K,Stoch D,Stoch Bearish Divergence,Stoch Bullish Divergence,Schaff Trend Cycle 1,Schaff Trend Cycle 2,Over Bought Level 2,Over Bought Level 3,Over Sold Level 2,Sommi bearish flag,Sommi bullish flag,Sommi bearish diamond,Sommi bullish diamond,Buy and sell circle,Buy circle,Sell circle,Divergence buy circle,Divergence sell circle,Gold  buy gold circle
1583020800,6500,6838,5841.5,6405,,,,52233.132,0,-95,-99,,,,,,,,,,,,,,,,,,60,100,-60,,,,,,,,,,,0,-95,-99,,,,,,,,,,,,,,,,,,60,100,-60,,,,,,,,,,
1585699200,6405,9458,6145,8625,,,,532029.546,0,-95,-99,,,,,,,,,,,,,,,,,,60,100,-60,,,,,,,,,,,0,-95,-99,,,,,,,,,,,,,,,,,,60,100,-60,,,,,,,,,,
1588291200,8625,10059.5,8153,9449.5,,,,603928.977,0,-95,-99,,,,,,,,,,,,,,,,,,60,100,-60,,,,,,,,,,,0,-95,-99,,,,,,,,,,,,,,,,,,60,100,-60,,,,,,,,,,
1590969600,9449.5,10352,8840,9135.5,,,,239068.4977,0,-95,-99,,,,,,,,,,,,,,,,,,60,100,-60,,,,,,,,,,,0,-95,-99,,,,,,,,,,,,,,,,,,60,100,-60,,,,,,,,,,
1593561600,9135.5,11443.5,8910,11339,,,,296758.6751,0,-95,-99,,,,,,,,,,,,,,,,,,60,100,-60,,,,,,,,,,,0,-95,-99,,,,,,,,,,,,,,,,,,60,100,-60,,,,,,,,,,
1596240000,11339,12499.5,10529.5,11661,,,,343647.052,0,-95,-99,,,,,,,,,,,,,,,,,,60,100,-60,,,,,,,,,,,0,-95,-99,,,,,,,,,,,,,,,,,,60,100,-60,,,,,,,,,,
1598918400,11661,12066,9834,10759,,,,186282.231,0,-95,-99,,,,,,,,,,,,,,,,,,60,100,-60,,,,,,,,,,,0,-95,-99,,,,,,,,,,,,,,,,,,60,100,-60,,,,,,,,,,
1601510400,10759,14120,10392,13782,,,10144.5,259403.414,0,-95,-99,,,,,,,,,,,,,,,,,,60,100,-60,,,,,,,,,,,0,-95,-99,,,,,,,,,,,,,,,,,,60,100,-60,,,,,,,,,,
1604188800,13782,19930.5,13207,19712,,,12270.611111111111,748644.279,0,-95,-99,,,,,,,,,,,,,,,,,,60,100,-60,,,,,,,,,,,0,-95,-99,,,,,,,,,,,,,,,,,,60,100,-60,,,,,,,,,,
1606780800,19712,29357,17567,28921.5,,,15970.808641975309,723551.359,0,-95,-99,,,,,,,,,,,,,,,,,,60,100,-60,,,,,,,,,,,0,-95,-99,,,,,,,,,,,,,,,,,,60,100,-60,,,,,,,,,,
1609459200,28921.5,42100,27923,33128,,,19783.517832647463,1106322.101,0,-95,-99,,,,,,,,,,,,,,,,,,60,100,-60,,,,,,,,,,,0,-95,-99,,,,,,,,,,,,,,,,,,60,100,-60,,,,,,,,,,
1612137600,33128,58399,32344.5,45156,,,25421.847203170248,797747.665,0,-95,-99,,,,,,,,,,,,,,,,,,60,100,-60,,,,,,,,,,,0,-95,-99,,,,,,,,,,,,,,,,,,60,100,-60,,,,,,,,,,
1614556800,45156,61939.5,44983,58859.5,,,32852.436713576855,761915.113,0,-95,-99,,,,,,,,,,,,,,,,,,60,100,-60,,,,,,,,,,,0,-95,-99,,,,,,,,,,,,,,,,,,60,100,-60,,,,,,,,,,
1617235200,58859.5,64943.5,47019,57678,,,38369.22855500422,544121.254,0,-95,-99,,,,,,,,,,,,,,,,,,60,100,-60,,,,,,,,,,,0,-95,-99,,,,,,,,,,,,,,,,,,60,100,-60,,,,,,,,,,
1619827200,57678,59586,28801,37241,,,38118.51109833662,1279499.936,0,-95,-99,,,,,,,,,,,,,,,,,,60,100,-60,,,,,,,,,,,0,-95,-99,,,,,,,,,,,,,,,,,,60,100,-60,,,,,,,,,,
1622505600,37241,41300,28774,35018,,,37429.50863203959,2446941.421,0,-95,-99,,,,,,,,,,,,,,,,,,60,100,-60,,,,,,,,,,,0,-95,-99,,,,,,,,,,,,,,,,,,60,100,-60,,,,,,,,,,
1625097600,35018,42421.5,29272.5,41445.5,,,38321.95115825302,2235226.391,0,-95,-99,,,,,,,,,,,,,,,,,,60,100,-60,,,,,,,,,,,0,-95,-99,,,,,,,,,,,,,,,,,,60,100,-60,,,,,,,,,,
1627776000,41445.5,50490,37281,47180,,,40290.40645641901,1919751.465,0,-95,-99,,,,,,,,,,,,,,,,,,60,100,-60,,,,,,,,,,,0,-95,-99,,,,,,,,,,,,,,,,,,60,100,-60,,,,,,,,,,
1630454400,47180,52858,39520,43757.5,,,41060.8716883259,1719109.688,0,-95,-99,,,,,,,,,,,,,,,,,,60,100,-60,,,,,,,,,,,0,-95,-99,,,,,,,,,,,,,,,,,,60,100,-60,,,,,,,,,,
1633046400,43757.5,67210,43273,61338,,,45566.900202031255,1417120.632,0,-95,-99,,,,,,,,,,75.86114270745387,,,,,,,,60,100,-60,,,,,,,,,,,0,-95,-99,,,,,,,,,,75.86114270745387,,,,,,,,60,100,-60,,,,,,,,,,
1635724800,61338,69138.5,53122,56962,,30835.85714285714,48099.144601579865,1034022.274,0,-95,-99,,,,,,,,,,,,,,,,,,60,100,-60,,,,,,,,,,,0,-95,-99,,,,,,,,,,,,,,,,,,60,100,-60,,,,,,,,,,
1638316800,56962,59073,40829,46200.5,,32232.642857142855,47677.22357900656,1350518.648,0,-95,-99,,,,,,,,,,,,,,,,,,60,100,-60,,,,,,,,,,,0,-95,-99,,,,,,,,,,,,,,,,,,60,100,-60,,,,,,,,,,
1640995200,46200.5,48000,32906,38440,,32796.94805194805,45624.507228116214,2188129.405,0,-95,-99,,,,,,,,,,,,,,,,,,60,100,-60,,,,,,,,,,,0,-95,-99,,,,,,,,,,,,,,,,,,60,100,-60,,,,,,,,,,
1643673600,38440,45924.5,34242.5,43150.5,,33738.1800472255,45074.72784409039,2331122.423,0,-95,-99,,,,,,,,,,,,,,,,,,60,100,-60,,,,,,,,,,,0,-95,-99,,,,,,,,,,,,,,,,,,60,100,-60,,,,,,,,,,
1646092800,43150.5,48185,37139,45511,,34808.43640656863,45171.6772120703,2582617.979,0,-95,-99,,,,,,,,,,61.06823599755469,,,,,,,,60,100,-60,,,,,,,,,,,0,-95,-99,,,,,,,,,,61.06823599755469,,,,,,,,60,100,-60,,,,,,,,,,
1648771200,45511,47493,37558.5,37611.5,,35063.260369607844,43491.637831610235,2532055.447,0,-95,-99,,,,,,,,,,,,,,,,,,60,100,-60,,,,,,,,,,,0,-95,-99,,,,,,,,,,,,,,,,,,60,100,-60,,,,,,,,,,
1651363200,37611.5,40058.5,26536,31781,,34764.87306327986,40889.273869030185,4569085.275,0,-95,-99,,,,,,,,,,,,,,,,,,60,100,-60,,,,,,,,,,,0,-95,-99,,,,,,,,,,,,,,,,,,60,100,-60,,,,,,,,,,
1654041600,31781,31982.5,17600,19925.5,,33415.83914843624,36230.657453690146,6868858.074,0,-95,-99,-5.995376571209113,,,,,,,,,,,,,,2.3574831746365796,,,60,100,-60,,,,,,,,,,,0,-95,-99,-5.995376571209113,,,,,,,,,,,,,,2.3574831746365796,,,60,100,-60,,,,,,,,,,
1656633600,19925.5,24695,18777,23290.5,,32495.35377130567,33355.066908425666,6504642.844,0,-95,-99,-19.548137733219328,,,,,,,,,,,,,,,,,60,100,-60,,,,,,,,,,,0,-95,-99,-19.548137733219328,,,,,,,,,,,,,,,,,60,100,-60,,,,,,,,,,
1659312000,23290.5,25199,19511,20050.5,,31364.0034284597,30398.496484331074,4951994.12,0,-95,-99,-28.294819848164796,-17.946111384197746,-10.34870846396705,,,,,,,,,,,,,,,60,100,-60,,,,,,,,,,,0,-95,-99,-28.294819848164796,-17.946111384197746,-10.34870846396705,,,,,,,,,,,,,,,60,100,-60,,,,,,,,,,
1661990400,20050.5,22794,18100,19409.5,,30277.230389508815,27956.497265590835,6336013.772,0,-95,-99,-34.574961195578815,-27.472639592320984,-7.102321603257831,,,,,,,,,,,3.096426799695878,,,,60,100,-60,,,,,,,,,,,0,-95,-99,-34.574961195578815,-27.472639592320984,-7.102321603257831,,,,,,,,,,,3.096426799695878,,,,60,100,-60,,,,,,,,,,
1664582400,19409.5,21100,18071,20480,,29386.57308137165,26295.05342879287,4721744.152,0,-95,-99,-38.22741159951008,-33.699064214417895,-4.528347385092182,,,,,,,,,,,,,,,60,100,-60,,,,,,,,,,,0,-95,-99,-38.22741159951008,-33.699064214417895,-4.528347385092182,,,,,,,,,,,,,,,60,100,-60,,,,,,,,,,
1667260800,20480,21470,15440,17146.5,,28273.83916488332,24262.04155572779,5227418.53,0,-95,-99,-41.472279140774575,-38.091550645287825,-3.38072849548675,,,,,,,,,,,,,,,60,100,-60,,,,,,,,,,,0,-95,-99,-41.472279140774575,-38.091550645287825,-3.38072849548675,,,,,,,,,,,,,,,60,100,-60,,,,,,,,,,
1669852800,17146.5,18379,16203,16549.5,,27207.99014989393,22548.143432232726,2788843.114,0,-95,-99,-43.64858159155985,-41.1160907772815,-2.532490814278347,,,,,,,,,,,,1.2009964010307526,,,60,100,-60,,,,,,,,,,,0,-95,-99,-43.64858159155985,-41.1160907772815,-2.532490814278347,,,,,,,,,,,,1.2009964010307526,,,60,100,-60,,,,,,,,,,
1672531200,16549.5,23966,16511,23130,,26837.263772630846,22677.444891736566,4412129.783,0,-95,-99,-40.18690560708229,-41.769255446472236,1.5823498393899484,,,,,-41.769255446472236,,,,,,,,,,60,100,-60,,,,,-41.769255446472236,,,,,,0,-95,-99,-40.18690560708229,-41.769255446472236,1.5823498393899484,,,,,-41.769255446472236,,,,,,,,,,60,100,-60,,,,,-41.769255446472236,,,,,
1675209600,23130,25296.1,21327.5,23129.9,,26500.230702391676,22777.990471350662,4236509.718,0,-95,-99,-34.32412218906047,-39.386536462567534,5.062414273507066,,,,,,,,,,,,,,,60,100,-60,,,,,,,,,,,0,-95,-99,-34.32412218906047,-39.386536462567534,5.062414273507066,,,,,,,,,,,,,,,60,100,-60,,,,,,,,,,
1677628800,23129.9,29197.2,19535,28452.1,,26677.673365810613,24038.903699939405,6650152.551,0,-95,-99,-25.261730748793617,-33.25758618164546,7.99585543285184,,,,,,,,,,,,,,,60,100,-60,,,,,,,,,,,0,-95,-99,-25.261730748793617,-33.25758618164546,7.99585543285184,,,,,,,,,,,,,,,60,100,-60,,,,,,,,,,
1680307200,28452.1,31061.7,26933,29217,,26908.521241646013,25189.59176661954,4406415.695,0,-95,-99,-12.549516276762212,-24.045123071538768,11.495606794776556,,,,,,,,,,,,,,,60,100,-60,,,,,,,,,,,0,-95,-99,-12.549516276762212,-24.045123071538768,11.495606794776556,,,,,,,,,,,,,,,60,100,-60,,,,,,,,,,
1682899200,29217,29833,25764,27199,,26934.928401496374,25636.126929592974,3801414.641,0,-95,-99,-5.496276607564968,-14.435841211040268,8.9395646034753,,,,,,,,,,,,,,,60,100,-60,,,,,,,,,,,0,-95,-99,-5.496276607564968,-14.435841211040268,8.9395646034753,,,,,,,,,,,,,,,60,100,-60,,,,,,,,,,
1685577600,27199,31444,24779.5,30465.5,,27255.889455905795,26709.32094523898,4160898.182,0,-95,-99,2.44272001015508,-5.201024291390703,7.643744301545783,,,,,,,,,,,,,,,60,100,-60,,,,,,,,,,,0,-95,-99,2.44272001015508,-5.201024291390703,7.643744301545783,,,,,,,,,,,,,,,60,100,-60,,,,,,,,,,
1688169600,30465.5,31843.9,28851,29224.4,,27434.84495991436,27268.22740185254,2645031.718,0,-95,-99,10.345688163912627,2.4307105221675767,7.91497764174505,,,,,,,,,,,,,,,60,100,-60,,,,,,,,,,,0,-95,-99,10.345688163912627,2.4307105221675767,7.91497764174505,,,,,,,,,,,,,,,60,100,-60,,,,,,,,,,
1690848000,29224.4,30265.8,24200.9,25924.1,,27297.504509013055,26969.532423663084,3316982.516,0,-95,-99,8.44184886166576,7.076752345244486,1.3650965164212732,,,,,,,,,,,78.04116426001129,,,,60,100,-60,,,,,,,,,,,0,-95,-99,8.44184886166576,7.076752345244486,1.3650965164212732,,,,,,,,,,,78.04116426001129,,,,60,100,-60,,,,,,,,,,
1693526400,25924.1,27484.9,24853.4,26953.5,,27266.23137183005,26965.969662849064,2857762.706,0,-95,-99,5.644690898367385,8.144075974648588,-2.4993850762812038,,,,,,,,,,,,,,,60,100,-60,,,108,,8.144075974648588,,,,,,0,-95,-99,5.644690898367385,8.144075974648588,-2.4993850762812038,,,,,,,,,,,,,,,60,100,-60,,,108,,8.144075974648588,,,,,
1696118400,26953.5,36743.5,26523,34667.1,,27939.037610754593,28677.331959993717,4148320.547,0,-95,-99,21.053689512121473,11.713409757384872,9.340279754736601,,,,,,,,,,,,,,,60,100,-60,,,,,11.713409757384872,,,,,,0,-95,-99,21.053689512121473,11.713409757384872,9.340279754736601,,,,,,,,,,,,,,,60,100,-60,,,,,11.713409757384872,,,,,
1698796800,34667.1,38600.1,34058,37727.4,,28828.88873704963,30688.458191106223,3952833.965,0,-95,-99,37.02702322751518,21.24180121266801,15.785222014847172,,,,,,,,,,,,,,,60,100,-60,,,,,,,,,,,0,-95,-99,37.02702322751518,21.24180121266801,15.785222014847172,,,,,,,,,,,,,,,60,100,-60,,,,,,,,,,
1701388800,37727.4,44777,37612.8,42324.8,,30055.78976095421,33274.311926415954,3907124.24,0,-95,-99,51.112920327062966,36.397877688899875,14.71504263816309,,,,,,,,,,,,,,,60,100,-60,,,,,,,,,,,0,-95,-99,51.112920327062966,36.397877688899875,14.71504263816309,,,,,,,,,,,,,,,60,100,-60,,,,,,,,,,
1704067200,42324.8,49054.4,38531.5,42552.7,,31191.87250995837,35336.175942767964,4598753.181,0,-95,-99,59.39223526174876,49.17739293877563,10.214842322973126,,,,,,,,,,,,,,,60,100,-60,,,,,,,,,,,0,-95,-99,59.39223526174876,49.17739293877563,10.214842322973126,,,,,,,,,,,,,,,60,100,-60,,,,,,,,,,
1706745600,42552.7,64496.7,41843.5,61184.1,,33918.4386454167,41080.159066597305,3883973.999,0,-95,-99,72.22522630655178,60.910127298454505,11.31509900809727,,,,,,,,,,,,,,,60,100,-60,,,,,,,,,,,0,-95,-99,72.22522630655178,60.910127298454505,11.31509900809727,,,,,,,,,,,,,,,60,100,-60,,,,,,,,,,
1709251200,61184.1,73949,59111,71378,,37323.853314015185,47813.01260735346,4857543.812,0,-95,-99,82.84032209264815,71.48592788698289,11.354394205665258,,,,,,,77.31847803642349,,,,,,,,60,100,-60,,,,,,,,,,,0,-95,-99,82.84032209264815,71.48592788698289,11.354394205665258,,,,,,,77.31847803642349,,,,,,,,60,100,-60,,,,,,,,,,
1711929600,71378,72854.5,59132,60655.9,,39444.94846728653,50666.98758349714,4045929.742,0,-95,-99,83.47710855574779,79.51421898498258,3.9628895707652134,,,,,,,,,,,,,,,60,100,-60,,,,,,,,,,,0,-95,-99,83.47710855574779,79.51421898498258,3.9628895707652134,,,,,,,,,,,,,,,60,100,-60,,,,,,,,,,
1714521600,60655.9,72061.7,56505,67555.8,,42000.48042480594,54420.05700938666,3072532.117,0,-95,-99,81.85811719787604,82.72518261542399,-0.8670654175479484,,82.72518261542399,,82.72518261542399,,,,,,,,,,,60,100,-60,,,,,82.72518261542399,,105,,,,0,-95,-99,81.85811719787604,82.72518261542399,-0.8670654175479484,,82.72518261542399,,82.72518261542399,,,,,,,,,,,60,100,-60,,,,,82.72518261542399,,105,,,
1717200000,67555.8,72169,58320,62749.5,,43886.754931641764,56271.04434063407,2437937.94,0,-95,-99,77.92839977507361,81.08787517623249,-3.159475401158872,,,,,,,,,,,,,,,60,100,-60,,,,,,,,,,,0,-95,-99,77.92839977507361,81.08787517623249,-3.159475401158872,,,,,,,,,,,,,,,60,100,-60,,,,,,,,,,
1719792000,62749.5,70136.9,53314.3,64615.9,,45771.22266512888,58125.45670938206,3800547.169,0,-95,-99,72.23481798681081,77.34044498658683,-5.105626999776021,,,,,,,,,,,,,,,60,100,-60,,,,,,,,,,,0,-95,-99,72.23481798681081,77.34044498658683,-5.105626999776021,,,,,,,,,,,,,,,60,100,-60,,,,,,,,,,
1722470400,64615.9,65634.3,48914.1,58944.4,,46968.78424102625,58307.44410729716,4584093.397,0,-95,-99,62.76593307331229,70.97638361173225,-8.210450538419956,,,,,,,,,,,,,,,60,100,-60,,,,,,,,,,,0,-95,-99,62.76593307331229,70.97638361173225,-8.210450538419956,,,,,,,,,,,,,,,60,100,-60,,,,,,,,,,
1725148800,58944.4,66520,52500.2,63276.8,,48451.33112820568,59411.74541678668,3536431.004,0,-95,-99,57.66873696984438,64.22316267665583,-6.55442570681145,,,,,,,,,,,,,,,60,100,-60,,,,,,,,,,,0,-95,-99,57.66873696984438,64.22316267665583,-6.55442570681145,,,,,,,,,,,,,,,60,100,-60,,,,,,,,,,
1727740800,63276.8,73681.8,58900,70332.3,,50440.51011655062,61838.53532416742,3871318.081,0,-95,-99,59.49554657968355,59.97673887428008,-0.4811922945965321,,,,,,,,,,,,59.48326499962556,,,60,100,-60,,,,,,,,,,,0,-95,-99,59.49554657968355,59.97673887428008,-0.4811922945965321,,,,,,,,,,,,59.48326499962556,,,60,100,-60,,,,,,,,,,
1730419200,70332.3,99690,66808,96484,,54626.28192413693,69537.52747435244,4512819.643,0,-95,-99,71.67357190489234,62.945951818140095,8.727620086752246,,,,,,,,,,,,,,,60,100,-60,,,,,62.945951818140095,,,,,,0,-95,-99,71.67357190489234,62.945951818140095,8.727620086752246,,,,,,,,,,,,,,,60,100,-60,,,,,62.945951818140095,,,,,
1733011200,96484,108421.6,90530,93530,,58162.983567397205,74869.18803560745,3504901.21,0,-95,-99,79.8075027716436,70.32554041873983,9.481962352903764,,,,,,,,,,,,,,,60,100,-60,,,,,,,,,,,0,-95,-99,79.8075027716436,70.32554041873983,9.481962352903764,,,,,,,,,,,,,,,60,100,-60,,,,,,,,,,
1735689600,93530,109951.7,89100,102377.6,,62182.49415217928,80982.16847213914,3277917.889,0,-95,-99,82.60837145421074,78.02981537691556,4.578556077295175,,,,,,,75.89845751595374,,,,87.02240255284903,,,,60,100,-60,,,,,,,,,,,0,-95,-99,82.60837145421074,78.02981537691556,4.578556077295175,,,,,,,75.89845751595374,,,,87.02240255284903,,,,60,100,-60,,,,,,,,,,
1738368000,102377.6,102735,78210.5,84307.6,,64193.867411072075,81721.15325610821,2693585.631,0,-95,-99,76.23901619451954,79.55163014012463,-3.3126139456050936,15.944937629163316,79.55163014012463,,79.55163014012463,,,,,,,,,,,60,100,-60,,,,,79.55163014012463,,105,,106,,0,-95,-99,76.23901619451954,79.55163014012463,-3.3126139456050936,15.944937629163316,79.55163014012463,,79.55163014012463,,,,,,,,,,,60,100,-60,,,,,79.55163014012463,,105,,106,
1740787200,84307.6,95058.7,76545,82504.4,,65858.46128279279,81895.20808808417,3371003.394,0,-95,-99,67.95399996078594,75.6004625365054,-7.646462575719468,15.939776441264875,,,,,,,,,,,,,,60,100,-60,,,,,,,,,,,0,-95,-99,67.95399996078594,75.6004625365054,-7.646462575719468,15.939776441264875,,,,,,,,,,,,,,60,100,-60,,,,,,,,,,
1743465600,82504.4,95724.5,74456.2,94118,,68427.51025708436,84611.38406850991,3275186.941,0,-95,-99,63.0840198435442,69.09234533294989,-6.008325489405692,15.629687870662075,,,,,,,,,,,30.855150495833506,,,60,100,-60,,,,,,,,,,,0,-95,-99,63.0840198435442,69.09234533294989,-6.008325489405692,15.629687870662075,,,,,,,,,,,30.855150495833506,,,60,100,-60,,,,,,,,,,
1746057600,94118,111968,93333.5,104566.1,,71712.83659734942,89045.76538661882,2876202.012,0,-95,-99,67.58255359078726,66.20685779837247,1.3756957924147883,15.95023274969758,,,,,,,,,,,,,,60,100,-60,,,,,66.20685779837247,,,,,,0,-95,-99,67.58255359078726,66.20685779837247,1.3756957924147883,15.95023274969758,,,,,,,,,,,,,,60,100,-60,,,,,66.20685779837247,,,,,
1748736000,104566.1,110660.8,98125,107081.2,,74928.14236122675,93053.63974514797,2379920.007,0,-95,-99,69.30864894486287,66.65840745973144,2.6502414851314313,16.970996108833837,,,,,,,,,,,,,,60,100,-60,,,,,,,,,,,0,-95,-99,69.30864894486287,66.65840745973144,2.6502414851314313,16.970996108833837,,,,,,,,,,,,,,60,100,-60,,,,,,,,,,
1751328000,107081.2,123250,105058.6,115680.1,,78632.86578293341,98081.74202400398,2206659.743,0,-95,-99,72.83061185146606,69.90727146237207,2.923340389093994,15.97835856052695,,,,,,72.58655262244629,,,,,,,,60,100,-60,,,,,,,,,,,0,-95,-99,72.83061185146606,69.90727146237207,2.923340389093994,15.97835856052695,,,,,,72.58655262244629,,,,,,,,60,100,-60,,,,,,,,,,
1754006400,115680.1,124571.2,107300,108200,,81320.78707539401,100330.24379644754,2157493.856,0,-95,-99,72.15026642324439,71.42984240652443,0.72042401671996,14.48698732910222,,,,,,,,,,,,,,60,100,-60,,,,,,,,,,,0,-95,-99,72.15026642324439,71.42984240652443,0.72042401671996,14.48698732910222,,,,,,,,,,,,,,60,100,-60,,,,,,,,,,
1756684800,108200,117884,107202,114013.8,,84292.8791594491,103371.03406390364,1813318.347,0,-95,-99,69.62199612868329,71.53429146779791,-1.9122953391146211,16.85794542428663,71.53429146779791,,71.53429146779791,,,,,,,63.047004838018864,,,,60,100,-60,,,108,,71.53429146779791,,105,,106,,0,-95,-99,69.62199612868329,71.53429146779791,-1.9122953391146211,16.85794542428663,71.53429146779791,,71.53429146779791,,,,,,,63.047004838018864,,,,60,100,-60,,,108,,71.53429146779791,,105,,106,
1759276800,114013.8,126150,101045.9,109546.7,,86588.68105404465,104743.40427192506,2938585.07,0,-95,-99,65.82009665703454,69.19745306965409,-3.377356412619548,14.385861416536958,,,,,,,,,,,,,,60,100,-60,,,,,,,,,,,0,-95,-99,65.82009665703454,69.19745306965409,-3.377356412619548,14.385861416536958,,,,,,,,,,,,,,60,100,-60,,,,,,,,,,
1761955200,109546.7,111200,80607.9,90308.6,,86926.85550367695,101535.66998927505,2533816.954,0,-95,-99,48.92478770995855,61.45562683189214,-12.530839121933589,10.608762562037397,,,,,,,,,,,,,,60,100,-60,,,,,,,,,,,0,-95,-99,48.92478770995855,61.45562683189214,-12.530839121933589,10.608762562037397,,,,,,,,,,,,,,60,100,-60,,,,,,,,,,
1764547200,90308.6,94550,83755.3,87594.9,,86987.5868215245,98437.72110276949,2144461.134,0,-95,-99,32.0001210643145,48.91500181043586,-16.914880746121362,8.027462658540475,,,,,,,,,,,,,,60,100,-60,,,,,,,,,,,0,-95,-99,32.0001210643145,48.91500181043586,-16.914880746121362,8.027462658540475,,,,,,,,,,,,,,60,100,-60,,,,,,,,,,
1767225600,87594.9,97963.2,75689.6,78704.4,,86234.56983774954,94052.53863548738,1978507.65,0,-95,-99,16.429891492269242,32.451600088847435,-16.021708596578193,6.287806029054529,,,,,,,,,,,,,,60,100,-60,,,,,,,,,,,0,-95,-99,16.429891492269242,32.451600088847435,-16.021708596578193,6.287806029054529,,,,,,,,,,,,,,60,100,-60,,,,,,,,,,
1769904000,78704.4,79388.5,59888,66939.6,,84480.4816706814,88027.44116093463,2823008.76,0,-95,-99,-2.57478932475631,15.285074410609143,-17.85986373536545,3.6254177602778377,,,,,,,,,,,,,,60,100,-60,,,,,,,,,,,0,-95,-99,-2.57478932475631,15.285074410609143,-17.85986373536545,3.6254177602778377,,,,,,,,,,,,,,60,100,-60,,,,,,,,,,
1772323200,66939.6,76053.9,64935.7,68244.6,,83004.49242789218,83631.25423628249,2728909.402,0,-95,-99,-14.210817285031702,-0.11857170583958994,-14.092245579192111,1.8984651362129918,,,,,,,,,,,0.678630877799713,,,60,100,-60,,,,,,,,,,,0,-95,-99,-14.210817285031702,-0.11857170583958994,-14.092245579192111,1.8984651362129918,,,,,,,,,,,0.678630877799713,,,60,100,-60,,,,,,,,,,
1775001600,68244.6,79457.4,65666,76301,,82395.08402535653,82002.30885044194,2058232.959,0,-95,-99,-19.75986149844377,-12.181822702743927,-7.578038795699841,3.523656414053149,,,,,,,,,,,,,,60,100,-60,,,,,,,,,,,0,-95,-99,-19.75986149844377,-12.181822702743927,-7.578038795699841,3.523656414053149,,,,,,,,,,,,,,60,100,-60,,,,,,,,,,
1777593600,76301,82811,72460.7,73649.6,,81600.04002305139,80146.15132812152,1701863.243,0,-95,-99,-21.952638653339427,-18.641105812271633,-3.3115328410677947,4.542895870699247,,,,,,,,,,,,,,60,100,-60,,,,,,,,,,,0,-95,-99,-21.952638653339427,-18.641105812271633,-3.3115328410677947,4.542895870699247,,,,,,,,,,,,,,60,100,-60,,,,,,,,,,
1780272000,73649.6,74057.6,58042.6,58603.5,,79509.44547550127,75358.89547742784,2720012.349,0,-95,-99,-30.857426814168825,-24.18997565531734,-6.667451158851485,2.6378218514466756,,,,,,,,,,,,,,60,100,-60,,,,,,,,,,,0,-95,-99,-30.857426814168825,-24.18997565531734,-6.667451158851485,2.6378218514466756,,,,,,,,,,,,,,60,100,-60,,,,,,,,,,
1782864000,58603.5,66937.7,57755.8,64853.8,,78177.11406863751,73024.42981577721,1764725.992,0,-95,-99,-36.22244150041447,-29.67750232264091,-6.544939177773561,3.1175699367870404,,,,,,,,,,,,,,60,100,-60,,,,,,,,,,,0,-95,-99,-36.22244150041447,-29.67750232264091,-6.544939177773561,3.1175699367870404,,,,,,,,,,,,,,60,100,-60,,,,,,,,,,