armed_dt,direction,entry_price,touch_dt,regime_ratio,outcome_fixed_stop
2024-11-03 21:00 ET,bull,20183.75,2024-11-04 02:45 ET,,loss
2024-11-03 21:30 ET,bull,20214.0,2024-11-03 21:45 ET,,loss
2024-11-04 01:15 ET,bull,20238.0,2024-11-04 01:45 ET,,loss
2024-11-04 03:45 ET,bear,20169.0,2024-11-04 04:00 ET,,loss
2024-11-04 09:15 ET,bear,20132.5,2024-11-04 09:30 ET,,win
2024-11-04 12:00 ET,bear,20088.75,2024-11-04 12:15 ET,,loss
2024-11-05 04:15 ET,bull,20157.0,2024-11-05 04:30 ET,,loss
2024-11-06 07:45 ET,bull,20676.75,2024-11-06 08:00 ET,,win
2024-11-06 20:45 ET,bull,20902.5,2024-11-06 21:00 ET,,win
2024-11-07 08:15 ET,bull,20974.25,2024-11-07 08:30 ET,,win
2024-11-08 00:45 ET,bull,21250.25,2024-11-08 01:00 ET,,loss
2024-11-08 02:45 ET,bull,21239.5,2024-11-08 03:00 ET,,loss
2024-11-08 09:30 ET,bull,21186.25,2024-11-08 09:45 ET,,win
2024-11-08 12:45 ET,bull,21214.75,2024-11-08 13:00 ET,,win
2024-11-11 00:15 ET,bull,21292.5,2024-11-11 00:30 ET,,win
2024-11-11 02:30 ET,bull,21290.75,2024-11-11 03:45 ET,,win
2024-11-11 03:30 ET,bull,21308.5,2024-11-11 03:45 ET,,loss
2024-11-11 07:45 ET,bull,21323.5,2024-11-11 08:15 ET,,loss
2024-11-11 13:15 ET,bear,21143.0,2024-11-11 13:30 ET,,loss
2024-11-11 20:15 ET,bull,21229.5,2024-11-11 20:45 ET,,loss
2024-11-12 02:30 ET,bear,21202.5,2024-11-12 02:45 ET,,win
2024-11-12 13:00 ET,bear,21107.25,2024-11-12 13:15 ET,,loss
2024-11-13 00:45 ET,bear,21124.5,2024-11-13 01:00 ET,,loss
2024-11-13 01:15 ET,bear,21116.75,2024-11-13 01:45 ET,,loss
2024-11-13 20:15 ET,bear,21142.0,2024-11-13 20:30 ET,,win
2024-11-13 21:15 ET,bear,21132.0,2024-11-13 21:30 ET,,loss
2024-11-14 00:15 ET,bear,21120.75,2024-11-14 00:30 ET,,loss
2024-11-14 20:15 ET,bear,20910.0,2024-11-14 21:15 ET,0.5874,win
2024-11-15 12:00 ET,bear,20507.0,2024-11-15 12:15 ET,0.633,win
2024-11-17 20:00 ET,bull,20608.75,2024-11-17 20:45 ET,0.7028,win
2024-11-18 22:30 ET,bull,20674.25,2024-11-18 22:45 ET,0.1727,loss
2024-11-19 03:45 ET,bear,20637.75,2024-11-19 04:00 ET,0.416,win
2024-11-19 04:30 ET,bear,20552.5,2024-11-19 04:45 ET,0.6611,win
2024-11-19 14:00 ET,bull,20774.25,2024-11-19 14:15 ET,0.5062,loss
2024-11-19 19:30 ET,bull,20819.25,2024-11-19 19:45 ET,0.863,loss
2024-11-19 23:15 ET,bull,20795.25,2024-11-20 00:00 ET,0.3313,win
2024-11-20 07:15 ET,bull,20810.5,2024-11-20 07:30 ET,0.6131,loss
2024-11-20 10:15 ET,bear,20539.25,2024-11-20 10:30 ET,0.7364,loss
2024-11-21 02:30 ET,bear,20657.0,2024-11-21 02:45 ET,0.6569,loss
2024-11-21 07:15 ET,bull,20781.75,2024-11-21 07:30 ET,0.4359,win
2024-11-22 04:30 ET,bear,20726.5,2024-11-22 04:45 ET,0.7186,loss
2024-11-24 23:30 ET,bull,20964.5,2024-11-24 23:45 ET,0.3496,win
2024-11-25 22:30 ET,bull,20890.25,2024-11-25 23:00 ET,0.5066,win
2024-11-26 01:15 ET,bull,20889.25,2024-11-26 02:00 ET,0.69,win
2024-11-26 01:45 ET,bull,20903.75,2024-11-26 02:00 ET,0.69,loss
2024-11-26 06:00 ET,bull,20888.25,2024-11-26 06:15 ET,0.5937,win
2024-11-26 07:00 ET,bull,20927.0,2024-11-26 08:00 ET,0.4408,win
2024-11-26 21:30 ET,bull,21005.75,2024-11-26 21:45 ET,0.3226,loss
2024-11-27 10:30 ET,bear,20786.5,2024-11-27 13:15 ET,0.7184,loss
2024-11-28 02:15 ET,bull,20865.0,2024-11-28 02:30 ET,0.6485,win
2024-11-28 06:00 ET,bull,20858.75,2024-11-28 06:15 ET,0.6049,win
2024-11-28 07:00 ET,bull,20858.75,2024-11-28 08:30 ET,0.4383,win
2024-11-28 08:00 ET,bull,20870.5,2024-11-28 08:15 ET,0.8834,loss
2024-11-28 09:45 ET,bull,20883.5,2024-11-28 11:30 ET,1.0076,loss
2024-11-28 12:30 ET,bull,20895.25,2024-11-28 12:45 ET,0.6969,loss
2024-11-28 20:00 ET,bear,20845.0,2024-11-28 20:15 ET,0.6278,loss
2024-11-28 22:15 ET,bull,20910.25,2024-11-28 22:30 ET,0.6109,loss
2024-11-28 23:15 ET,bull,20928.25,2024-11-28 23:30 ET,0.4933,loss
2024-11-29 07:45 ET,bear,20862.5,2024-11-29 08:00 ET,0.3586,win
2024-11-29 08:45 ET,bear,20832.5,2024-11-29 09:00 ET,0.885,loss
2024-11-29 11:15 ET,bull,20978.5,2024-11-29 11:30 ET,0.4468,win
2024-12-02 08:15 ET,bull,21015.5,2024-12-02 08:30 ET,0.8752,win
2024-12-02 11:45 ET,bull,21215.5,2024-12-02 13:00 ET,0.3777,loss
2024-12-03 09:15 ET,bear,21178.75,2024-12-03 09:30 ET,1.1377,win
2024-12-03 22:00 ET,bull,21332.25,2024-12-03 22:15 ET,0.591,win
2024-12-04 04:15 ET,bull,21389.0,2024-12-04 04:30 ET,0.4273,win
2024-12-04 15:45 ET,bull,21530.5,2024-12-04 16:00 ET,0.5396,loss
2024-12-05 12:15 ET,bull,21549.75,2024-12-05 12:30 ET,0.5239,loss
2024-12-06 08:45 ET,bull,21487.0,2024-12-06 09:30 ET,0.2832,win
2024-12-06 10:15 ET,bull,21616.75,2024-12-06 10:45 ET,0.4622,loss
2024-12-06 13:15 ET,bull,21657.0,2024-12-06 13:30 ET,0.3964,loss
2024-12-09 02:45 ET,bull,21691.0,2024-12-09 03:00 ET,0.3498,loss
2024-12-09 05:00 ET,bear,21636.75,2024-12-09 05:30 ET,0.2883,win
2024-12-09 14:45 ET,bear,21479.0,2024-12-09 15:45 ET,0.2897,loss
2024-12-09 20:45 ET,bear,21470.0,2024-12-09 21:00 ET,0.4209,loss
2024-12-10 00:45 ET,bear,21472.25,2024-12-10 05:00 ET,0.4947,loss
2024-12-10 06:45 ET,bull,21507.75,2024-12-10 07:00 ET,0.3966,win
2024-12-11 11:30 ET,bull,21750.0,2024-12-11 11:45 ET,0.3733,win
2024-12-11 12:15 ET,bull,21770.75,2024-12-11 12:30 ET,0.2724,win
2024-12-12 05:30 ET,bull,21736.25,2024-12-12 06:00 ET,0.3863,loss
2024-12-12 08:45 ET,bear,21696.0,2024-12-12 09:00 ET,0.4274,win
2024-12-13 03:30 ET,bull,21751.25,2024-12-13 03:45 ET,0.2421,win
2024-12-13 14:00 ET,bull,21759.0,2024-12-13 16:15 ET,0.3745,win
2024-12-13 14:30 ET,bull,21796.75,2024-12-13 14:45 ET,0.3745,loss
2024-12-16 07:15 ET,bull,21870.0,2024-12-16 07:45 ET,0.4425,win
2024-12-16 11:15 ET,bull,22019.25,2024-12-16 11:30 ET,0.4284,win
2024-12-16 13:30 ET,bull,22108.5,2024-12-16 14:00 ET,0.499,win
2024-12-16 20:30 ET,bull,22404.0,2024-12-17 00:30 ET,0.2571,loss
2024-12-17 21:15 ET,bull,22322.75,2024-12-17 21:30 ET,0.1814,win
2024-12-17 23:45 ET,bull,22332.5,2024-12-18 00:00 ET,0.2795,win
2024-12-18 03:15 ET,bull,22341.0,2024-12-18 03:30 ET,0.2205,win
2024-12-18 04:45 ET,bull,22342.25,2024-12-18 08:30 ET,0.7006,loss
2024-12-18 06:15 ET,bull,22371.0,2024-12-18 06:45 ET,0.3159,loss
2024-12-18 11:15 ET,bear,22311.25,2024-12-18 11:30 ET,0.4097,win
2024-12-19 21:15 ET,bear,21247.25,2024-12-19 21:30 ET,0.3864,win
2024-12-19 22:45 ET,bear,21232.0,2024-12-19 23:00 ET,0.399,loss
2024-12-20 11:45 ET,bull,21704.0,2024-12-20 13:15 ET,0.408,loss
2024-12-23 12:45 ET,bull,21691.25,2024-12-23 13:00 ET,0.4291,win
2024-12-24 01:45 ET,bull,21760.75,2024-12-24 03:00 ET,0.5928,win
2024-12-24 04:15 ET,bull,21779.5,2024-12-24 04:30 ET,0.7078,win
2024-12-24 07:15 ET,bull,21790.25,2024-12-24 07:30 ET,0.8967,win
2024-12-24 11:15 ET,bull,21969.0,2024-12-24 11:30 ET,0.984,win
2024-12-25 22:30 ET,bull,22096.5,2024-12-25 23:15 ET,0.4978,loss
2024-12-26 03:30 ET,bear,22009.5,2024-12-26 10:30 ET,0.678,win
2024-12-26 19:30 ET,bear,21976.25,2024-12-26 19:45 ET,1.1324,win
2024-12-26 22:30 ET,bear,21953.75,2024-12-26 22:45 ET,0.6728,win
2024-12-27 01:15 ET,bear,21938.0,2024-12-27 01:45 ET,0.6246,win
2024-12-27 03:45 ET,bear,21915.0,2024-12-27 04:00 ET,0.8469,win
2024-12-27 10:15 ET,bear,21604.5,2024-12-27 10:45 ET,1.0866,win
2024-12-29 20:15 ET,bear,21705.25,2024-12-29 20:45 ET,0.6683,win
2024-12-30 00:45 ET,bear,21663.75,2024-12-30 01:00 ET,0.7001,win
2024-12-31 07:15 ET,bull,21506.5,2024-12-31 07:30 ET,1.4921,loss
2024-12-31 13:30 ET,bear,21251.0,2024-12-31 13:45 ET,0.6084,win
2025-01-02 12:45 ET,bear,21093.25,2025-01-02 14:00 ET,0.6009,win
2025-01-02 22:15 ET,bull,21245.0,2025-01-02 22:45 ET,0.6494,win
2025-01-03 11:45 ET,bull,21458.75,2025-01-03 12:00 ET,1.0307,win
2025-01-05 21:15 ET,bull,21501.5,2025-01-05 21:30 ET,0.5553,win
2025-01-06 01:45 ET,bull,21545.25,2025-01-06 02:00 ET,0.71,win
2025-01-06 04:15 ET,bull,21634.0,2025-01-06 04:30 ET,1.0282,win
2025-01-06 05:15 ET,bull,21673.5,2025-01-06 05:30 ET,0.4927,win
2025-01-06 06:30 ET,bull,21718.5,2025-01-06 06:45 ET,0.6942,win
2025-01-06 09:45 ET,bull,21789.75,2025-01-06 10:00 ET,0.9074,win
2025-01-06 21:00 ET,bull,21767.0,2025-01-06 21:30 ET,0.4187,loss
2025-01-07 00:30 ET,bear,21699.0,2025-01-07 00:45 ET,0.7593,loss
2025-01-07 12:00 ET,bear,21471.25,2025-01-07 12:15 ET,1.2883,win
2025-01-07 13:45 ET,bear,21453.0,2025-01-07 14:00 ET,0.7245,win
2025-01-08 06:45 ET,bear,21372.25,2025-01-08 08:15 ET,0.8565,win
2025-01-08 07:30 ET,bear,21297.75,2025-01-08 08:00 ET,1.2847,ambiguous
2025-01-09 03:00 ET,bear,21255.25,2025-01-09 03:15 ET,0.7735,loss
2025-01-09 19:15 ET,bear,21215.0,2025-01-09 19:30 ET,0.9279,loss
2025-01-10 11:15 ET,bear,20974.75,2025-01-10 11:45 ET,0.7346,win
2025-01-12 22:30 ET,bear,20886.0,2025-01-12 22:45 ET,0.5487,loss
2025-01-13 00:30 ET,bear,20885.0,2025-01-13 00:45 ET,0.8561,loss
2025-01-13 04:15 ET,bear,20741.25,2025-01-13 04:30 ET,0.7827,loss
2025-01-13 11:15 ET,bear,20779.75,2025-01-13 11:30 ET,0.8154,loss
2025-01-13 23:45 ET,bull,21038.75,2025-01-14 00:00 ET,0.6673,win
2025-01-14 03:45 ET,bull,21115.5,2025-01-14 04:00 ET,0.7404,loss
2025-01-14 21:45 ET,bear,20940.75,2025-01-14 22:15 ET,0.5151,loss
2025-01-15 02:45 ET,bear,20939.0,2025-01-15 03:00 ET,0.8736,loss
2025-01-15 06:45 ET,bull,20989.0,2025-01-15 07:15 ET,1.168,win
2025-01-15 08:45 ET,bull,21272.25,2025-01-15 09:00 ET,0.9797,loss
2025-01-15 14:30 ET,bull,21409.0,2025-01-15 14:45 ET,0.7549,win
2025-01-15 19:30 ET,bull,21428.25,2025-01-15 19:45 ET,0.9473,loss
2025-01-17 06:30 ET,bull,21348.0,2025-01-17 06:45 ET,1.0394,win
2025-01-17 13:15 ET,bull,21650.75,2025-01-17 13:30 ET,0.9006,loss
2025-01-20 09:45 ET,bull,21728.75,2025-01-20 10:00 ET,0.5071,loss
2025-01-20 20:00 ET,bear,21583.5,2025-01-20 20:15 ET,0.8636,win
2025-01-21 01:45 ET,bear,21602.25,2025-01-21 02:00 ET,1.1025,loss
2025-01-21 05:00 ET,bull,21702.5,2025-01-21 05:15 ET,0.4755,loss
2025-01-21 07:30 ET,bull,21687.0,2025-01-21 07:45 ET,1.003,win
2025-01-21 09:00 ET,bull,21713.25,2025-01-21 09:15 ET,0.4817,loss
2025-01-21 19:00 ET,bull,21805.0,2025-01-21 19:15 ET,2.3544,win
2025-01-21 22:15 ET,bull,21840.5,2025-01-22 01:45 ET,0.8835,win
2025-01-21 23:45 ET,bull,21863.0,2025-01-22 00:00 ET,0.5424,win
2025-01-23 01:45 ET,bear,21946.0,2025-01-23 02:00 ET,1.0571,win
2025-01-23 03:45 ET,bear,21887.75,2025-01-23 04:00 ET,0.8118,loss
2025-01-23 20:15 ET,bull,22020.0,2025-01-23 20:30 ET,1.252,loss
2025-01-23 21:30 ET,bull,22035.5,2025-01-23 22:15 ET,0.3301,loss
2025-01-24 09:15 ET,bull,22032.5,2025-01-24 09:30 ET,0.6131,win
2025-01-26 20:45 ET,bear,21532.25,2025-01-26 21:00 ET,1.1905,win
2025-01-27 01:45 ET,bear,21404.5,2025-01-27 02:00 ET,0.8408,win
2025-01-27 02:30 ET,bear,21355.0,2025-01-27 02:45 ET,1.1518,win
2025-01-27 03:15 ET,bear,21263.5,2025-01-27 03:30 ET,0.8265,win
2025-01-27 13:00 ET,bear,21189.25,2025-01-27 13:15 ET,0.8614,win
2025-01-28 04:00 ET,bull,21370.25,2025-01-28 04:15 ET,0.9014,win
2025-01-28 05:15 ET,bull,21403.75,2025-01-28 05:30 ET,2.4238,loss
2025-01-28 08:45 ET,bear,21306.25,2025-01-28 09:00 ET,1.1418,win
2025-01-29 01:15 ET,bull,21638.75,2025-01-29 04:00 ET,0.9708,win
2025-01-29 08:30 ET,bear,21591.25,2025-01-29 08:45 ET,1.1816,win
2025-01-29 09:45 ET,bear,21550.0,2025-01-29 10:00 ET,0.7819,win
2025-01-29 20:45 ET,bull,21648.0,2025-01-30 00:00 ET,1.1672,win
2025-01-30 21:00 ET,bull,21756.0,2025-01-30 21:15 ET,0.5558,win
2025-01-31 02:15 ET,bull,21785.5,2025-01-31 02:30 ET,1.1927,loss
2025-01-31 10:15 ET,bull,21872.75,2025-01-31 12:00 ET,0.9204,win
2025-02-02 21:15 ET,bear,21067.25,2025-02-03 00:45 ET,0.6606,loss
2025-02-02 21:45 ET,bear,21032.75,2025-02-02 22:15 ET,0.6606,win
2025-02-03 10:45 ET,bull,21383.0,2025-02-03 11:00 ET,0.9024,ambiguous
2025-02-03 14:15 ET,bull,21487.75,2025-02-03 14:30 ET,0.6647,loss
2025-02-04 00:15 ET,bear,21344.75,2025-02-04 00:30 ET,1.1054,loss
2025-02-04 03:45 ET,bear,21364.75,2025-02-04 04:00 ET,0.8702,loss
2025-02-04 10:15 ET,bull,21615.0,2025-02-04 12:15 ET,1.0828,loss
2025-02-04 13:30 ET,bull,21629.25,2025-02-04 13:45 ET,0.7231,win
2025-02-04 14:15 ET,bull,21650.25,2025-02-04 14:45 ET,0.6617,ambiguous
2025-02-05 01:45 ET,bear,21522.75,2025-02-05 03:00 ET,1.1127,win
2025-02-05 03:45 ET,bear,21483.75,2025-02-05 04:00 ET,0.9309,win
2025-02-05 04:45 ET,bear,21457.25,2025-02-05 05:00 ET,0.7578,loss
2025-02-05 14:15 ET,bull,21715.0,2025-02-05 14:30 ET,0.6387,win
2025-02-05 19:15 ET,bull,21780.25,2025-02-05 19:30 ET,1.035,win
2025-02-05 21:30 ET,bull,21777.0,2025-02-05 22:00 ET,0.9001,win
2025-02-05 23:30 ET,bull,21790.0,2025-02-06 02:45 ET,0.618,loss
2025-02-06 00:30 ET,bull,21817.0,2025-02-06 01:30 ET,1.5086,loss
2025-02-06 11:15 ET,bull,21794.25,2025-02-06 11:30 ET,0.8594,loss
2025-02-06 13:00 ET,bull,21798.5,2025-02-06 14:15 ET,0.719,loss
2025-02-06 20:45 ET,bull,21888.0,2025-02-06 21:00 ET,1.089,loss
2025-02-07 11:00 ET,bear,21728.0,2025-02-07 11:15 ET,0.8604,win
2025-02-07 15:15 ET,bear,21591.75,2025-02-07 15:30 ET,0.8188,win
2025-02-09 23:00 ET,bull,21687.25,2025-02-09 23:45 ET,0.7069,win
2025-02-10 06:30 ET,bull,21739.25,2025-02-10 06:45 ET,1.1608,win
2025-02-10 08:45 ET,bull,21765.0,2025-02-10 09:15 ET,0.387,win
2025-02-10 13:00 ET,bull,21857.5,2025-02-10 14:00 ET,0.6781,loss
2025-02-10 21:30 ET,bear,21770.25,2025-02-10 22:15 ET,0.8315,win
2025-02-11 03:00 ET,bear,21749.0,2025-02-11 03:15 ET,0.8769,win
2025-02-11 05:45 ET,bear,21746.5,2025-02-11 06:00 ET,0.6131,win
2025-02-11 14:45 ET,bull,21823.25,2025-02-11 15:00 ET,0.7276,loss
2025-02-11 23:45 ET,bear,21783.5,2025-02-12 00:00 ET,0.5932,win
2025-02-12 00:30 ET,bear,21775.5,2025-02-12 00:45 ET,1.4783,loss
2025-02-12 04:15 ET,bear,21768.5,2025-02-12 04:30 ET,0.5704,loss
2025-02-12 08:00 ET,bull,21825.0,2025-02-12 08:15 ET,0.424,loss
2025-02-12 13:00 ET,bull,21793.0,2025-02-12 13:15 ET,0.6973,win
2025-02-12 19:45 ET,bull,21892.5,2025-02-12 20:00 ET,0.6296,loss
2025-02-12 22:30 ET,bull,21900.25,2025-02-13 00:30 ET,0.5172,loss
2025-02-12 23:15 ET,bull,21915.0,2025-02-12 23:45 ET,0.5691,loss
2025-02-13 03:30 ET,bear,21794.25,2025-02-13 03:45 ET,0.8311,loss
2025-02-13 08:45 ET,bull,21852.25,2025-02-13 09:30 ET,1.1422,win
2025-02-13 10:45 ET,bull,22024.25,2025-02-13 11:15 ET,1.1396,loss
2025-02-14 13:45 ET,bull,22184.0,2025-02-14 14:00 ET,0.6772,win
2025-02-16 20:45 ET,bull,22243.25,2025-02-16 21:00 ET,0.7128,loss
2025-02-16 21:30 ET,bull,22261.0,2025-02-16 22:30 ET,0.5432,loss
2025-02-17 09:45 ET,bear,22217.0,2025-02-17 10:00 ET,0.4545,loss
2025-02-17 22:00 ET,bull,22253.5,2025-02-18 00:45 ET,0.5329,win
2025-02-18 01:45 ET,bull,22293.0,2025-02-18 03:00 ET,0.6269,loss
2025-02-18 10:00 ET,bear,22205.25,2025-02-18 10:15 ET,0.7394,win
2025-02-18 20:00 ET,bull,22274.0,2025-02-18 20:15 ET,0.5915,loss
2025-02-18 21:45 ET,bull,22280.0,2025-02-18 22:30 ET,0.4178,loss
2025-02-20 07:45 ET,bull,22193.25,2025-02-20 08:00 ET,0.3883,loss
2025-02-20 13:00 ET,bear,22068.5,2025-02-20 13:45 ET,0.285,loss
2025-02-21 04:45 ET,bull,22163.25,2025-02-21 05:00 ET,0.5022,win
2025-02-21 14:30 ET,bear,21723.25,2025-02-23 18:00 ET,0.5351,win
2025-02-24 10:00 ET,bear,21580.75,2025-02-24 10:15 ET,0.5242,win
2025-02-24 21:30 ET,bear,21437.75,2025-02-24 21:45 ET,0.5153,win
2025-02-25 02:30 ET,bear,21381.75,2025-02-25 03:00 ET,0.6,win
2025-02-25 08:00 ET,bull,21417.75,2025-02-25 08:15 ET,1.1467,loss
2025-02-25 10:30 ET,bear,21125.75,2025-02-25 10:45 ET,0.5689,win
2025-02-26 11:15 ET,bull,21359.25,2025-02-26 11:30 ET,0.6099,win
2025-02-26 19:30 ET,bear,21163.5,2025-02-26 19:45 ET,0.4071,win
2025-02-27 01:30 ET,bull,21270.25,2025-02-27 03:00 ET,0.5826,win
2025-02-27 02:30 ET,bull,21307.25,2025-02-27 02:45 ET,0.9912,loss
2025-02-27 07:15 ET,bull,21347.75,2025-02-27 07:45 ET,0.4862,loss
2025-02-27 12:00 ET,bear,21029.5,2025-02-27 12:15 ET,0.7887,win
2025-02-27 21:45 ET,bear,20601.0,2025-02-27 23:15 ET,0.3329,win
2025-03-03 07:15 ET,bull,21072.0,2025-03-03 07:30 ET,0.6278,ambiguous
2025-03-04 07:30 ET,bear,20371.5,2025-03-04 07:45 ET,0.6372,win
2025-03-04 14:15 ET,bull,20535.75,2025-03-04 15:30 ET,1.4934,ambiguous
2025-03-04 15:15 ET,bull,20641.75,2025-03-04 15:30 ET,1.4238,loss
2025-03-05 11:15 ET,bear,20309.25,2025-03-05 11:45 ET,0.6613,ambiguous
2025-03-05 14:15 ET,bull,20632.25,2025-03-05 14:30 ET,1.6094,win
2025-03-06 07:15 ET,bear,20408.5,2025-03-06 07:30 ET,1.3358,win
2025-03-06 22:15 ET,bear,20186.0,2025-03-06 23:00 ET,0.9474,win
2025-03-07 01:00 ET,bear,20157.25,2025-03-07 02:00 ET,0.6588,loss
2025-03-07 11:45 ET,bear,19842.5,2025-03-07 12:00 ET,1.0303,ambiguous
2025-03-10 13:45 ET,bear,19483.0,2025-03-10 14:00 ET,1.3069,win
2025-03-10 15:00 ET,bear,19367.0,2025-03-10 15:15 ET,1.5998,loss
2025-03-10 19:30 ET,bear,19321.75,2025-03-10 19:45 ET,1.365,win
2025-03-10 21:00 ET,bear,19226.0,2025-03-10 21:30 ET,0.9281,loss
2025-03-12 05:00 ET,bull,19528.75,2025-03-12 05:15 ET,0.8364,win
2025-03-12 06:45 ET,bull,19542.25,2025-03-12 10:30 ET,0.8422,win
2025-03-12 08:45 ET,bull,19642.5,2025-03-12 09:45 ET,0.4752,ambiguous
2025-03-12 19:15 ET,bull,19638.5,2025-03-12 21:00 ET,1.2656,loss
2025-03-12 20:00 ET,bull,19678.5,2025-03-12 20:15 ET,1.3201,loss
2025-03-12 23:45 ET,bear,19535.5,2025-03-13 00:00 ET,1.0191,win
2025-03-13 00:45 ET,bear,19499.25,2025-03-13 01:15 ET,1.3668,win
2025-03-13 20:45 ET,bull,19397.75,2025-03-13 21:00 ET,1.3116,win
2025-03-14 14:45 ET,bull,19652.0,2025-03-14 15:30 ET,2.0544,win
2025-03-16 19:00 ET,bear,19580.75,2025-03-16 19:15 ET,1.3591,loss
2025-03-17 02:30 ET,bear,19578.0,2025-03-17 02:45 ET,1.3441,loss
2025-03-17 07:15 ET,bull,19692.5,2025-03-17 07:30 ET,1.3367,ambiguous
2025-03-17 08:45 ET,bull,19741.25,2025-03-17 09:00 ET,0.9114,loss
2025-03-17 14:45 ET,bull,19924.0,2025-03-17 15:00 ET,1.9995,loss
2025-03-18 04:30 ET,bull,20014.0,2025-03-18 04:45 ET,1.492,loss
2025-03-18 09:00 ET,bear,19918.75,2025-03-18 09:15 ET,0.9472,win
2025-03-19 03:45 ET,bear,19691.25,2025-03-19 04:00 ET,0.8731,loss
2025-03-19 22:30 ET,bull,20058.75,2025-03-19 22:45 ET,1.8108,loss
2025-03-19 23:15 ET,bull,20079.75,2025-03-19 23:30 ET,1.4099,loss
2025-03-20 06:30 ET,bear,19812.5,2025-03-20 06:45 ET,0.7806,win
2025-03-20 14:30 ET,bear,19842.75,2025-03-20 14:45 ET,1.8588,loss
2025-03-20 19:15 ET,bear,19864.25,2025-03-20 19:30 ET,1.0593,loss
2025-03-20 22:30 ET,bear,19907.5,2025-03-20 22:45 ET,1.8436,win
2025-03-20 23:15 ET,bear,19895.75,2025-03-21 03:00 ET,1.4083,win
2025-03-21 01:45 ET,bear,19851.0,2025-03-21 02:00 ET,0.6506,loss
2025-03-21 03:45 ET,bear,19845.5,2025-03-21 04:00 ET,0.7735,win
2025-03-21 06:45 ET,bear,19810.0,2025-03-21 07:00 ET,1.3545,win
2025-03-24 01:15 ET,bull,20119.0,2025-03-24 01:30 ET,0.6236,win
2025-03-24 04:15 ET,bull,20193.5,2025-03-24 05:30 ET,1.4858,win
2025-03-24 06:45 ET,bull,20213.25,2025-03-24 07:00 ET,1.3508,win
2025-03-24 07:15 ET,bull,20235.25,2025-03-24 07:30 ET,0.638,win
2025-03-24 08:45 ET,bull,20261.5,2025-03-24 09:15 ET,1.0366,win
2025-03-24 19:45 ET,bull,20354.0,2025-03-24 20:00 ET,1.1195,loss
2025-03-24 21:00 ET,bull,20359.75,2025-03-24 21:30 ET,0.7228,loss
2025-03-25 08:00 ET,bull,20403.75,2025-03-25 08:45 ET,1.0355,win
2025-03-25 10:45 ET,bull,20461.0,2025-03-25 11:30 ET,1.0844,loss
2025-03-26 06:00 ET,bear,20448.0,2025-03-26 06:15 ET,1.4202,loss
2025-03-26 07:45 ET,bull,20481.5,2025-03-26 08:00 ET,0.6182,loss
2025-03-26 12:00 ET,bear,20205.25,2025-03-26 12:15 ET,1.1664,win
2025-03-27 19:15 ET,bear,19973.5,2025-03-27 19:30 ET,0.6479,win
2025-03-28 12:30 ET,bear,19531.75,2025-03-28 12:45 ET,1.2295,win
2025-03-30 20:15 ET,bear,19198.0,2025-03-30 20:30 ET,0.6091,loss
2025-03-31 09:45 ET,bear,19127.5,2025-03-31 10:00 ET,1.0712,win
2025-03-31 22:30 ET,bull,19362.5,2025-03-31 23:30 ET,0.7873,win
2025-03-31 23:00 ET,bull,19373.75,2025-03-31 23:15 ET,0.7702,win
2025-04-01 19:30 ET,bull,19650.5,2025-04-01 19:45 ET,0.9228,loss
2025-04-02 11:30 ET,bull,19665.75,2025-04-02 11:45 ET,1.1049,loss
2025-04-03 09:00 ET,bear,18897.5,2025-04-03 09:15 ET,0.9725,loss
2025-04-03 11:00 ET,bear,18827.5,2025-04-03 11:15 ET,0.9533,loss
2025-04-03 23:15 ET,bear,18615.5,2025-04-04 01:30 ET,0.6525,win
2025-04-03 23:45 ET,bear,18568.25,2025-04-04 00:00 ET,0.6525,win
2025-04-04 07:30 ET,bear,18043.75,2025-04-04 07:45 ET,0.7495,ambiguous
2025-04-04 10:45 ET,bear,17905.75,2025-04-04 11:00 ET,1.3529,ambiguous
2025-04-04 12:30 ET,bear,17845.25,2025-04-04 13:45 ET,1.2644,win
2025-04-07 06:15 ET,bull,17046.5,2025-04-07 06:30 ET,4.5748,win
2025-04-07 10:15 ET,bull,17340.0,2025-04-07 10:30 ET,1.7634,ambiguous
2025-04-07 20:15 ET,bull,17804.5,2025-04-07 20:30 ET,1.4696,loss
2025-04-08 03:30 ET,bull,17827.0,2025-04-08 03:45 ET,1.4338,win
2025-04-08 06:45 ET,bull,17762.25,2025-04-08 07:15 ET,5.3754,win
2025-04-08 08:00 ET,bull,17968.5,2025-04-08 08:15 ET,0.9977,win
2025-04-08 10:15 ET,bull,18277.25,2025-04-08 10:30 ET,2.3259,ambiguous
2025-04-08 15:15 ET,bear,17315.75,2025-04-08 16:00 ET,1.2627,win
2025-04-08 19:30 ET,bear,16949.0,2025-04-08 19:45 ET,1.2513,ambiguous
2025-04-08 23:45 ET,bear,16974.5,2025-04-09 00:00 ET,1.5858,ambiguous
2025-04-09 05:00 ET,bull,17306.0,2025-04-09 05:15 ET,1.6212,win
2025-04-09 09:45 ET,bull,17303.5,2025-04-09 10:45 ET,1.4277,ambiguous
2025-04-09 12:15 ET,bull,17440.25,2025-04-09 12:30 ET,2.2625,win
2025-04-11 02:15 ET,bull,18730.25,2025-04-11 02:30 ET,3.106,loss
2025-04-11 12:45 ET,bull,18721.75,2025-04-11 13:00 ET,2.773,win
2025-04-11 13:45 ET,bull,18740.75,2025-04-11 14:15 ET,6.025,win
2025-04-13 19:15 ET,bull,19012.25,2025-04-13 19:30 ET,2.072,win
2025-04-13 22:15 ET,bull,19029.25,2025-04-13 23:00 ET,1.7199,win
2025-04-14 01:00 ET,bull,19106.75,2025-04-14 01:15 ET,3.3143,win
2025-04-14 02:45 ET,bull,19115.25,2025-04-14 03:00 ET,3.0805,win
2025-04-14 08:45 ET,bull,19163.5,2025-04-14 09:30 ET,1.3737,ambiguous
2025-04-15 03:15 ET,bull,18992.0,2025-04-15 04:00 ET,3.538,loss
2025-04-15 06:15 ET,bull,18986.5,2025-04-15 06:30 ET,5.3829,loss
2025-04-15 09:45 ET,bull,19035.25,2025-04-15 10:15 ET,1.7864,ambiguous
2025-04-15 20:15 ET,bear,18696.5,2025-04-15 21:00 ET,2.4971,win
2025-04-16 01:30 ET,bear,18554.0,2025-04-16 02:15 ET,3.4368,loss
2025-04-16 12:00 ET,bear,18599.0,2025-04-16 12:15 ET,2.9849,win
2025-04-16 14:00 ET,bear,18369.75,2025-04-16 14:15 ET,2.0716,win
2025-04-16 15:15 ET,bear,18199.75,2025-04-16 15:30 ET,2.5067,ambiguous
2025-04-17 00:00 ET,bull,18530.25,2025-04-17 00:15 ET,2.5012,win
2025-04-17 01:45 ET,bull,18537.0,2025-04-17 02:00 ET,3.9513,win
2025-04-17 03:30 ET,bull,18597.0,2025-04-17 04:00 ET,3.5604,loss
2025-04-17 10:30 ET,bear,18356.0,2025-04-17 10:45 ET,2.2931,win
2025-04-17 15:15 ET,bear,18407.5,2025-04-17 15:30 ET,2.5529,win
2025-04-20 21:15 ET,bear,18288.0,2025-04-20 21:30 ET,3.7721,win
2025-04-20 22:45 ET,bear,18227.5,2025-04-20 23:00 ET,1.5949,win
2025-04-21 00:45 ET,bear,18225.5,2025-04-21 01:00 ET,2.4663,win
2025-04-21 02:45 ET,bear,18226.25,2025-04-21 03:00 ET,3.0877,win
2025-04-21 03:15 ET,bear,18188.0,2025-04-21 03:45 ET,3.5641,win
2025-04-21 07:30 ET,bear,18119.75,2025-04-21 08:00 ET,3.4123,ambiguous
2025-04-21 13:15 ET,bear,17776.0,2025-04-21 14:30 ET,6.0703,win
2025-04-22 03:00 ET,bull,18092.25,2025-04-22 03:15 ET,3.6215,loss
2025-04-22 04:45 ET,bull,18094.5,2025-04-22 05:15 ET,2.8234,loss
2025-04-22 09:00 ET,bull,18125.25,2025-04-22 09:15 ET,1.9892,win
2025-04-23 01:45 ET,bull,18730.5,2025-04-23 03:00 ET,3.4056,win
2025-04-23 04:15 ET,bull,18807.75,2025-04-23 11:45 ET,2.3687,win
2025-04-23 06:00 ET,bull,18838.75,2025-04-23 11:45 ET,1.0066,win
2025-04-23 07:00 ET,bull,18911.75,2025-04-23 07:15 ET,3.3836,loss
2025-04-23 09:45 ET,bull,18991.25,2025-04-23 10:00 ET,1.9905,win
2025-04-24 02:00 ET,bear,18737.5,2025-04-24 02:15 ET,2.0787,win
2025-04-24 04:45 ET,bear,18633.25,2025-04-24 05:00 ET,2.4005,loss
2025-04-24 10:30 ET,bull,19106.75,2025-04-24 10:45 ET,1.214,win
2025-04-24 12:30 ET,bull,19220.25,2025-04-24 12:45 ET,1.5894,win
2025-04-24 14:45 ET,bull,19291.75,2025-04-24 15:00 ET,1.3167,loss
2025-04-24 20:30 ET,bull,19428.75,2025-04-24 20:45 ET,2.108,loss
2025-04-25 07:45 ET,bear,19266.25,2025-04-25 08:00 ET,1.1084,win
2025-04-27 23:00 ET,bear,19422.25,2025-04-28 00:15 ET,2.2003,loss
2025-04-28 12:15 ET,bear,19325.0,2025-04-28 12:30 ET,1.3085,win
2025-04-28 21:00 ET,bull,19544.0,2025-04-28 21:15 ET,1.1358,win
2025-04-28 22:15 ET,bull,19602.0,2025-04-28 22:30 ET,1.3413,loss
2025-04-29 04:45 ET,bull,19579.0,2025-04-29 05:00 ET,1.7973,loss
2025-04-29 09:15 ET,bear,19430.5,2025-04-29 09:30 ET,1.3486,loss
2025-04-29 14:00 ET,bull,19650.0,2025-04-29 14:15 ET,1.0951,win
2025-04-29 21:00 ET,bear,19539.75,2025-04-29 21:15 ET,1.243,win
2025-04-29 21:45 ET,bear,19522.75,2025-04-29 22:00 ET,1.243,loss
2025-04-30 03:15 ET,bull,19573.5,2025-04-30 03:30 ET,1.4411,win
2025-04-30 05:30 ET,bull,19603.25,2025-04-30 05:45 ET,0.9451,loss
2025-04-30 08:45 ET,bear,19306.75,2025-04-30 09:15 ET,0.757,win
2025-04-30 22:30 ET,bull,19936.0,2025-04-30 22:45 ET,1.1464,win
2025-04-30 23:45 ET,bull,19953.75,2025-05-01 00:00 ET,1.4358,loss
2025-05-01 11:15 ET,bull,20073.5,2025-05-01 11:30 ET,1.2365,loss
2025-05-01 21:00 ET,bull,19914.25,2025-05-01 22:15 ET,1.1395,win
2025-05-02 03:15 ET,bull,19935.0,2025-05-02 03:30 ET,1.2476,loss
2025-05-02 12:15 ET,bull,20219.5,2025-05-02 13:00 ET,0.9616,win
2025-05-04 19:45 ET,bear,20089.75,2025-05-04 20:00 ET,1.1622,win
2025-05-04 22:00 ET,bear,20025.5,2025-05-04 22:15 ET,1.1676,loss
2025-05-05 05:00 ET,bear,20011.5,2025-05-05 05:15 ET,0.8399,win
2025-05-05 07:45 ET,bear,19989.75,2025-05-05 08:00 ET,0.9632,loss
2025-05-05 14:15 ET,bull,20155.75,2025-05-05 14:45 ET,0.9131,loss
2025-05-05 21:45 ET,bear,19968.75,2025-05-05 22:00 ET,1.3735,win
2025-05-05 22:15 ET,bear,19950.0,2025-05-05 22:30 ET,0.938,win
2025-05-06 05:15 ET,bear,19848.25,2025-05-06 05:30 ET,0.8271,loss
2025-05-06 07:30 ET,bear,19874.5,2025-05-06 10:15 ET,0.7989,win
2025-05-06 20:45 ET,bull,20080.5,2025-05-06 21:00 ET,1.5988,loss
2025-05-07 08:15 ET,bear,19950.75,2025-05-07 08:45 ET,1.4633,win
2025-05-07 09:15 ET,bear,19911.75,2025-05-07 09:30 ET,1.1324,win
2025-05-07 23:30 ET,bull,20143.5,2025-05-08 02:00 ET,0.985,win
2025-05-08 04:30 ET,bull,20201.5,2025-05-08 07:30 ET,0.6731,loss
2025-05-09 08:45 ET,bull,20225.75,2025-05-09 09:15 ET,1.3318,win
2025-05-11 19:30 ET,bull,20450.5,2025-05-11 19:45 ET,0.6227,win
2025-05-11 21:15 ET,bull,20526.25,2025-05-11 21:30 ET,1.2646,win
2025-05-12 01:45 ET,bull,20546.75,2025-05-12 02:00 ET,0.8556,win
2025-05-12 05:00 ET,bull,20874.0,2025-05-12 09:30 ET,0.605,ambiguous
2025-05-12 13:15 ET,bull,20884.0,2025-05-12 15:00 ET,0.8759,win
2025-05-13 10:15 ET,bull,21195.5,2025-05-13 10:30 ET,1.1479,win
2025-05-13 11:30 ET,bull,21272.75,2025-05-13 11:45 ET,1.2494,win
2025-05-13 12:45 ET,bull,21318.5,2025-05-13 13:00 ET,0.866,loss
2025-05-14 03:00 ET,bull,21336.75,2025-05-14 03:15 ET,1.7086,loss
2025-05-14 07:30 ET,bull,21351.25,2025-05-14 07:45 ET,0.7568,win
2025-05-14 20:00 ET,bull,21372.25,2025-05-14 20:15 ET,1.4771,loss
2025-05-14 22:45 ET,bull,21399.75,2025-05-14 23:00 ET,0.944,loss
2025-05-15 01:45 ET,bear,21334.25,2025-05-15 02:00 ET,0.9379,win
2025-05-15 21:00 ET,bear,21370.0,2025-05-15 21:30 ET,1.202,loss
2025-05-16 14:45 ET,bull,21474.0,2025-05-16 15:30 ET,0.7097,loss
2025-05-18 23:15 ET,bear,21250.5,2025-05-19 01:45 ET,1.2211,win
2025-05-18 23:45 ET,bear,21215.25,2025-05-19 00:00 ET,1.2211,loss
2025-05-19 13:15 ET,bull,21516.75,2025-05-19 13:30 ET,0.5434,loss
2025-05-20 14:30 ET,bear,21386.0,2025-05-20 15:15 ET,0.7115,loss
2025-05-21 05:45 ET,bear,21285.75,2025-05-21 06:45 ET,0.7217,loss
2025-05-21 11:15 ET,bull,21498.75,2025-05-21 11:30 ET,0.9538,win
2025-05-21 15:15 ET,bear,21150.75,2025-05-21 15:30 ET,0.7446,ambiguous
2025-05-21 21:30 ET,bear,21187.0,2025-05-21 21:45 ET,0.8491,loss
2025-05-22 10:00 ET,bull,21261.75,2025-05-22 10:15 ET,0.6746,loss
2025-05-22 19:00 ET,bear,21163.5,2025-05-22 19:15 ET,0.6733,loss
2025-05-23 02:15 ET,bear,21125.5,2025-05-23 02:30 ET,0.7251,loss
2025-05-25 23:15 ET,bull,21212.5,2025-05-25 23:30 ET,0.8701,win
2025-05-26 00:45 ET,bull,21216.75,2025-05-26 01:00 ET,0.6323,win
2025-05-26 04:00 ET,bull,21269.25,2025-05-26 04:15 ET,0.7809,loss
2025-05-26 21:15 ET,bear,21197.0,2025-05-26 21:30 ET,0.7172,win
2025-05-27 02:45 ET,bull,21240.5,2025-05-27 03:00 ET,0.8791,win
2025-05-27 12:15 ET,bull,21410.0,2025-05-27 12:30 ET,0.5116,win
2025-05-27 12:45 ET,bull,21429.75,2025-05-27 15:15 ET,0.5116,win
2025-05-27 14:00 ET,bull,21466.5,2025-05-27 14:15 ET,0.6326,loss
2025-05-28 19:15 ET,bull,21706.25,2025-05-28 19:30 ET,0.4468,win
2025-05-29 01:30 ET,bull,21801.75,2025-05-29 01:45 ET,0.928,loss
2025-05-29 04:00 ET,bull,21820.25,2025-05-29 04:15 ET,0.5009,loss
2025-05-29 10:15 ET,bear,21462.25,2025-05-29 10:30 ET,0.4571,loss
2025-05-29 12:00 ET,bear,21409.25,2025-05-29 12:15 ET,0.4885,loss
2025-05-29 21:15 ET,bear,21328.0,2025-05-29 21:30 ET,0.7399,loss
2025-05-29 23:30 ET,bear,21348.5,2025-05-29 23:45 ET,0.867,loss
2025-05-30 08:15 ET,bear,21333.5,2025-05-30 08:30 ET,0.5141,win
2025-05-30 12:45 ET,bear,21142.0,2025-05-30 13:00 ET,0.599,ambiguous
2025-06-01 23:15 ET,bear,21258.75,2025-06-02 03:00 ET,0.8497,win
2025-06-03 11:00 ET,bull,21652.25,2025-06-03 14:00 ET,0.7732,win
2025-06-03 12:45 ET,bull,21730.0,2025-06-03 13:30 ET,1.2087,loss
2025-06-04 07:00 ET,bull,21735.75,2025-06-04 07:15 ET,2.4622,loss
2025-06-04 13:15 ET,bull,21765.75,2025-06-04 13:30 ET,1.0747,loss
2025-06-04 20:30 ET,bull,21756.5,2025-06-04 20:45 ET,0.6,win
2025-06-05 11:30 ET,bull,21903.75,2025-06-05 11:45 ET,0.7437,loss
2025-06-05 13:00 ET,bear,21758.75,2025-06-05 13:15 ET,1.0822,win
2025-06-05 14:15 ET,bear,21713.25,2025-06-05 14:30 ET,0.7816,win
2025-06-06 08:45 ET,bull,21748.0,2025-06-06 09:00 ET,0.3336,win
2025-06-06 14:15 ET,bull,21838.0,2025-06-06 14:30 ET,0.677,loss
2025-06-09 21:45 ET,bull,21955.5,2025-06-09 22:00 ET,0.6187,loss
2025-06-10 07:15 ET,bear,21826.5,2025-06-10 07:30 ET,0.6787,loss
2025-06-11 08:45 ET,bull,22012.25,2025-06-11 09:00 ET,0.4718,loss
2025-06-11 13:15 ET,bull,21991.0,2025-06-11 13:30 ET,0.523,loss
2025-06-11 19:00 ET,bear,21843.75,2025-06-11 19:30 ET,1.7157,win
2025-06-11 21:30 ET,bear,21782.25,2025-06-11 21:45 ET,0.9705,loss
2025-06-12 04:00 ET,bear,21787.5,2025-06-12 04:45 ET,0.5412,loss
2025-06-12 08:45 ET,bull,21821.0,2025-06-12 09:30 ET,0.5819,win
2025-06-12 09:45 ET,bull,21843.25,2025-06-12 10:00 ET,0.625,win
2025-06-12 22:45 ET,bear,21533.25,2025-06-12 23:00 ET,0.3679,loss
2025-06-15 19:45 ET,bull,21892.75,2025-06-15 20:15 ET,0.8662,win
2025-06-16 04:45 ET,bull,22001.0,2025-06-16 05:00 ET,0.4199,loss
2025-06-16 13:30 ET,bull,22181.0,2025-06-16 13:45 ET,0.4338,loss
2025-06-17 14:00 ET,bear,21976.75,2025-06-17 14:45 ET,0.6653,win
2025-06-18 01:00 ET,bull,21978.5,2025-06-18 01:45 ET,1.049,win
2025-06-18 05:15 ET,bull,22045.25,2025-06-18 05:30 ET,0.6203,loss
2025-06-18 20:15 ET,bear,21897.75,2025-06-18 20:30 ET,2.0127,win
2025-06-18 21:15 ET,bear,21861.25,2025-06-18 21:30 ET,0.9629,loss
2025-06-19 03:30 ET,bear,21840.0,2025-06-19 05:00 ET,0.7622,win
2025-06-19 07:15 ET,bear,21815.0,2025-06-19 07:45 ET,0.6824,win
2025-06-19 08:45 ET,bear,21778.0,2025-06-19 09:15 ET,0.6037,win
2025-06-19 10:00 ET,bear,21715.0,2025-06-19 10:15 ET,0.4554,loss
2025-06-19 23:30 ET,bull,21901.75,2025-06-19 23:45 ET,0.9518,win
2025-06-20 02:15 ET,bull,21924.5,2025-06-20 02:30 ET,0.4966,loss
2025-06-20 09:00 ET,bull,22026.0,2025-06-20 09:15 ET,0.5523,win
2025-06-20 11:00 ET,bear,21855.0,2025-06-20 11:15 ET,0.4947,loss
2025-06-20 13:30 ET,bear,21821.5,2025-06-20 13:45 ET,0.4805,loss
2025-06-20 15:00 ET,bear,21834.5,2025-06-20 15:45 ET,0.4389,loss
2025-06-22 20:15 ET,bear,21730.5,2025-06-22 20:30 ET,2.013,loss
2025-06-23 03:45 ET,bull,21883.0,2025-06-23 04:00 ET,0.7335,win
2025-06-23 10:15 ET,bull,21962.5,2025-06-23 10:45 ET,0.7392,win
2025-06-23 23:30 ET,bull,22240.25,2025-06-24 00:00 ET,0.9341,win
2025-06-24 01:45 ET,bull,22283.0,2025-06-24 03:30 ET,1.2257,win
2025-06-24 20:00 ET,bull,22413.5,2025-06-24 20:30 ET,1.9724,win
2025-06-25 00:30 ET,bull,22417.25,2025-06-25 00:45 ET,0.6684,win
2025-06-25 08:00 ET,bull,22481.5,2025-06-25 08:15 ET,0.6365,win
2025-06-25 22:15 ET,bull,22472.5,2025-06-25 22:30 ET,1.0491,win
2025-06-26 03:00 ET,bull,22527.0,2025-06-26 03:15 ET,0.8998,win
2025-06-26 04:30 ET,bull,22561.0,2025-06-26 04:45 ET,0.6067,loss
2025-06-26 14:15 ET,bull,22670.5,2025-06-26 14:30 ET,0.6542,win
2025-06-27 02:45 ET,bull,22731.75,2025-06-27 03:00 ET,0.6808,win
2025-06-27 11:45 ET,bull,22806.75,2025-06-27 12:00 ET,0.5254,loss
2025-06-29 19:00 ET,bull,22817.0,2025-06-29 19:30 ET,0.885,win
2025-06-29 22:45 ET,bull,22853.0,2025-06-30 03:15 ET,0.515,win
2025-06-30 02:15 ET,bull,22891.25,2025-06-30 02:30 ET,0.6571,loss
2025-06-30 05:30 ET,bull,22901.25,2025-06-30 05:45 ET,0.5515,loss
2025-06-30 19:45 ET,bull,22875.5,2025-06-30 22:45 ET,0.821,loss
2025-06-30 20:15 ET,bull,22887.75,2025-06-30 21:15 ET,0.9754,loss
2025-07-02 00:30 ET,bull,22766.5,2025-07-02 01:00 ET,0.377,loss
2025-07-02 06:45 ET,bear,22689.5,2025-07-02 07:00 ET,0.6909,win
2025-07-02 08:45 ET,bear,22620.5,2025-07-02 09:00 ET,0.4607,loss
2025-07-02 21:30 ET,bull,22852.75,2025-07-02 21:45 ET,0.6645,win
2025-07-03 10:15 ET,bull,23037.5,2025-07-03 10:45 ET,0.7478,win
2025-07-03 11:15 ET,bull,23056.5,2025-07-03 12:45 ET,0.4231,loss
2025-07-07 02:15 ET,bear,22933.25,2025-07-07 02:30 ET,0.6027,loss
2025-07-07 12:30 ET,bear,22924.25,2025-07-07 13:30 ET,0.5409,win
2025-07-07 14:30 ET,bear,22851.75,2025-07-07 14:45 ET,0.6909,loss
2025-07-08 19:30 ET,bear,22907.5,2025-07-08 19:45 ET,0.4538,win
2025-07-08 20:15 ET,bear,22882.75,2025-07-08 20:45 ET,0.3419,loss
2025-07-09 01:30 ET,bear,22886.75,2025-07-09 02:45 ET,0.3208,loss
2025-07-09 02:15 ET,bear,22867.75,2025-07-09 02:30 ET,0.3699,loss
2025-07-09 10:00 ET,bull,23077.25,2025-07-09 10:15 ET,0.4837,loss
2025-07-10 06:45 ET,bull,23039.0,2025-07-10 07:00 ET,0.418,win
2025-07-10 07:45 ET,bull,23065.25,2025-07-10 08:00 ET,0.391,loss
2025-07-10 20:30 ET,bear,22903.25,2025-07-10 20:45 ET,0.4634,win
2025-07-13 19:15 ET,bear,22860.5,2025-07-13 19:30 ET,0.4346,win
2025-07-14 13:15 ET,bull,23049.0,2025-07-14 13:30 ET,0.317,loss
2025-07-15 03:45 ET,bull,23156.5,2025-07-15 04:00 ET,0.601,win
2025-07-15 05:30 ET,bull,23166.25,2025-07-15 05:45 ET,0.7072,win
2025-07-15 08:45 ET,bull,23163.0,2025-07-15 09:30 ET,0.2538,win
2025-07-15 20:15 ET,bear,22993.75,2025-07-15 20:30 ET,1.1962,loss
2025-07-16 08:45 ET,bull,23064.75,2025-07-16 09:00 ET,0.2671,loss
2025-07-16 11:30 ET,bear,22985.0,2025-07-16 11:45 ET,0.2483,win
2025-07-17 05:15 ET,bull,23113.75,2025-07-17 05:45 ET,0.7042,win
2025-07-17 19:15 ET,bull,23263.25,2025-07-17 21:15 ET,0.3953,win
2025-07-17 20:00 ET,bull,23274.75,2025-07-17 20:15 ET,1.1926,win
2025-07-18 01:45 ET,bull,23300.0,2025-07-18 02:00 ET,0.7353,loss
2025-07-18 10:30 ET,bear,23224.25,2025-07-18 10:45 ET,0.5111,win
2025-07-18 12:30 ET,bear,23211.75,2025-07-18 12:45 ET,0.5291,loss
2025-07-20 20:00 ET,bull,23256.25,2025-07-20 20:15 ET,1.1901,win
2025-07-20 21:15 ET,bull,23266.25,2025-07-20 21:30 ET,1.2119,win
2025-07-21 02:30 ET,bull,23286.25,2025-07-21 02:45 ET,0.6101,loss
2025-07-21 06:15 ET,bull,23295.25,2025-07-21 06:30 ET,0.3436,loss
2025-07-22 00:30 ET,bear,23311.0,2025-07-22 01:30 ET,0.4222,win
2025-07-22 04:00 ET,bear,23316.25,2025-07-22 07:00 ET,0.2612,win
2025-07-22 10:00 ET,bear,23188.0,2025-07-22 10:15 ET,0.5153,loss
2025-07-23 02:45 ET,bull,23261.0,2025-07-23 03:00 ET,0.5917,loss
2025-07-24 10:15 ET,bear,23343.0,2025-07-24 10:30 ET,0.3756,loss
2025-07-24 13:15 ET,bull,23388.5,2025-07-24 13:30 ET,0.2653,win
2025-07-24 14:15 ET,bull,23405.5,2025-07-24 14:30 ET,0.4449,loss
2025-07-24 20:15 ET,bull,23412.0,2025-07-24 20:30 ET,1.1536,loss
2025-07-24 21:45 ET,bull,23425.25,2025-07-24 22:00 ET,1.0735,loss
2025-07-25 05:15 ET,bear,23370.0,2025-07-25 05:30 ET,0.3899,loss
2025-07-25 07:15 ET,bear,23381.75,2025-07-25 08:30 ET,0.3179,win
2025-07-25 12:30 ET,bull,23451.75,2025-07-25 12:45 ET,0.4977,loss
2025-07-27 19:30 ET,bull,23532.5,2025-07-27 20:00 ET,0.6563,win
2025-07-28 01:00 ET,bull,23558.5,2025-07-28 03:00 ET,0.6611,loss
2025-07-28 09:15 ET,bear,23486.5,2025-07-28 09:30 ET,0.7682,win
2025-07-28 20:30 ET,bull,23530.0,2025-07-28 20:45 ET,0.4521,win
2025-07-28 21:15 ET,bull,23538.5,2025-07-28 21:30 ET,1.0866,win
2025-07-29 06:00 ET,bull,23594.5,2025-07-29 06:15 ET,0.3718,win
2025-07-30 04:30 ET,bear,23488.75,2025-07-30 04:45 ET,0.322,loss
2025-07-30 12:00 ET,bull,23516.5,2025-07-30 14:00 ET,0.4191,win
2025-07-31 00:00 ET,bull,23794.0,2025-07-31 00:15 ET,0.5474,win
2025-07-31 03:45 ET,bull,23824.0,2025-07-31 04:00 ET,0.3801,loss
2025-07-31 06:30 ET,bull,23792.0,2025-07-31 06:45 ET,0.3805,loss
2025-07-31 08:15 ET,bull,23780.75,2025-07-31 08:30 ET,0.3044,loss
2025-07-31 13:30 ET,bear,23483.0,2025-07-31 13:45 ET,0.1857,win
2025-08-01 04:30 ET,bear,23103.25,2025-08-01 04:45 ET,0.3448,win
2025-08-01 06:15 ET,bear,23111.0,2025-08-01 07:15 ET,0.3621,ambiguous
2025-08-04 08:30 ET,bull,23064.25,2025-08-04 08:45 ET,0.3004,win
2025-08-04 10:00 ET,bull,23213.5,2025-08-04 10:45 ET,0.5067,win
2025-08-04 12:00 ET,bull,23246.75,2025-08-04 13:45 ET,0.5653,win
2025-08-04 23:45 ET,bull,23342.0,2025-08-05 00:00 ET,0.5434,win
2025-08-05 01:00 ET,bull,23356.75,2025-08-05 01:15 ET,0.3445,loss
2025-08-05 02:45 ET,bull,23383.25,2025-08-05 03:00 ET,0.3035,loss
2025-08-05 14:45 ET,bear,23173.0,2025-08-05 15:15 ET,0.5887,win
2025-08-06 01:45 ET,bull,23183.75,2025-08-06 02:00 ET,0.34,win
2025-08-06 12:00 ET,bull,23357.0,2025-08-06 12:30 ET,0.5843,win
2025-08-06 20:30 ET,bull,23485.25,2025-08-06 20:45 ET,0.3361,win
2025-08-06 21:45 ET,bull,23495.5,2025-08-06 22:00 ET,0.5737,win
2025-08-08 12:15 ET,bull,23681.75,2025-08-08 12:45 ET,0.5921,win
2025-08-10 21:45 ET,bull,23748.0,2025-08-11 00:00 ET,0.6038,loss
2025-08-12 08:45 ET,bull,23767.5,2025-08-12 09:00 ET,0.3332,loss
2025-08-12 10:30 ET,bull,23742.5,2025-08-12 10:45 ET,0.6848,win
2025-08-12 11:15 ET,bull,23825.0,2025-08-12 11:30 ET,0.4572,win
2025-08-12 13:00 ET,bull,23890.0,2025-08-12 13:15 ET,0.6503,win
2025-08-12 19:15 ET,bull,23933.25,2025-08-12 21:15 ET,0.4128,win
2025-08-12 22:30 ET,bull,23939.25,2025-08-13 02:15 ET,0.3135,win
2025-08-13 02:45 ET,bull,23956.0,2025-08-13 10:15 ET,0.4077,win
2025-08-13 06:00 ET,bull,23999.5,2025-08-13 06:15 ET,0.6496,win
2025-08-13 08:45 ET,bull,24017.75,2025-08-13 09:00 ET,0.5759,win
2025-08-14 01:15 ET,bear,23928.5,2025-08-14 01:30 ET,0.6358,win
2025-08-14 04:45 ET,bear,23927.25,2025-08-14 05:15 ET,0.7255,win
2025-08-15 00:15 ET,bull,23931.25,2025-08-15 01:00 ET,0.5443,loss
2025-08-15 01:45 ET,bull,23938.75,2025-08-15 02:00 ET,0.6538,loss
2025-08-15 11:00 ET,bear,23814.5,2025-08-15 11:15 ET,0.5484,win
2025-08-18 11:30 ET,bear,23754.75,2025-08-18 11:45 ET,0.5173,loss
2025-08-18 23:00 ET,bear,23767.0,2025-08-18 23:15 ET,0.4238,win
2025-08-18 23:45 ET,bear,23759.25,2025-08-19 00:45 ET,0.4238,loss
2025-08-19 14:15 ET,bear,23484.5,2025-08-19 16:00 ET,0.4697,win
2025-08-19 23:15 ET,bear,23367.0,2025-08-19 23:30 ET,0.4252,loss
2025-08-19 23:45 ET,bear,23349.75,2025-08-20 00:00 ET,0.4252,loss
2025-08-20 01:15 ET,bear,23348.0,2025-08-20 01:30 ET,0.6191,loss
2025-08-21 12:00 ET,bear,23212.0,2025-08-21 12:15 ET,0.52,win
2025-08-21 20:15 ET,bear,23214.25,2025-08-21 20:30 ET,0.4553,win
2025-08-21 23:15 ET,bear,23203.5,2025-08-21 23:30 ET,0.5944,win
2025-08-22 02:45 ET,bear,23143.75,2025-08-22 03:00 ET,0.5586,loss
2025-08-25 05:15 ET,bear,23500.0,2025-08-25 05:45 ET,0.3044,win
2025-08-25 06:30 ET,bear,23491.5,2025-08-25 06:45 ET,0.3787,win
2025-08-25 08:15 ET,bear,23481.25,2025-08-25 08:30 ET,0.6664,loss
2025-08-25 20:45 ET,bear,23420.0,2025-08-25 21:00 ET,0.3234,loss
2025-08-26 03:15 ET,bear,23442.25,2025-08-26 03:30 ET,0.3662,loss
2025-08-26 12:15 ET,bull,23536.75,2025-08-26 12:45 ET,0.5423,loss
2025-08-27 13:00 ET,bull,23588.0,2025-08-27 13:15 ET,0.3323,win
2025-08-27 14:15 ET,bull,23646.25,2025-08-27 14:30 ET,0.3727,loss
2025-08-27 15:45 ET,bull,23619.25,2025-08-27 16:00 ET,0.3614,ambiguous
2025-08-28 04:15 ET,bull,23640.75,2025-08-28 04:30 ET,0.6518,loss
2025-08-28 08:45 ET,bull,23630.25,2025-08-28 09:30 ET,0.3855,win
2025-08-28 12:30 ET,bull,23729.5,2025-08-28 12:45 ET,0.5286,win
2025-08-29 04:15 ET,bear,23676.25,2025-08-29 04:30 ET,0.6546,win
2025-08-29 05:00 ET,bear,23650.5,2025-08-29 05:15 ET,0.2729,win
2025-08-29 06:45 ET,bear,23642.5,2025-08-29 07:00 ET,0.4295,win
2025-08-29 10:15 ET,bear,23499.75,2025-08-29 10:30 ET,1.1013,win
2025-08-29 13:15 ET,bear,23439.0,2025-08-29 13:30 ET,0.3289,loss
2025-08-31 23:30 ET,bear,23449.0,2025-08-31 23:45 ET,0.7474,win
2025-09-01 12:45 ET,bull,23496.75,2025-09-01 18:00 ET,0.5829,loss
2025-09-01 22:30 ET,bear,23426.75,2025-09-01 22:45 ET,0.5793,win
2025-09-02 01:15 ET,bear,23420.5,2025-09-02 01:30 ET,0.4348,win
2025-09-02 03:15 ET,bear,23413.25,2025-09-02 03:30 ET,0.4507,win
2025-09-02 04:00 ET,bear,23320.0,2025-09-02 04:15 ET,0.6436,win
2025-09-02 06:30 ET,bear,23264.25,2025-09-02 10:00 ET,0.3216,win
2025-09-03 05:45 ET,bull,23432.0,2025-09-03 06:00 ET,0.2787,loss
2025-09-03 10:45 ET,bull,23497.0,2025-09-03 11:00 ET,1.0875,loss
2025-09-04 15:15 ET,bull,23627.5,2025-09-04 15:30 ET,0.5573,win
2025-09-04 21:00 ET,bull,23727.25,2025-09-04 21:45 ET,0.5128,win
2025-09-05 00:15 ET,bull,23743.75,2025-09-05 00:45 ET,0.4078,win
2025-09-05 01:45 ET,bull,23760.0,2025-09-05 02:00 ET,0.4448,win
2025-09-05 11:00 ET,bear,23575.0,2025-09-05 11:15 ET,0.5232,loss
2025-09-05 13:45 ET,bear,23620.5,2025-09-05 14:00 ET,0.4492,loss
2025-09-07 19:30 ET,bull,23768.5,2025-09-07 19:45 ET,0.2087,win
2025-09-08 02:15 ET,bull,23748.5,2025-09-08 02:30 ET,0.776,win
2025-09-08 03:15 ET,bull,23762.0,2025-09-08 03:30 ET,1.0768,win
2025-09-08 09:45 ET,bull,23814.0,2025-09-08 10:15 ET,0.6306,win
2025-09-09 13:15 ET,bull,23838.25,2025-09-09 13:30 ET,0.4012,win
2025-09-10 06:45 ET,bull,23920.5,2025-09-10 09:30 ET,0.2825,win
2025-09-10 07:45 ET,bull,23947.25,2025-09-10 08:00 ET,0.2656,win
2025-09-10 08:45 ET,bull,23995.0,2025-09-10 09:00 ET,0.6217,loss
2025-09-11 22:45 ET,bull,24000.75,2025-09-11 23:15 ET,0.5415,win
2025-09-12 00:15 ET,bull,24012.25,2025-09-12 02:30 ET,0.5466,loss
2025-09-12 01:45 ET,bull,24032.5,2025-09-12 02:00 ET,0.3608,loss
2025-09-12 14:00 ET,bull,24113.0,2025-09-12 15:30 ET,0.291,win
2025-09-15 07:15 ET,bull,24131.5,2025-09-15 07:30 ET,0.3511,win
2025-09-15 09:00 ET,bull,24168.0,2025-09-15 09:15 ET,0.5142,win
2025-09-15 10:00 ET,bull,24238.0,2025-09-15 10:15 ET,0.9625,win
2025-09-15 14:00 ET,bull,24273.25,2025-09-15 14:15 ET,0.2988,win
2025-09-15 19:30 ET,bull,24540.25,2025-09-15 19:45 ET,0.4092,win
2025-09-16 02:00 ET,bull,24594.0,2025-09-16 02:15 ET,0.4293,win
2025-09-17 19:00 ET,bull,24567.0,2025-09-17 20:15 ET,0.3999,win
2025-09-17 23:15 ET,bull,24628.5,2025-09-17 23:45 ET,0.2841,loss
2025-09-18 05:00 ET,bull,24708.5,2025-09-18 06:15 ET,0.2447,win
2025-09-18 12:45 ET,bull,24780.75,2025-09-18 13:15 ET,0.3891,loss
2025-09-21 20:15 ET,bull,24860.75,2025-09-21 20:30 ET,0.2312,loss
2025-09-21 23:30 ET,bull,24855.75,2025-09-22 00:00 ET,0.2308,loss
2025-09-22 03:30 ET,bear,24785.5,2025-09-22 03:45 ET,0.2617,loss
2025-09-22 12:45 ET,bull,24975.5,2025-09-22 13:15 ET,0.4627,win
2025-09-22 14:30 ET,bull,25007.0,2025-09-22 14:45 ET,0.3384,loss
2025-09-23 13:45 ET,bear,24844.5,2025-09-23 14:00 ET,0.3057,win
2025-09-24 05:15 ET,bull,24901.25,2025-09-24 05:30 ET,0.2017,loss
2025-09-25 02:45 ET,bear,24732.75,2025-09-25 03:00 ET,0.4965,win
2025-09-25 05:00 ET,bear,24732.0,2025-09-25 05:15 ET,0.1888,win
2025-09-25 05:45 ET,bear,24712.75,2025-09-25 06:00 ET,0.1888,win
2025-09-25 07:15 ET,bear,24651.25,2025-09-25 10:45 ET,0.3173,win
2025-09-25 08:45 ET,bear,24579.5,2025-09-25 09:15 ET,0.2319,win
2025-09-25 09:45 ET,bear,24522.5,2025-09-25 10:00 ET,0.4824,ambiguous
2025-09-25 14:00 ET,bear,24532.75,2025-09-25 14:15 ET,0.3799,loss
2025-09-29 00:30 ET,bull,24830.5,2025-09-29 00:45 ET,0.4262,win
2025-09-29 02:45 ET,bull,24842.25,2025-09-29 03:00 ET,0.5284,win
2025-09-29 03:30 ET,bull,24849.75,2025-09-29 03:45 ET,0.3425,win
2025-09-29 04:15 ET,bull,24865.0,2025-09-29 07:00 ET,0.7041,win
2025-09-29 05:00 ET,bull,24886.25,2025-09-29 05:15 ET,0.3521,win
2025-09-29 15:15 ET,bear,24822.0,2025-09-29 15:30 ET,0.3825,win
2025-09-30 09:45 ET,bear,24806.5,2025-09-30 10:00 ET,0.5135,win
2025-09-30 11:30 ET,bear,24806.0,2025-09-30 11:45 ET,0.4693,win
2025-09-30 23:15 ET,bear,24774.5,2025-09-30 23:45 ET,0.2539,win
2025-10-01 01:30 ET,bear,24769.0,2025-10-01 01:45 ET,0.4893,win
2025-10-01 03:00 ET,bear,24689.25,2025-10-01 04:30 ET,0.3632,loss
2025-10-01 14:15 ET,bull,25007.5,2025-10-01 15:30 ET,0.5868,win
2025-10-02 01:00 ET,bull,25065.75,2025-10-02 01:15 ET,0.5024,win
2025-10-02 08:15 ET,bull,25153.5,2025-10-02 08:30 ET,0.3151,loss
2025-10-02 11:00 ET,bear,25051.25,2025-10-02 11:15 ET,0.4987,win
2025-10-02 20:45 ET,bull,25145.0,2025-10-02 21:00 ET,0.5115,win
2025-10-03 00:00 ET,bull,25168.5,2025-10-03 00:15 ET,0.4584,loss
2025-10-03 08:45 ET,bear,25127.0,2025-10-03 09:00 ET,0.2459,loss
2025-10-03 14:00 ET,bear,24986.75,2025-10-03 14:15 ET,0.4754,loss
2025-10-05 21:45 ET,bull,25070.5,2025-10-06 00:00 ET,0.3477,win
2025-10-05 23:15 ET,bull,25088.5,2025-10-05 23:30 ET,0.2898,loss
2025-10-06 00:45 ET,bull,25100.0,2025-10-06 01:00 ET,0.4502,loss
2025-10-06 02:45 ET,bull,25099.0,2025-10-06 03:00 ET,0.9762,loss
2025-10-06 04:15 ET,bull,25094.0,2025-10-06 04:45 ET,0.5821,win
2025-10-06 08:15 ET,bull,25210.0,2025-10-06 08:30 ET,0.2596,loss
2025-10-06 12:00 ET,bull,25183.25,2025-10-06 12:15 ET,0.6105,win
2025-10-06 19:00 ET,bear,25144.25,2025-10-06 19:15 ET,0.3375,loss
2025-10-07 08:00 ET,bull,25196.0,2025-10-07 10:30 ET,0.2595,loss
2025-10-07 09:00 ET,bull,25241.25,2025-10-07 09:15 ET,0.4105,loss
2025-10-07 11:45 ET,bear,25041.5,2025-10-07 12:00 ET,0.588,win
2025-10-08 10:15 ET,bull,25184.0,2025-10-08 10:45 ET,0.7308,win
2025-10-08 15:30 ET,bull,25303.25,2025-10-08 15:45 ET,0.2597,win
2025-10-08 19:30 ET,bull,25384.25,2025-10-08 19:45 ET,0.4927,loss
2025-10-09 20:00 ET,bull,25322.25,2025-10-09 20:15 ET,0.4872,loss
2025-10-09 21:00 ET,bull,25333.0,2025-10-09 23:00 ET,0.4269,loss
2025-10-09 21:30 ET,bull,25340.5,2025-10-09 22:45 ET,0.4269,loss
2025-10-10 09:45 ET,bull,25325.75,2025-10-10 10:00 ET,0.4653,win
2025-10-10 11:30 ET,bear,24865.5,2025-10-10 11:45 ET,0.699,ambiguous
2025-10-10 14:00 ET,bear,24692.5,2025-10-10 14:15 ET,0.25,win
2025-10-10 15:30 ET,bear,24546.0,2025-10-10 15:45 ET,0.359,win
2025-10-12 21:00 ET,bull,24821.5,2025-10-12 22:45 ET,0.3713,loss
2025-10-12 21:45 ET,bull,24845.5,2025-10-12 22:00 ET,0.3713,loss
2025-10-13 00:30 ET,bull,24795.0,2025-10-13 02:00 ET,0.4012,win
2025-10-13 03:30 ET,bull,24910.75,2025-10-13 03:45 ET,0.287,loss
2025-10-14 00:30 ET,bear,24805.5,2025-10-14 00:45 ET,0.5576,win
2025-10-14 01:45 ET,bear,24715.75,2025-10-14 02:00 ET,0.4697,win
2025-10-14 03:45 ET,bear,24670.25,2025-10-14 04:30 ET,0.3912,loss
2025-10-14 06:45 ET,bear,24558.75,2025-10-14 07:00 ET,0.494,loss
2025-10-14 12:45 ET,bull,24890.25,2025-10-14 13:00 ET,0.7267,win
2025-10-15 01:15 ET,bull,24890.0,2025-10-15 01:30 ET,0.9628,win
2025-10-15 04:15 ET,bull,24908.0,2025-10-15 09:45 ET,0.5255,win
2025-10-15 05:15 ET,bull,24944.5,2025-10-15 05:30 ET,0.8447,win
2025-10-15 08:15 ET,bull,24987.5,2025-10-15 08:30 ET,0.2463,loss
2025-10-15 10:15 ET,bull,25072.5,2025-10-15 11:00 ET,0.7175,loss
2025-10-15 13:15 ET,bear,24793.0,2025-10-15 13:30 ET,0.4884,ambiguous
2025-10-16 04:00 ET,bull,25031.0,2025-10-16 04:15 ET,0.4847,win
2025-10-16 06:15 ET,bull,25050.5,2025-10-16 06:45 ET,0.7655,win
2025-10-16 08:45 ET,bull,25078.0,2025-10-16 09:00 ET,0.3186,ambiguous
2025-10-16 14:15 ET,bear,24739.25,2025-10-16 14:30 ET,0.4651,ambiguous
2025-10-17 01:15 ET,bear,24683.5,2025-10-17 02:00 ET,1.0855,win
2025-10-17 08:15 ET,bull,24747.0,2025-10-17 08:30 ET,0.3196,win
2025-10-17 14:30 ET,bull,24983.75,2025-10-17 14:45 ET,0.5238,win
2025-10-17 15:15 ET,bull,25020.5,2025-10-17 15:30 ET,0.7776,loss
2025-10-20 13:15 ET,bull,25330.5,2025-10-20 13:45 ET,0.2698,loss
2025-10-21 09:45 ET,bear,25273.5,2025-10-21 10:15 ET,0.5259,win
2025-10-22 00:15 ET,bull,25318.25,2025-10-22 00:30 ET,1.3797,loss
2025-10-22 02:15 ET,bull,25316.25,2025-10-22 02:30 ET,0.9141,loss
2025-10-22 04:15 ET,bear,25269.25,2025-10-22 04:30 ET,0.5476,win
2025-10-22 11:30 ET,bear,25073.75,2025-10-22 11:45 ET,1.5501,loss
2025-10-22 13:45 ET,bear,24874.0,2025-10-22 14:00 ET,0.2741,ambiguous
2025-10-22 20:00 ET,bear,25006.25,2025-10-22 20:15 ET,0.7714,loss
2025-10-23 21:15 ET,bull,25302.5,2025-10-23 21:30 ET,0.4911,win
2025-10-23 22:00 ET,bull,25311.5,2025-10-23 22:30 ET,0.6348,win
2025-10-23 23:30 ET,bull,25324.0,2025-10-23 23:45 ET,0.8784,win
2025-10-24 08:45 ET,bull,25446.75,2025-10-24 09:30 ET,0.3221,win
2025-10-24 11:30 ET,bull,25513.5,2025-10-24 11:45 ET,1.5255,win
2025-10-24 15:15 ET,bull,25550.75,2025-10-24 15:30 ET,0.7548,loss
2025-10-27 06:00 ET,bull,25829.0,2025-10-27 07:15 ET,0.8886,win
2025-10-27 08:15 ET,bull,25832.75,2025-10-27 08:30 ET,0.3627,win
2025-10-27 13:45 ET,bull,25920.75,2025-10-27 14:00 ET,0.4691,win
2025-10-28 09:15 ET,bull,26034.25,2025-10-28 09:45 ET,0.5495,win
2025-10-28 12:45 ET,bull,26106.25,2025-10-28 13:00 ET,0.6968,win
2025-10-28 14:30 ET,bull,26177.0,2025-10-28 15:45 ET,0.4917,win
2025-10-29 00:45 ET,bull,26244.0,2025-10-29 05:00 ET,0.7143,win
2025-10-29 07:30 ET,bull,26280.5,2025-10-29 07:45 ET,1.1654,win
2025-10-29 23:15 ET,bull,26371.75,2025-10-29 23:45 ET,0.7897,loss
2025-10-30 05:45 ET,bear,26219.75,2025-10-30 06:00 ET,0.4841,loss
2025-10-30 11:45 ET,bear,26014.5,2025-10-30 12:00 ET,0.6341,loss
2025-10-30 20:30 ET,bull,26175.5,2025-10-30 21:15 ET,0.5584,win
2025-10-31 13:15 ET,bear,25928.25,2025-10-31 13:30 ET,0.4476,loss
2025-11-02 19:30 ET,bull,26101.5,2025-11-02 20:00 ET,0.6638,loss
2025-11-03 04:30 ET,bull,26136.25,2025-11-03 04:45 ET,0.3584,win
2025-11-03 09:15 ET,bull,26208.0,2025-11-03 09:30 ET,0.5918,ambiguous
2025-11-03 19:30 ET,bear,26013.5,2025-11-03 19:45 ET,0.6131,win
2025-11-03 22:45 ET,bear,25938.25,2025-11-03 23:00 ET,0.6213,win
2025-11-04 01:15 ET,bear,25799.25,2025-11-04 01:45 ET,0.745,win
2025-11-04 05:00 ET,bear,25693.75,2025-11-04 05:15 ET,0.678,loss
2025-11-04 14:45 ET,bear,25609.75,2025-11-04 15:00 ET,0.5637,win
2025-11-05 08:45 ET,bull,25579.0,2025-11-05 09:00 ET,0.6742,loss
2025-11-05 10:00 ET,bull,25642.75,2025-11-05 10:15 ET,0.4152,win
2025-11-05 12:45 ET,bull,25801.25,2025-11-05 15:45 ET,0.8027,loss
2025-11-05 23:30 ET,bull,25729.5,2025-11-05 23:45 ET,0.7034,loss
2025-11-06 05:30 ET,bull,25752.5,2025-11-06 05:45 ET,1.2078,win
2025-11-06 08:30 ET,bull,25800.25,2025-11-06 08:45 ET,0.6914,loss
2025-11-06 20:30 ET,bear,25262.5,2025-11-06 20:45 ET,0.6783,win
2025-11-07 06:15 ET,bear,25159.0,2025-11-07 06:45 ET,0.4785,win
2025-11-07 09:45 ET,bear,25045.5,2025-11-07 14:30 ET,0.92,ambiguous
2025-11-09 22:30 ET,bull,25466.5,2025-11-09 22:45 ET,1.1568,win
2025-11-10 09:45 ET,bull,25588.5,2025-11-10 10:45 ET,0.9463,ambiguous
2025-11-10 19:00 ET,bull,25730.0,2025-11-10 19:15 ET,1.0788,loss
2025-11-11 01:15 ET,bull,25682.0,2025-11-11 01:45 ET,0.9298,loss
2025-11-11 13:00 ET,bull,25609.25,2025-11-11 13:30 ET,0.3198,win
2025-11-11 20:15 ET,bull,25702.25,2025-11-11 20:30 ET,1.0357,win
2025-11-11 21:15 ET,bull,25748.75,2025-11-11 21:30 ET,0.8571,loss
2025-11-12 01:45 ET,bull,25766.25,2025-11-12 03:00 ET,0.9624,win
2025-11-12 04:45 ET,bull,25811.25,2025-11-12 05:15 ET,0.7816,loss
2025-11-12 22:30 ET,bull,25670.5,2025-11-12 22:45 ET,1.1545,win
2025-11-13 04:30 ET,bear,25573.5,2025-11-13 04:45 ET,0.7999,loss
2025-11-13 09:45 ET,bear,25418.0,2025-11-13 10:00 ET,1.0706,ambiguous
2025-11-13 13:00 ET,bear,25164.75,2025-11-13 16:15 ET,0.3485,win
2025-11-13 13:30 ET,bear,25074.5,2025-11-13 13:45 ET,0.3485,win
2025-11-14 01:30 ET,bear,25060.0,2025-11-14 01:45 ET,0.7728,win
2025-11-14 11:30 ET,bull,25202.25,2025-11-14 11:45 ET,0.5152,win
2025-11-16 19:45 ET,bull,25224.0,2025-11-16 20:00 ET,1.0679,win
2025-11-17 02:30 ET,bull,25309.0,2025-11-17 03:00 ET,0.732,win
2025-11-17 03:15 ET,bull,25325.0,2025-11-17 04:00 ET,0.4944,loss
2025-11-17 07:15 ET,bear,25175.5,2025-11-17 09:30 ET,0.9547,win
2025-11-17 07:45 ET,bear,25146.75,2025-11-17 09:30 ET,0.9547,ambiguous
2025-11-17 14:15 ET,bear,24884.5,2025-11-17 14:30 ET,0.8338,win
2025-11-17 23:30 ET,bear,24699.0,2025-11-17 23:45 ET,1.1759,loss
2025-11-18 01:45 ET,bear,24686.75,2025-11-18 02:15 ET,0.7727,win
2025-11-18 13:00 ET,bull,24735.75,2025-11-18 13:15 ET,0.5607,win
2025-11-19 05:00 ET,bull,24663.0,2025-11-19 08:00 ET,1.0386,win
2025-11-19 14:30 ET,bear,24617.0,2025-11-19 14:45 ET,0.9933,loss
2025-11-19 22:15 ET,bull,25173.25,2025-11-19 22:30 ET,1.1694,loss
2025-11-20 08:45 ET,bull,25184.75,2025-11-20 09:30 ET,0.3738,win
2025-11-20 12:15 ET,bear,24492.25,2025-11-20 12:30 ET,1.3087,win
2025-11-20 14:00 ET,bear,24300.0,2025-11-20 14:15 ET,1.0087,ambiguous
2025-11-20 21:15 ET,bear,24198.5,2025-11-20 21:30 ET,1.1588,win
2025-11-20 23:30 ET,bear,24156.0,2025-11-20 23:45 ET,1.2012,win
2025-11-21 00:45 ET,bear,24155.25,2025-11-21 01:00 ET,1.289,loss
2025-11-21 12:00 ET,bull,24312.75,2025-11-21 12:15 ET,1.4145,win
2025-11-21 14:00 ET,bull,24470.75,2025-11-21 14:45 ET,1.0611,ambiguous
2025-11-23 22:00 ET,bull,24510.0,2025-11-23 22:15 ET,1.1666,loss
2025-11-24 02:45 ET,bull,24504.25,2025-11-24 03:00 ET,1.3154,loss
2025-11-24 03:30 ET,bull,24523.5,2025-11-24 04:00 ET,0.9132,loss
2025-11-24 11:15 ET,bull,24847.0,2025-11-24 11:30 ET,2.5229,win
2025-11-24 12:45 ET,bull,24912.0,2025-11-24 14:30 ET,1.3485,win
2025-11-25 09:45 ET,bear,24825.75,2025-11-25 10:30 ET,1.3824,win
2025-11-25 15:45 ET,bull,25070.0,2025-11-25 16:00 ET,1.2253,win
2025-11-26 00:15 ET,bull,25183.0,2025-11-26 03:00 ET,1.0647,loss
2025-11-26 01:45 ET,bull,25208.0,2025-11-26 03:00 ET,0.7442,loss
2025-11-26 02:30 ET,bull,25223.5,2025-11-26 02:45 ET,1.3326,loss
2025-11-26 15:15 ET,bull,25344.25,2025-11-26 15:30 ET,1.2663,loss
2025-11-26 21:00 ET,bull,25325.25,2025-11-26 21:15 ET,1.2821,win
2025-11-27 00:15 ET,bull,25330.5,2025-11-27 00:30 ET,1.077,loss
2025-11-27 19:15 ET,bull,25338.25,2025-11-27 19:30 ET,0.9419,win
2025-11-27 20:15 ET,bull,25352.5,2025-11-27 20:30 ET,0.7441,win
2025-11-28 08:45 ET,bull,25365.0,2025-11-28 09:15 ET,0.4157,win
2025-11-28 13:00 ET,bull,25468.0,2025-11-30 18:00 ET,0.7247,win
2025-11-30 22:15 ET,bear,25263.75,2025-11-30 22:45 ET,1.0544,win
2025-12-01 20:15 ET,bull,25430.5,2025-12-01 20:30 ET,0.6835,loss
2025-12-01 23:00 ET,bull,25385.5,2025-12-01 23:15 ET,0.8314,loss
2025-12-02 06:00 ET,bull,25478.25,2025-12-02 06:45 ET,0.5425,win
2025-12-02 09:45 ET,bull,25562.0,2025-12-02 10:30 ET,1.063,win
2025-12-02 12:30 ET,bull,25584.25,2025-12-02 12:45 ET,0.9862,loss
2025-12-02 15:00 ET,bull,25615.0,2025-12-02 15:30 ET,1.2275,win
2025-12-02 20:00 ET,bull,25624.5,2025-12-03 03:15 ET,0.4589,win
2025-12-03 00:15 ET,bull,25666.75,2025-12-03 00:30 ET,0.7912,loss
2025-12-03 06:30 ET,bull,25632.0,2025-12-03 07:00 ET,0.534,win
2025-12-04 09:45 ET,bear,25609.0,2025-12-04 10:30 ET,0.8009,win
2025-12-04 21:30 ET,bull,25694.0,2025-12-04 21:45 ET,0.7032,win
2025-12-05 03:15 ET,bull,25730.5,2025-12-05 03:45 ET,0.9408,loss
2025-12-05 13:00 ET,bull,25718.5,2025-12-05 13:15 ET,0.6171,win
2025-12-07 20:45 ET,bull,25761.75,2025-12-07 21:00 ET,0.4302,win
2025-12-07 23:15 ET,bull,25793.75,2025-12-07 23:30 ET,0.6034,win
2025-12-08 01:15 ET,bull,25804.25,2025-12-08 01:30 ET,0.5125,win
2025-12-08 14:00 ET,bear,25597.25,2025-12-08 14:15 ET,0.6816,loss
2025-12-08 19:00 ET,bull,25715.75,2025-12-08 19:15 ET,1.2184,loss
2025-12-09 01:15 ET,bear,25661.0,2025-12-09 01:30 ET,0.3863,loss
2025-12-10 01:15 ET,bull,25697.5,2025-12-10 05:00 ET,0.3978,loss
2025-12-10 07:15 ET,bear,25649.0,2025-12-10 07:30 ET,0.546,loss
2025-12-10 22:15 ET,bear,25478.25,2025-12-10 22:45 ET,0.4306,loss
2025-12-12 06:45 ET,bear,25562.0,2025-12-12 07:00 ET,0.3121,loss
2025-12-12 10:30 ET,bear,25384.0,2025-12-12 10:45 ET,0.4884,win
2025-12-15 03:45 ET,bull,25278.25,2025-12-15 04:00 ET,0.4433,win
2025-12-15 06:30 ET,bull,25344.25,2025-12-15 07:00 ET,0.3726,win
2025-12-15 20:45 ET,bear,25167.25,2025-12-15 21:00 ET,0.4222,win
2025-12-16 00:15 ET,bear,25156.25,2025-12-16 03:00 ET,0.4784,loss
2025-12-16 07:15 ET,bull,25301.0,2025-12-16 07:30 ET,0.4629,loss
2025-12-16 12:00 ET,bull,25280.0,2025-12-16 12:15 ET,0.5587,win
2025-12-17 13:45 ET,bear,24978.5,2025-12-17 14:45 ET,0.5075,win
2025-12-18 08:45 ET,bull,25213.25,2025-12-18 09:30 ET,0.4425,win
2025-12-18 10:45 ET,bull,25356.25,2025-12-18 11:00 ET,1.0327,win
2025-12-18 22:30 ET,bull,25280.25,2025-12-19 01:30 ET,0.644,win
2025-12-19 02:15 ET,bull,25345.25,2025-12-19 02:30 ET,0.4855,win
2025-12-19 11:15 ET,bull,25516.25,2025-12-19 11:45 ET,0.3991,win
2025-12-19 12:30 ET,bull,25557.75,2025-12-19 13:30 ET,0.8049,win
2025-12-21 20:15 ET,bull,25678.25,2025-12-21 22:15 ET,0.9144,win
2025-12-22 04:30 ET,bull,25707.75,2025-12-22 05:00 ET,0.7865,win
2025-12-22 14:30 ET,bull,25697.5,2025-12-22 14:45 ET,0.9349,loss
2025-12-22 21:15 ET,bull,25721.25,2025-12-22 21:30 ET,0.8453,loss
2025-12-22 23:45 ET,bear,25691.75,2025-12-23 00:00 ET,0.7783,win
2025-12-23 01:30 ET,bear,25670.5,2025-12-23 02:00 ET,0.4299,loss
2025-12-23 08:45 ET,bear,25647.25,2025-12-23 09:15 ET,0.5652,loss
2025-12-23 12:00 ET,bull,25761.0,2025-12-23 12:30 ET,0.8349,win
2025-12-23 14:15 ET,bull,25783.5,2025-12-23 14:30 ET,0.9345,win
2025-12-23 15:00 ET,bull,25796.5,2025-12-23 15:15 ET,0.4172,win
2025-12-23 19:15 ET,bull,25814.0,2025-12-23 19:30 ET,0.827,win
2025-12-24 07:30 ET,bull,25805.25,2025-12-24 08:00 ET,0.6115,win
2025-12-24 08:45 ET,bull,25817.25,2025-12-24 09:00 ET,0.5864,win
2025-12-24 11:45 ET,bull,25872.0,2025-12-24 12:00 ET,0.4173,win
2025-12-25 19:15 ET,bull,25901.25,2025-12-25 19:30 ET,0.825,loss
2025-12-28 20:45 ET,bear,25850.25,2025-12-28 21:45 ET,0.9083,win
2025-12-29 02:15 ET,bear,25811.0,2025-12-29 02:30 ET,0.567,win
2025-12-29 07:45 ET,bear,25754.75,2025-12-29 08:00 ET,0.4689,win
2025-12-29 09:00 ET,bear,25702.5,2025-12-29 09:15 ET,0.9592,win
2025-12-29 11:00 ET,bear,25717.25,2025-12-29 11:30 ET,0.3539,win
2025-12-30 08:45 ET,bear,25715.0,2025-12-30 09:00 ET,0.5636,loss
2025-12-30 20:00 ET,bear,25621.75,2025-12-30 20:15 ET,0.9151,win
2025-12-31 01:00 ET,bear,25606.0,2025-12-31 02:30 ET,0.4593,win
2025-12-31 03:45 ET,bear,25571.75,2025-12-31 04:00 ET,0.5921,loss
2025-12-31 09:00 ET,bull,25698.5,2025-12-31 09:15 ET,0.7911,loss
2025-12-31 11:00 ET,bear,25569.0,2025-12-31 11:15 ET,0.2801,loss
2026-01-01 22:00 ET,bull,25596.0,2026-01-01 22:30 ET,0.678,win
2026-01-02 01:00 ET,bull,25634.5,2026-01-02 01:30 ET,0.4414,win
2026-01-02 03:15 ET,bull,25679.5,2026-01-02 03:30 ET,0.503,win
2026-01-02 06:00 ET,bull,25729.5,2026-01-02 06:15 ET,0.3348,loss
2026-01-02 11:00 ET,bear,25381.5,2026-01-02 11:15 ET,0.3071,win
2026-01-02 13:00 ET,bear,25353.5,2026-01-02 13:15 ET,0.2729,win
2026-01-05 01:00 ET,bull,25491.0,2026-01-05 01:15 ET,0.2454,win
2026-01-05 05:15 ET,bull,25540.0,2026-01-05 05:30 ET,0.2708,win
2026-01-05 15:15 ET,bull,25592.5,2026-01-05 15:30 ET,0.3737,win
2026-01-05 20:30 ET,bull,25591.0,2026-01-05 20:45 ET,0.5587,win
2026-01-05 22:00 ET,bull,25620.75,2026-01-05 22:15 ET,0.6338,win
2026-01-06 03:30 ET,bear,25562.0,2026-01-06 03:45 ET,0.6385,loss
2026-01-06 10:00 ET,bull,25726.25,2026-01-06 10:30 ET,0.9215,win
2026-01-07 04:15 ET,bear,25746.75,2026-01-07 04:30 ET,0.1812,loss
2026-01-07 09:45 ET,bull,25840.5,2026-01-07 10:00 ET,0.4879,win
2026-01-07 15:45 ET,bear,25847.5,2026-01-07 18:00 ET,0.268,win
2026-01-08 00:15 ET,bear,25768.0,2026-01-08 02:15 ET,0.4558,win
2026-01-08 13:15 ET,bear,25669.25,2026-01-08 13:45 ET,0.226,win
2026-01-08 20:00 ET,bear,25679.5,2026-01-08 21:15 ET,0.5431,loss
2026-01-08 20:30 ET,bear,25642.0,2026-01-08 20:45 ET,0.5431,loss
2026-01-09 03:15 ET,bull,25683.0,2026-01-09 03:30 ET,0.7654,win
2026-01-09 04:45 ET,bull,25710.25,2026-01-09 09:15 ET,0.2044,win
2026-01-09 08:00 ET,bull,25732.0,2026-01-09 08:15 ET,0.3376,win
2026-01-09 08:45 ET,bull,25782.75,2026-01-09 09:00 ET,0.3376,loss
2026-01-09 10:30 ET,bull,25780.0,2026-01-09 10:45 ET,0.9671,win
2026-01-09 11:15 ET,bull,25858.5,2026-01-09 11:30 ET,0.3444,win
2026-01-09 12:00 ET,bull,25898.0,2026-01-09 12:15 ET,0.3081,win
2026-01-12 11:15 ET,bull,25929.0,2026-01-12 11:45 ET,0.434,win
2026-01-12 13:15 ET,bull,25975.5,2026-01-12 13:45 ET,0.2874,win
2026-01-12 14:45 ET,bull,26004.25,2026-01-12 15:00 ET,0.6087,loss
2026-01-12 19:45 ET,bear,25882.25,2026-01-12 20:00 ET,0.8908,loss
2026-01-13 04:15 ET,bull,25922.0,2026-01-13 04:30 ET,0.3299,loss
2026-01-13 08:45 ET,bull,25944.5,2026-01-13 09:30 ET,0.377,win
2026-01-14 01:00 ET,bear,25858.75,2026-01-14 01:30 ET,0.4797,win
2026-01-14 11:00 ET,bear,25536.5,2026-01-14 11:15 ET,0.5053,ambiguous
2026-01-14 12:00 ET,bear,25505.75,2026-01-14 12:45 ET,0.5858,win
2026-01-14 21:30 ET,bear,25615.0,2026-01-14 21:45 ET,0.6682,win
2026-01-15 06:15 ET,bull,25831.75,2026-01-15 06:30 ET,0.2273,win
2026-01-15 08:45 ET,bull,25892.0,2026-01-15 09:00 ET,0.3753,win
2026-01-15 15:30 ET,bear,25726.75,2026-01-15 16:00 ET,0.6,loss
2026-01-15 20:00 ET,bull,25757.75,2026-01-15 20:15 ET,0.4726,win
2026-01-16 05:45 ET,bull,25848.5,2026-01-16 06:00 ET,0.9417,loss
2026-01-18 22:30 ET,bear,25395.0,2026-01-19 00:15 ET,0.3432,win
2026-01-19 02:00 ET,bear,25392.25,2026-01-19 03:15 ET,0.4772,win
2026-01-19 02:45 ET,bear,25355.0,2026-01-19 03:00 ET,0.4772,loss
2026-01-19 20:30 ET,bull,25413.5,2026-01-19 21:00 ET,0.4292,loss
2026-01-19 21:45 ET,bull,25423.5,2026-01-19 22:00 ET,0.607,loss
2026-01-20 01:30 ET,bear,25315.5,2026-01-20 02:00 ET,0.788,win
2026-01-20 19:00 ET,bear,25150.25,2026-01-20 19:15 ET,0.8683,loss
2026-01-20 21:30 ET,bear,25191.5,2026-01-20 22:00 ET,0.57,loss
2026-01-21 05:00 ET,bear,25165.5,2026-01-21 05:15 ET,0.9982,win
2026-01-21 07:00 ET,bear,25071.0,2026-01-21 07:15 ET,0.3861,loss
2026-01-21 10:00 ET,bull,25293.0,2026-01-21 11:30 ET,0.4415,win
2026-01-21 15:00 ET,bull,25573.25,2026-01-21 15:15 ET,0.5687,loss
2026-01-22 03:30 ET,bull,25640.25,2026-01-22 09:30 ET,0.713,win
2026-01-23 01:15 ET,bull,25717.25,2026-01-23 01:30 ET,0.9907,loss
2026-01-23 04:45 ET,bear,25573.0,2026-01-23 05:00 ET,1.0592,loss
2026-01-23 11:00 ET,bull,25804.75,2026-01-23 11:15 ET,0.977,loss
2026-01-26 09:00 ET,bull,25716.25,2026-01-26 09:15 ET,1.0872,win
2026-01-26 21:15 ET,bull,25947.0,2026-01-26 21:30 ET,0.4502,win
2026-01-26 22:00 ET,bull,25967.75,2026-01-26 22:15 ET,0.5935,win
2026-01-26 23:15 ET,bull,25982.0,2026-01-27 00:00 ET,0.5578,win
2026-01-27 01:15 ET,bull,26015.0,2026-01-27 01:30 ET,0.9836,loss
2026-01-27 06:45 ET,bull,26024.75,2026-01-27 07:00 ET,0.8852,loss
2026-01-27 13:30 ET,bull,26076.25,2026-01-27 14:00 ET,0.4636,win
2026-01-27 19:45 ET,bull,26194.5,2026-01-27 22:30 ET,0.6585,win
2026-01-27 20:15 ET,bull,26214.75,2026-01-27 20:30 ET,0.6349,win
2026-01-28 01:15 ET,bull,26294.75,2026-01-28 02:00 ET,0.9758,loss
2026-01-28 20:30 ET,bear,26124.25,2026-01-28 20:45 ET,0.5851,loss
2026-01-29 02:45 ET,bull,26251.5,2026-01-29 03:00 ET,0.5873,loss
2026-01-29 21:30 ET,bear,25800.5,2026-01-29 21:45 ET,0.6361,loss
2026-01-30 02:45 ET,bear,25747.25,2026-01-30 03:15 ET,0.5765,win
2026-01-30 07:00 ET,bull,25859.25,2026-01-30 07:15 ET,0.5569,loss
2026-02-02 10:15 ET,bull,25856.75,2026-02-02 10:30 ET,0.9526,win
2026-02-02 20:15 ET,bull,25969.5,2026-02-02 20:30 ET,1.6466,loss
2026-02-02 23:45 ET,bull,25973.75,2026-02-03 00:00 ET,0.8497,win
2026-02-03 02:45 ET,bull,26007.0,2026-02-03 03:00 ET,1.0288,loss
2026-02-03 10:15 ET,bear,25604.75,2026-02-03 10:45 ET,0.9714,win
2026-02-04 04:30 ET,bear,25398.25,2026-02-04 04:45 ET,0.8708,loss
2026-02-04 09:00 ET,bear,25360.75,2026-02-04 09:15 ET,1.627,win
2026-02-04 21:15 ET,bear,25064.0,2026-02-04 21:30 ET,0.6908,win
2026-02-04 22:00 ET,bear,25018.5,2026-02-04 22:15 ET,0.9945,win
2026-02-05 04:00 ET,bear,25043.25,2026-02-05 04:15 ET,0.816,win
2026-02-05 05:45 ET,bear,25054.0,2026-02-05 06:15 ET,0.8036,win
2026-02-05 07:45 ET,bear,24806.0,2026-02-05 08:00 ET,0.6369,ambiguous
2026-02-05 10:15 ET,bear,24664.25,2026-02-05 10:30 ET,0.9049,win
2026-02-05 14:45 ET,bear,24717.25,2026-02-05 15:00 ET,0.8878,loss
2026-02-06 04:45 ET,bull,24735.0,2026-02-06 05:00 ET,0.8422,win
2026-02-06 06:15 ET,bull,24803.5,2026-02-06 07:00 ET,0.6886,win
2026-02-06 09:45 ET,bull,24847.75,2026-02-06 10:00 ET,1.4704,loss
2026-02-06 15:45 ET,bull,25143.25,2026-02-06 16:00 ET,0.7294,loss
2026-02-09 08:15 ET,bull,25114.25,2026-02-09 08:30 ET,0.2768,loss
2026-02-09 14:30 ET,bull,25412.75,2026-02-09 14:45 ET,0.877,loss
2026-02-11 07:45 ET,bear,25248.75,2026-02-11 08:00 ET,1.4988,loss
2026-02-11 22:45 ET,bull,25309.0,2026-02-11 23:00 ET,1.0079,win
2026-02-11 23:30 ET,bull,25316.25,2026-02-12 01:15 ET,1.4572,win
2026-02-12 00:15 ET,bull,25332.25,2026-02-12 00:30 ET,1.8054,win
2026-02-12 02:30 ET,bull,25346.0,2026-02-12 02:45 ET,1.0028,win
2026-02-12 08:45 ET,bull,25381.0,2026-02-12 09:00 ET,0.6932,loss
2026-02-12 11:30 ET,bear,24920.0,2026-02-12 12:15 ET,1.1341,win
2026-02-12 15:30 ET,bear,24834.75,2026-02-12 16:45 ET,0.8205,win
2026-02-12 22:30 ET,bear,24796.5,2026-02-12 23:15 ET,0.9557,win
2026-02-12 23:00 ET,bear,24770.0,2026-02-12 23:15 ET,1.445,win
2026-02-13 00:30 ET,bear,24729.25,2026-02-13 00:45 ET,1.8072,win
2026-02-16 00:45 ET,bear,24813.0,2026-02-16 01:00 ET,1.8626,loss
2026-02-16 04:00 ET,bull,24888.0,2026-02-16 05:00 ET,1.1986,loss
2026-02-16 04:30 ET,bull,24907.0,2026-02-16 04:45 ET,1.1986,loss
2026-02-16 22:15 ET,bear,24643.0,2026-02-17 02:45 ET,0.7434,loss
2026-02-17 10:00 ET,bear,24571.75,2026-02-17 10:15 ET,0.9081,ambiguous
2026-02-17 13:45 ET,bull,24812.75,2026-02-17 14:45 ET,0.6451,win
2026-02-17 23:45 ET,bull,24827.25,2026-02-18 00:00 ET,1.295,win
2026-02-18 02:45 ET,bull,24826.25,2026-02-18 08:45 ET,0.519,ambiguous
2026-02-18 03:30 ET,bull,24889.75,2026-02-18 03:45 ET,0.5822,win
2026-02-19 04:45 ET,bear,24901.0,2026-02-19 05:00 ET,1.162,win
2026-02-19 11:45 ET,bear,24872.5,2026-02-19 12:15 ET,1.052,win
2026-02-19 14:45 ET,bear,24792.75,2026-02-19 15:00 ET,0.9577,loss
2026-02-20 00:45 ET,bull,24932.5,2026-02-20 01:30 ET,1.683,win
2026-02-20 06:15 ET,bear,24885.75,2026-02-20 06:30 ET,0.532,win
2026-02-20 07:00 ET,bear,24842.75,2026-02-20 07:15 ET,0.6606,win
2026-02-20 08:45 ET,bear,24773.25,2026-02-20 09:00 ET,0.7301,win
2026-02-20 11:00 ET,bull,25070.25,2026-02-20 11:15 ET,0.9536,loss
2026-02-20 11:45 ET,bull,25089.25,2026-02-20 12:00 ET,0.9536,loss
2026-02-20 13:00 ET,bull,24991.75,2026-02-20 13:15 ET,0.7092,loss
2026-02-22 20:00 ET,bear,24876.0,2026-02-22 20:15 ET,1.0781,win
2026-02-23 04:15 ET,bull,24972.5,2026-02-23 05:15 ET,0.7061,loss
2026-02-23 14:00 ET,bear,24754.75,2026-02-23 15:45 ET,0.5872,win
2026-02-23 21:30 ET,bull,24858.75,2026-02-23 21:45 ET,0.3642,loss
2026-02-24 03:15 ET,bear,24817.75,2026-02-24 03:30 ET,0.6423,win
2026-02-24 07:45 ET,bear,24823.5,2026-02-24 08:00 ET,0.4029,loss
2026-02-24 12:15 ET,bull,25043.25,2026-02-24 12:30 ET,0.6823,loss
2026-02-25 09:00 ET,bull,25145.25,2026-02-25 09:15 ET,0.8649,win
2026-02-25 10:00 ET,bull,25303.5,2026-02-25 10:15 ET,1.1119,win
2026-02-25 11:45 ET,bull,25313.75,2026-02-25 12:00 ET,0.8627,win
2026-02-25 13:00 ET,bull,25341.25,2026-02-25 13:15 ET,0.6638,win
2026-02-25 13:45 ET,bull,25347.75,2026-02-25 18:30 ET,0.6638,loss
2026-02-25 14:15 ET,bull,25363.75,2026-02-25 15:15 ET,0.5264,win
2026-02-26 10:30 ET,bear,25000.5,2026-02-26 10:45 ET,1.1059,loss
2026-02-26 22:30 ET,bear,25023.75,2026-02-26 22:45 ET,0.804,loss
2026-02-27 06:00 ET,bear,25012.5,2026-02-27 10:45 ET,0.7565,win
2026-02-27 06:45 ET,bear,24958.5,2026-02-27 07:00 ET,0.7565,win
2026-03-02 02:00 ET,bear,24603.25,2026-03-02 04:00 ET,0.4987,win
2026-03-02 09:45 ET,bull,24810.0,2026-03-02 10:00 ET,0.9641,win
2026-03-02 14:30 ET,bull,25069.75,2026-03-02 15:00 ET,0.6603,loss
2026-03-02 21:15 ET,bear,24859.5,2026-03-02 21:30 ET,0.5965,win
2026-03-03 02:30 ET,bear,24713.0,2026-03-03 02:45 ET,0.6439,win
2026-03-03 03:45 ET,bear,24548.5,2026-03-03 04:00 ET,0.6785,win
2026-03-03 05:00 ET,bear,24483.75,2026-03-03 05:45 ET,0.7048,win
2026-03-04 05:15 ET,bull,24795.25,2026-03-04 07:15 ET,0.49,loss
2026-03-04 06:15 ET,bull,24855.25,2026-03-04 06:30 ET,0.8943,loss
2026-03-04 08:15 ET,bull,24863.25,2026-03-04 08:30 ET,0.4795,win
2026-03-04 10:30 ET,bull,25060.75,2026-03-04 10:45 ET,1.0532,win
2026-03-04 11:45 ET,bull,25139.0,2026-03-04 12:00 ET,0.8956,win
2026-03-04 13:45 ET,bull,25178.5,2026-03-04 15:00 ET,0.733,loss
2026-03-05 04:15 ET,bull,25121.25,2026-03-05 04:30 ET,1.0523,loss
2026-03-05 11:15 ET,bear,25011.75,2026-03-05 11:30 ET,0.8802,win
2026-03-06 02:30 ET,bull,25124.25,2026-03-06 02:45 ET,1.1117,loss
2026-03-06 09:00 ET,bear,24668.5,2026-03-06 09:15 ET,1.0648,win
2026-03-09 20:45 ET,bull,24933.25,2026-03-09 21:00 ET,1.3766,win
2026-03-10 03:30 ET,bull,25024.0,2026-03-10 06:30 ET,0.9768,win
2026-03-10 04:15 ET,bull,25098.25,2026-03-10 04:45 ET,1.3996,loss
2026-03-10 23:45 ET,bull,25109.25,2026-03-11 00:30 ET,0.9588,loss
2026-03-11 05:00 ET,bear,24969.75,2026-03-11 05:15 ET,1.0857,win
2026-03-11 19:45 ET,bear,24789.0,2026-03-11 20:00 ET,1.1145,win
2026-03-11 22:00 ET,bear,24795.75,2026-03-12 02:30 ET,1.1645,loss
2026-03-11 22:45 ET,bear,24737.5,2026-03-11 23:00 ET,1.1645,loss
2026-03-12 00:45 ET,bear,24726.75,2026-03-12 01:00 ET,1.192,loss
2026-03-12 10:30 ET,bear,24649.5,2026-03-12 10:45 ET,1.1011,ambiguous
2026-03-13 00:30 ET,bear,24587.75,2026-03-13 00:45 ET,1.1609,win
2026-03-13 03:15 ET,bear,24462.25,2026-03-13 03:30 ET,1.261,win
2026-03-13 06:15 ET,bull,24578.5,2026-03-13 06:30 ET,1.2592,win
2026-03-13 09:45 ET,bull,24720.75,2026-03-13 10:00 ET,0.9893,ambiguous
2026-03-16 07:45 ET,bull,24614.5,2026-03-16 10:45 ET,1.027,win
2026-03-16 08:15 ET,bull,24651.5,2026-03-16 08:45 ET,0.7608,win
2026-03-16 11:30 ET,bull,24711.5,2026-03-16 11:45 ET,1.0281,loss
2026-03-16 14:15 ET,bull,24703.25,2026-03-16 14:45 ET,0.77,win
2026-03-17 21:15 ET,bull,25087.0,2026-03-17 21:30 ET,1.077,win
2026-03-17 22:30 ET,bull,25118.25,2026-03-17 22:45 ET,1.2863,win
2026-03-18 00:00 ET,bull,25135.75,2026-03-18 00:15 ET,1.0815,win
2026-03-18 02:30 ET,bull,25185.75,2026-03-18 02:45 ET,1.1485,loss
2026-03-18 10:30 ET,bear,24871.25,2026-03-18 10:45 ET,1.1892,win
2026-03-18 12:45 ET,bear,24876.25,2026-03-18 13:45 ET,1.0839,win
2026-03-18 13:15 ET,bear,24835.75,2026-03-18 13:30 ET,0.4046,loss
2026-03-19 00:45 ET,bear,24633.0,2026-03-19 01:00 ET,1.0901,win
2026-03-20 03:00 ET,bear,24529.25,2026-03-20 03:15 ET,0.9816,loss
2026-03-20 06:15 ET,bear,24369.75,2026-03-20 06:30 ET,1.5701,loss
2026-03-20 13:45 ET,bear,24218.0,2026-03-20 14:00 ET,0.4149,win
2026-03-20 14:45 ET,bear,24105.75,2026-03-20 15:00 ET,0.8496,win
2026-03-23 00:00 ET,bear,23971.25,2026-03-23 00:15 ET,0.9243,loss
2026-03-23 07:15 ET,bull,24455.75,2026-03-23 07:45 ET,0.8584,ambiguous
2026-03-24 08:45 ET,bear,24307.75,2026-03-24 09:30 ET,1.2232,win
2026-03-24 13:15 ET,bear,24203.75,2026-03-24 13:30 ET,0.4732,win
2026-03-25 00:30 ET,bull,24404.5,2026-03-25 00:45 ET,1.0536,loss
2026-03-25 15:00 ET,bear,24356.0,2026-03-25 15:15 ET,0.5398,win
2026-03-26 07:30 ET,bear,24152.0,2026-03-26 09:15 ET,3.169,win
2026-03-26 08:45 ET,bear,24121.5,2026-03-26 09:00 ET,1.2861,win
2026-03-26 14:00 ET,bear,23901.0,2026-03-26 16:00 ET,0.8576,ambiguous
2026-03-27 07:00 ET,bear,23660.75,2026-03-27 07:30 ET,3.2317,win
2026-03-30 07:30 ET,bull,23450.0,2026-03-30 07:45 ET,3.2373,win
2026-03-30 08:30 ET,bull,23494.25,2026-03-30 08:45 ET,1.2934,ambiguous
2026-03-30 13:30 ET,bear,23233.75,2026-03-30 13:45 ET,0.7132,win
2026-03-30 19:15 ET,bear,23068.5,2026-03-30 20:00 ET,0.8616,win
2026-03-30 21:45 ET,bull,23336.5,2026-03-30 22:00 ET,1.1238,win
2026-03-31 07:15 ET,bull,23323.0,2026-03-31 08:15 ET,3.2342,win
2026-03-31 10:00 ET,bull,23495.25,2026-03-31 10:30 ET,0.5528,win
2026-03-31 15:15 ET,bull,23872.5,2026-03-31 16:00 ET,0.588,win
2026-03-31 19:30 ET,bull,23972.5,2026-03-31 21:30 ET,0.8157,win
2026-04-01 02:45 ET,bull,24153.25,2026-04-01 03:00 ET,1.5307,loss
2026-04-01 11:00 ET,bull,24251.75,2026-04-01 11:15 ET,0.8903,win
2026-04-01 12:00 ET,bull,24296.5,2026-04-01 12:15 ET,1.5852,win
2026-04-01 21:45 ET,bear,23962.75,2026-04-01 22:00 ET,1.6289,win
2026-04-02 10:45 ET,bull,24084.0,2026-04-02 12:00 ET,0.7818,win
2026-04-02 20:15 ET,bull,24219.5,2026-04-02 20:30 ET,1.7348,loss
2026-04-06 00:15 ET,bull,24219.25,2026-04-06 01:45 ET,1.1419,win
2026-04-06 00:45 ET,bull,24244.25,2026-04-06 01:30 ET,1.1419,win
2026-04-06 04:45 ET,bull,24363.75,2026-04-06 05:45 ET,1.1585,loss
2026-04-06 22:00 ET,bear,24188.25,2026-04-06 22:15 ET,1.1713,loss
2026-04-07 07:00 ET,bear,24234.75,2026-04-07 07:15 ET,1.2377,win
2026-04-07 13:45 ET,bull,24213.25,2026-04-07 14:00 ET,0.65,loss
2026-04-07 19:30 ET,bull,25017.0,2026-04-07 19:45 ET,1.0965,win
2026-04-07 21:00 ET,bull,25069.0,2026-04-07 21:15 ET,2.8489,win
2026-04-08 01:30 ET,bull,25140.0,2026-04-08 03:30 ET,0.9662,win
2026-04-09 12:15 ET,bull,25204.0,2026-04-09 12:30 ET,1.5952,loss
2026-04-09 13:15 ET,bull,25221.25,2026-04-09 13:30 ET,0.5,loss
2026-04-09 15:15 ET,bull,25203.5,2026-04-09 18:45 ET,0.9494,win
2026-04-09 15:45 ET,bull,25239.75,2026-04-09 16:00 ET,0.9494,loss
2026-04-09 21:45 ET,bull,25283.25,2026-04-09 22:00 ET,2.8662,loss
2026-04-13 10:00 ET,bull,25276.0,2026-04-13 10:15 ET,1.1112,win
2026-04-13 19:15 ET,bull,25601.0,2026-04-13 19:30 ET,1.2887,win
2026-04-14 03:15 ET,bull,25609.25,2026-04-14 03:45 ET,0.9378,win
2026-04-14 07:30 ET,bull,25650.0,2026-04-14 09:15 ET,1.1576,win
2026-04-14 08:00 ET,bull,25665.75,2026-04-14 08:15 ET,0.5648,win
2026-04-14 09:45 ET,bull,25717.0,2026-04-14 10:00 ET,0.9343,win
2026-04-14 10:30 ET,bull,25780.0,2026-04-14 11:00 ET,1.1137,win
2026-04-14 12:30 ET,bull,25907.25,2026-04-14 12:45 ET,1.4546,win
2026-04-14 21:15 ET,bull,26029.0,2026-04-14 21:30 ET,2.3573,loss
2026-04-16 01:45 ET,bull,26447.25,2026-04-16 04:00 ET,0.8657,loss
2026-04-16 02:15 ET,bull,26464.0,2026-04-16 02:30 ET,0.692,loss
2026-04-17 08:30 ET,bull,26605.75,2026-04-17 08:45 ET,0.3079,win
2026-04-17 10:45 ET,bull,26802.0,2026-04-17 11:45 ET,0.9582,win
2026-04-21 01:15 ET,bull,26834.5,2026-04-21 01:30 ET,0.8173,win
2026-04-21 02:15 ET,bull,26841.0,2026-04-21 03:00 ET,0.5798,loss
2026-04-21 11:00 ET,bear,26771.0,2026-04-21 11:15 ET,0.7625,win
2026-04-21 13:15 ET,bear,26655.5,2026-04-21 13:30 ET,0.3234,loss
2026-04-21 21:45 ET,bull,26808.0,2026-04-21 23:00 ET,0.391,win
2026-04-22 02:45 ET,bull,26830.5,2026-04-22 03:15 ET,0.584,loss
2026-04-22 13:15 ET,bull,27007.25,2026-04-22 14:15 ET,0.3249,win
2026-04-23 11:15 ET,bull,27108.25,2026-04-23 11:45 ET,0.7232,loss
2026-04-23 15:00 ET,bear,26904.5,2026-04-23 15:15 ET,0.4485,win
2026-04-23 20:30 ET,bull,27112.0,2026-04-23 20:45 ET,0.606,loss
2026-04-24 06:30 ET,bull,27171.75,2026-04-24 06:45 ET,0.5438,win
2026-04-24 15:15 ET,bull,27418.75,2026-04-24 15:30 ET,0.4446,loss
2026-04-26 21:00 ET,bull,27456.0,2026-04-27 01:30 ET,0.6347,loss
2026-04-27 22:00 ET,bear,27434.0,2026-04-27 22:15 ET,0.5889,win
2026-04-28 01:45 ET,bear,27374.0,2026-04-28 02:00 ET,0.9419,win
2026-04-28 02:45 ET,bear,27343.25,2026-04-28 03:00 ET,0.4409,win
2026-04-28 05:45 ET,bear,27297.75,2026-04-28 06:00 ET,0.508,win
2026-04-28 07:30 ET,bear,27156.0,2026-04-28 09:00 ET,0.5407,win
2026-04-28 10:45 ET,bear,27113.25,2026-04-28 11:00 ET,0.6854,win
2026-04-28 23:15 ET,bull,27281.0,2026-04-28 23:30 ET,0.7118,loss
2026-04-29 00:15 ET,bull,27288.25,2026-04-29 01:00 ET,0.6462,loss
2026-04-29 01:45 ET,bull,27297.0,2026-04-29 02:00 ET,1.0166,loss
2026-04-29 06:30 ET,bull,27257.5,2026-04-29 06:45 ET,0.6341,loss
2026-04-29 20:15 ET,bull,27558.5,2026-04-29 21:30 ET,0.5901,loss
2026-04-30 07:30 ET,bull,27450.0,2026-04-30 07:45 ET,1.1614,win
2026-04-30 14:15 ET,bull,27552.25,2026-04-30 14:45 ET,0.3336,win
2026-04-30 15:15 ET,bull,27587.0,2026-04-30 15:30 ET,0.3992,win
2026-04-30 20:30 ET,bull,27621.75,2026-04-30 20:45 ET,0.6065,win
2026-04-30 21:30 ET,bull,27640.75,2026-04-30 22:15 ET,0.8984,loss
2026-05-01 08:15 ET,bull,27589.0,2026-05-01 08:30 ET,0.6999,win
2026-05-01 13:30 ET,bull,27864.5,2026-05-01 14:00 ET,0.8548,loss
2026-05-03 23:00 ET,bull,27926.5,2026-05-03 23:15 ET,0.6596,loss
2026-05-04 06:15 ET,bear,27767.25,2026-05-04 06:30 ET,0.4904,loss
2026-05-04 11:30 ET,bear,27783.5,2026-05-04 13:15 ET,0.4509,win
2026-05-04 21:15 ET,bull,27796.5,2026-05-04 21:30 ET,0.8653,win
2026-05-05 04:15 ET,bull,27918.0,2026-05-05 04:30 ET,0.4592,win
2026-05-05 08:15 ET,bull,27980.0,2026-05-05 08:30 ET,0.4317,win
2026-05-05 09:45 ET,bull,28064.75,2026-05-05 10:00 ET,1.0215,win
2026-05-05 11:15 ET,bull,28115.25,2026-05-05 11:30 ET,0.6398,win
2026-05-05 14:15 ET,bull,28169.0,2026-05-05 14:45 ET,0.3795,loss
2026-05-05 19:00 ET,bull,28345.0,2026-05-05 20:00 ET,0.6615,loss
2026-05-06 04:00 ET,bull,28341.5,2026-05-06 04:15 ET,0.5186,win
2026-05-06 05:45 ET,bull,28480.75,2026-05-06 08:00 ET,0.5335,win
2026-05-06 06:45 ET,bull,28560.5,2026-05-06 07:30 ET,0.7467,win
2026-05-08 04:15 ET,bull,28845.5,2026-05-08 04:30 ET,0.787,win
2026-05-08 05:15 ET,bull,28876.75,2026-05-08 05:30 ET,0.5479,loss
2026-05-08 07:30 ET,bull,28888.0,2026-05-08 08:00 ET,1.1841,win
2026-05-08 10:00 ET,bull,29076.0,2026-05-08 10:30 ET,0.6047,win
2026-05-08 11:00 ET,bull,29147.0,2026-05-08 11:15 ET,0.7623,win
2026-05-11 21:45 ET,bear,29311.25,2026-05-11 22:00 ET,0.5892,win
2026-05-12 03:00 ET,bear,29223.25,2026-05-12 03:15 ET,0.4246,win
2026-05-12 04:15 ET,bear,29221.75,2026-05-12 04:30 ET,0.8065,win
2026-05-12 06:45 ET,bear,29213.75,2026-05-12 07:00 ET,0.7558,win
2026-05-12 07:15 ET,bear,29167.0,2026-05-12 07:30 ET,1.0691,win
2026-05-12 11:30 ET,bear,28945.25,2026-05-12 14:00 ET,0.7265,loss
2026-05-13 02:15 ET,bull,29310.5,2026-05-13 02:30 ET,0.7844,win
2026-05-13 19:15 ET,bull,29615.0,2026-05-13 19:30 ET,0.8829,win
2026-05-13 20:45 ET,bull,29663.25,2026-05-13 21:00 ET,1.006,loss
2026-05-15 02:00 ET,bear,29342.0,2026-05-15 02:15 ET,0.6195,win
2026-05-15 08:15 ET,bear,29243.0,2026-05-15 09:15 ET,0.5201,ambiguous
2026-05-17 20:15 ET,bear,29043.0,2026-05-17 21:00 ET,1.0086,win
2026-05-18 09:00 ET,bull,29354.0,2026-05-18 09:15 ET,0.6051,loss
2026-05-18 10:45 ET,bear,29109.0,2026-05-18 11:00 ET,0.5779,win
2026-05-19 09:15 ET,bear,28879.5,2026-05-19 09:30 ET,0.7273,loss
2026-05-19 22:00 ET,bull,28965.0,2026-05-19 22:15 ET,0.9716,win
2026-05-20 03:00 ET,bull,29023.5,2026-05-20 03:30 ET,0.496,win
2026-05-20 04:45 ET,bull,29096.0,2026-05-20 05:00 ET,1.3607,win
2026-05-20 06:00 ET,bull,29123.0,2026-05-20 06:15 ET,0.9416,loss
2026-05-20 11:30 ET,bull,29288.75,2026-05-20 12:00 ET,0.7489,win
2026-05-21 19:00 ET,bull,29534.25,2026-05-21 19:30 ET,1.0964,win
2026-05-22 01:00 ET,bull,29589.5,2026-05-22 01:15 ET,1.5607,loss
2026-05-22 06:30 ET,bear,29464.5,2026-05-22 06:45 ET,1.1272,loss
2026-05-24 19:45 ET,bull,29837.25,2026-05-24 20:00 ET,0.9759,win
2026-05-24 20:45 ET,bull,29904.5,2026-05-24 22:30 ET,0.8408,win
2026-05-25 01:00 ET,bull,29973.75,2026-05-25 01:45 ET,1.5399,loss
2026-05-25 03:45 ET,bull,29955.25,2026-05-25 04:00 ET,0.4873,loss
2026-05-25 20:15 ET,bear,29849.75,2026-05-25 20:30 ET,0.9462,win
2026-05-26 03:15 ET,bear,29789.0,2026-05-26 03:45 ET,0.4856,loss
2026-05-26 08:45 ET,bull,29911.0,2026-05-26 09:00 ET,0.8872,loss
2026-05-27 04:30 ET,bull,30190.5,2026-05-27 05:00 ET,1.2067,win
2026-05-27 06:15 ET,bull,30227.75,2026-05-27 06:30 ET,1.171,win
2026-05-27 07:15 ET,bull,30251.5,2026-05-27 08:15 ET,0.6612,win
2026-05-27 08:30 ET,bull,30308.0,2026-05-27 08:45 ET,0.8856,loss
2026-05-27 23:45 ET,bear,29837.0,2026-05-28 01:15 ET,0.9064,loss
2026-05-28 07:00 ET,bear,29906.75,2026-05-28 07:15 ET,0.6822,loss
2026-05-28 11:30 ET,bull,30256.75,2026-05-28 11:45 ET,0.5482,win
2026-05-28 13:00 ET,bull,30314.5,2026-05-28 13:15 ET,0.6391,win
2026-05-29 05:15 ET,bull,30331.25,2026-05-29 05:30 ET,0.798,win
2026-05-29 06:45 ET,bull,30334.0,2026-05-29 07:15 ET,1.2511,win
2026-05-29 09:00 ET,bull,30341.5,2026-05-29 09:15 ET,0.6929,win
2026-05-29 12:15 ET,bull,30400.25,2026-05-29 12:30 ET,0.7464,win
2026-05-29 14:30 ET,bull,30367.0,2026-05-29 14:45 ET,0.742,loss
2026-05-29 15:45 ET,bull,30393.0,2026-05-29 16:00 ET,0.942,win
2026-05-31 20:30 ET,bull,30525.25,2026-05-31 21:00 ET,1.058,win
2026-05-31 22:15 ET,bull,30555.0,2026-05-31 22:30 ET,1.1193,loss
2026-06-01 00:45 ET,bull,30568.75,2026-06-01 01:00 ET,0.7832,loss
2026-06-01 09:15 ET,bear,30380.75,2026-06-01 09:30 ET,0.7912,ambiguous
2026-06-01 22:00 ET,bear,30348.0,2026-06-01 22:15 ET,1.1271,loss
2026-06-02 03:15 ET,bull,30525.0,2026-06-02 03:30 ET,0.7172,win
2026-06-02 05:45 ET,bull,30564.25,2026-06-02 06:00 ET,0.7635,loss
2026-06-02 11:15 ET,bull,30652.25,2026-06-02 11:30 ET,0.4942,win
2026-06-02 15:15 ET,bull,30661.0,2026-06-02 19:15 ET,0.8121,loss
2026-06-04 05:15 ET,bear,30312.25,2026-06-04 05:30 ET,0.4888,win
2026-06-04 14:15 ET,bull,30573.75,2026-06-04 14:30 ET,0.578,loss
2026-06-05 03:15 ET,bear,30112.25,2026-06-05 03:30 ET,0.6245,loss
2026-06-05 07:15 ET,bear,30186.25,2026-06-05 07:30 ET,0.3452,win
2026-06-05 09:15 ET,bear,30051.75,2026-06-05 09:30 ET,0.8206,ambiguous
2026-06-05 10:00 ET,bear,29871.0,2026-06-05 10:15 ET,0.7378,ambiguous
2026-06-08 01:45 ET,bear,29024.5,2026-06-08 02:00 ET,1.0046,loss
2026-06-08 08:45 ET,bull,29460.0,2026-06-08 09:30 ET,0.5263,ambiguous
2026-06-08 09:15 ET,bull,29523.25,2026-06-08 09:30 ET,0.9732,ambiguous
2026-06-09 00:15 ET,bull,29596.75,2026-06-09 01:00 ET,1.5578,win
2026-06-09 07:00 ET,bull,29680.0,2026-06-09 07:15 ET,0.7489,win
2026-06-09 11:30 ET,bear,28944.25,2026-06-09 11:45 ET,0.7523,win
2026-06-10 09:45 ET,bull,28983.75,2026-06-10 10:00 ET,0.8806,win
2026-06-11 00:00 ET,bull,28714.0,2026-06-11 00:15 ET,1.8192,win
2026-06-11 00:45 ET,bull,28760.25,2026-06-11 01:00 ET,1.8192,loss
2026-06-11 03:30 ET,bull,28835.5,2026-06-11 03:45 ET,0.9025,win
2026-06-11 04:15 ET,bull,28889.25,2026-06-11 04:45 ET,1.2959,loss
2026-06-11 11:00 ET,bear,28795.5,2026-06-11 11:15 ET,1.5937,ambiguous
2026-06-14 20:15 ET,bull,30427.75,2026-06-14 20:30 ET,1.8397,win
2026-06-16 01:15 ET,bull,30830.5,2026-06-16 01:30 ET,1.307,win
2026-06-16 05:00 ET,bull,30913.5,2026-06-16 05:15 ET,1.0357,loss
2026-06-17 06:00 ET,bear,30465.0,2026-06-17 06:15 ET,0.855,win
2026-06-17 15:45 ET,bear,30055.0,2026-06-17 16:00 ET,0.8285,win
2026-06-17 20:15 ET,bull,30355.75,2026-06-17 20:45 ET,1.7876,win
2026-06-19 01:00 ET,bear,30453.5,2026-06-19 01:45 ET,1.2979,win
2026-06-19 11:00 ET,bull,30683.25,2026-06-19 11:15 ET,1.8002,loss
2026-06-21 19:45 ET,bear,30398.0,2026-06-21 20:00 ET,1.3202,ambiguous
2026-06-22 02:30 ET,bull,30704.75,2026-06-22 04:00 ET,0.7721,win
2026-06-22 03:15 ET,bull,30759.75,2026-06-22 03:30 ET,0.7797,loss
2026-06-22 23:15 ET,bear,30380.5,2026-06-22 23:45 ET,1.5381,win
2026-06-23 14:00 ET,bear,29782.5,2026-06-23 18:00 ET,1.1393,win
2026-06-23 14:45 ET,bear,29657.5,2026-06-23 15:00 ET,1.1393,ambiguous
2026-06-24 13:30 ET,bear,29465.75,2026-06-24 14:15 ET,1.4646,loss
2026-06-25 03:30 ET,bull,30149.0,2026-06-25 04:45 ET,0.657,win
2026-06-25 10:00 ET,bear,29690.0,2026-06-25 10:30 ET,1.2923,win
2026-06-25 12:45 ET,bear,29715.25,2026-06-25 13:00 ET,1.0509,ambiguous
2026-06-25 15:15 ET,bear,29699.75,2026-06-25 15:45 ET,1.0995,ambiguous
2026-06-25 23:00 ET,bear,29271.75,2026-06-25 23:45 ET,1.4636,loss
2026-06-28 19:15 ET,bull,29625.25,2026-06-28 19:45 ET,1.4164,win
2026-06-29 14:45 ET,bull,30025.5,2026-06-29 15:00 ET,0.5609,ambiguous
2026-06-29 23:45 ET,bull,30091.0,2026-06-30 03:45 ET,1.6688,ambiguous
2026-06-30 00:45 ET,bull,30183.0,2026-06-30 01:00 ET,1.767,loss
2026-06-30 13:00 ET,bull,30525.75,2026-06-30 13:15 ET,0.8199,win
2026-07-01 03:15 ET,bear,30358.5,2026-07-01 03:30 ET,0.7009,loss
2026-07-01 08:45 ET,bear,30288.0,2026-07-01 09:00 ET,0.7417,win
2026-07-01 12:00 ET,bear,30277.25,2026-07-01 12:15 ET,0.6973,win
2026-07-02 02:15 ET,bear,29995.25,2026-07-02 02:30 ET,1.7485,win
2026-07-02 03:15 ET,bear,29871.75,2026-07-02 03:30 ET,0.7111,loss
2026-07-02 12:45 ET,bear,29542.5,2026-07-02 15:45 ET,0.7198,ambiguous
2026-07-03 02:15 ET,bull,29843.25,2026-07-03 02:45 ET,1.9329,win
2026-07-07 09:00 ET,bear,29655.75,2026-07-07 09:30 ET,2.2216,win
2026-07-08 01:45 ET,bear,29363.5,2026-07-08 02:00 ET,1.3893,win
2026-07-08 05:15 ET,bear,28971.0,2026-07-08 05:30 ET,0.5489,win
2026-07-08 20:15 ET,bull,29518.75,2026-07-08 20:30 ET,1.942,win
2026-07-08 23:45 ET,bull,29495.5,2026-07-09 00:00 ET,1.5551,win
2026-07-09 02:00 ET,bull,29572.0,2026-07-09 06:45 ET,1.5752,win
2026-07-09 03:15 ET,bull,29639.75,2026-07-09 03:30 ET,0.5852,win
2026-07-09 08:30 ET,bull,29739.5,2026-07-09 08:45 ET,0.686,ambiguous
2026-07-10 09:45 ET,bull,29853.0,2026-07-10 10:15 ET,1.0315,win
2026-07-10 12:30 ET,bull,30004.25,2026-07-10 13:00 ET,1.3813,win
2026-07-12 22:00 ET,bear,29773.0,2026-07-12 22:15 ET,0.9897,win
2026-07-13 00:15 ET,bear,29678.0,2026-07-13 01:00 ET,1.7861,win
2026-07-13 00:45 ET,bear,29637.25,2026-07-13 01:00 ET,1.7861,loss
2026-07-13 12:30 ET,bear,29557.75,2026-07-13 13:00 ET,1.3891,win
2026-07-14 01:30 ET,bull,29577.5,2026-07-14 02:45 ET,1.0442,win
2026-07-14 04:30 ET,bull,29607.25,2026-07-14 04:45 ET,2.0984,loss
2026-07-14 08:45 ET,bull,29753.5,2026-07-14 09:15 ET,0.6657,win
2026-07-16 07:15 ET,bear,29501.5,2026-07-16 09:30 ET,0.6476,win
2026-07-16 09:45 ET,bear,29360.0,2026-07-16 10:00 ET,0.9018,ambiguous
2026-07-16 12:15 ET,bear,29314.5,2026-07-16 12:30 ET,1.4185,win
2026-07-16 13:45 ET,bear,29269.25,2026-07-16 14:00 ET,0.6858,win
2026-07-16 15:30 ET,bear,29170.0,2026-07-16 15:45 ET,0.3665,ambiguous
2026-07-16 21:45 ET,bear,28990.25,2026-07-16 23:15 ET,1.5982,win
2026-07-16 22:30 ET,bear,28938.75,2026-07-16 23:00 ET,1.2678,loss
2026-07-17 00:30 ET,bear,28823.75,2026-07-17 00:45 ET,1.6567,win
2026-07-17 01:45 ET,bear,28774.5,2026-07-17 02:00 ET,1.1233,win
2026-07-17 04:30 ET,bear,28618.0,2026-07-17 04:45 ET,1.9507,loss
2026-07-20 07:15 ET,bull,28988.25,2026-07-20 08:00 ET,0.8269,win
2026-07-20 07:45 ET,bull,29048.25,2026-07-20 08:00 ET,0.8269,loss
2026-07-20 12:15 ET,bull,29069.25,2026-07-20 12:30 ET,1.197,loss
2026-07-21 00:00 ET,bull,29058.5,2026-07-21 00:15 ET,1.5628,win
2026-07-21 02:15 ET,bull,29108.25,2026-07-21 03:15 ET,0.2407,win
2026-07-21 04:30 ET,bull,29156.0,2026-07-21 04:45 ET,1.9243,win
2026-07-21 09:00 ET,bull,29156.5,2026-07-21 09:15 ET,0.9044,win
2026-07-22 03:45 ET,bear,29077.75,2026-07-22 04:00 ET,0.9814,loss
2026-07-22 10:00 ET,bull,29217.25,2026-07-22 10:15 ET,0.7311,win
2026-07-22 20:30 ET,bull,29218.25,2026-07-22 21:30 ET,1.0092,loss
2026-07-23 02:00 ET,bear,29117.0,2026-07-23 02:45 ET,0.6523,win
2026-07-23 03:15 ET,bear,29038.75,2026-07-23 04:00 ET,0.95,win
2026-07-23 03:45 ET,bear,28988.75,2026-07-23 04:00 ET,0.95,loss
2026-07-23 08:45 ET,bear,28805.5,2026-07-23 09:30 ET,0.5675,ambiguous
2026-07-23 09:15 ET,bear,28731.5,2026-07-23 09:30 ET,0.8727,ambiguous
2026-07-23 23:00 ET,bear,28546.5,2026-07-23 23:15 ET,1.3891,win
2026-07-24 05:45 ET,bull,28680.75,2026-07-24 06:00 ET,0.9451,loss
2026-07-24 10:00 ET,bear,28451.75,2026-07-24 10:45 ET,0.6725,win
2026-07-24 15:15 ET,bear,28266.5,2026-07-24 15:30 ET,0.5022,win
