time,open,high,low,close,EMA Direction (debug),Entry Arrow Long,Entry Arrow Short,Cancelled (Long side),Cancelled (Short side),EMA,Volume,Volume MA
1785351960,27955.25,27977.5,27949.25,27959.25,1,0,0,0,0,,7125,6415.75
1785352020,27960.75,27963,27918.25,27920,1,0,0,0,0,,6636,6394.95
1785352080,27920.5,27940.25,27889.25,27904,1,0,0,0,0,,8553,6506.4
1785352140,27905.25,27914.75,27877.25,27878.5,1,0,0,0,0,,6029,6543.8
1785352200,27878,27889,27839.25,27862,1,0,0,0,0,,8664,6662.75
1785352260,27862,27917.25,27859,27913.75,1,0,0,1,0,,8126,6789.8
1785352320,27912.75,27928.5,27872.25,27907.25,1,0,0,0,0,,8091,6955.75
1785352380,27906.25,27929.5,27898,27909,1,0,0,0,0,,5802,6922.45
1785352440,27908.75,27926,27895.75,27905.5,1,0,0,0,0,27898.662640227918,4437,6917.85
1785352500,27905.5,27934.75,27885.5,27930.25,1,0,0,0,0,,6324,6894.1
1785352560,27929.5,27938.75,27875,27889.5,-1,0,0,0,0,,6565,6907.9
1785352620,27889.75,27897.75,27843,27845.75,-1,0,0,0,0,,5801,6851.3
1785352680,27846.75,27848,27805,27827.25,-1,0,0,0,0,,7688,6970.8
1785352740,27826.5,27833.75,27807.5,27821.75,-1,0,0,0,0,,5069,6965.95
1785352800,27821.5,27828,27770.5,27771,-1,0,0,0,0,,6967,6941.1
1785352860,27771,27775.75,27720.25,27737.75,-1,0,0,0,0,,10718,7136.5
1785352920,27737.75,27746,27682.25,27716,-1,0,0,0,0,,8690,7231.55
1785352980,27716.75,27730,27701.75,27718.5,-1,0,0,0,0,,5070,7132.55
1785353040,27720,27745,27703,27711,-1,0,0,0,0,,5153,6950.45
1785353100,27710.5,27724,27674.5,27678.5,-1,0,0,0,0,,6649,6907.85
1785353160,27677.75,27682,27641,27669.5,-1,0,0,0,0,,7828,6943
1785353220,27670,27690.25,27644.5,27675.25,-1,0,0,0,0,,6326,6927.5
1785353280,27676.25,27701,27669,27694.25,-1,0,0,0,0,,5877,6793.7
1785353340,27693.75,27713,27684.5,27711,-1,0,0,0,0,27836.108426818613,6095,6797
1785353400,27711.25,27738.75,27696.25,27726.5,-1,0,0,0,0,,8481,6787.85
1785353460,27726.25,27744,27696.75,27716.5,-1,0,0,0,0,,7009,6732
1785353520,27716.5,27724.75,27664.25,27682.75,-1,0,0,0,0,,7183,6686.6
1785353580,27682.5,27684.75,27593,27600,-1,0,0,0,0,,9764,6884.7
1785353640,27600.5,27611.5,27571.75,27610.25,-1,0,0,0,0,,9365,7131.1
1785353700,27610.75,27621.5,27581,27601.5,-1,0,0,0,0,,7599,7194.85
1785353760,27601.75,27627,27585,27623,-1,0,0,0,0,,7850,7259.1
1785353820,27623.25,27631.25,27577,27583.5,-1,0,0,0,0,,6633,7300.7
1785353880,27583.25,27584.75,27525.25,27527.25,-1,0,0,0,0,,7932,7312.9
1785353940,27527.25,27529.75,27503,27508.5,-1,0,0,0,0,,8542,7486.55
1785354000,27507.75,27520,27472.5,27519,-1,0,0,0,0,,10768,7676.6
1785354060,27519,27542,27497.25,27513,-1,0,0,0,0,,9067,7594.05
1785354120,27513.5,27527,27502.5,27509.25,-1,0,0,0,0,,6367,7477.9
1785354180,27510.25,27515.5,27467.25,27501,-1,0,0,0,0,,9666,7707.7
1785354240,27501,27502.75,27459,27473.75,-1,0,0,0,0,27715.322284545742,7174,7808.75
1785354300,27473.75,27488.25,27453.75,27456.25,-1,0,0,0,0,,7422,7847.4
1785354360,27456,27484.5,27445,27449,-1,0,0,0,0,,7434,7827.7
1785354420,27449,27458,27421.25,27447.5,-1,0,0,0,0,,7230,7872.9
1785354480,27447,27484,27443.5,27472.5,-1,0,0,0,0,,7050,7931.55
1785354540,27472,27511,27456,27501,-1,0,0,0,0,,6455,7949.55
1785354600,27500.25,27500.25,27432.5,27459.75,-1,0,0,0,0,,8260,7938.5
1785354660,27459,27459.25,27423,27443.5,-1,0,0,0,1,,5358,7855.95
1785354720,27443.5,27446,27393.5,27414.75,-1,0,0,0,0,,8773,7935.45
1785354780,27415,27430.25,27405.75,27417.25,-1,0,0,0,0,,5221,7708.3
1785354840,27417.5,27449,27416,27434.25,-1,0,0,0,0,,6462,7563.15
1785354900,27434.25,27434.75,27363.75,27379.25,-1,0,0,0,0,,9297,7648.05
1785354960,27379.75,27392,27356.75,27365.25,-1,0,0,0,0,,5208,7515.95
1785355020,27365.25,27367.5,27343.5,27344.25,-1,0,0,0,0,,4745,7421.55
1785355080,27344.75,27349.5,27331.5,27340.5,-1,0,0,0,0,,4817,7265.8
1785355140,27341,27370.75,27317.5,27336.5,-1,0,0,0,0,27589.04818969716,11665,7421.95
1785355200,27336.25,27361.75,27282.75,27325.25,-1,0,0,0,0,,8406,7303.85
1785355260,27325.25,27361.25,27225.25,27229,-1,0,0,0,0,,9748,7337.9
1785355320,27231.5,27291,27222.75,27280.75,-1,0,0,0,0,,5855,7312.3
1785355380,27282.25,27298.75,27247.5,27262.5,-1,0,0,0,0,,3723,7015.15
1785355440,27261,27267.25,27200,27253,-1,0,0,0,0,,6240,6968.45
1785355500,27255,27322,27242,27302.25,-1,0,0,0,0,,6397,6917.2
1785355560,27302.5,27361.25,27284,27328.25,-1,0,0,0,0,,4628,6776.9
1785355620,27327.75,27339.25,27291.5,27302.5,-1,0,0,0,0,,3067,6568.75
1785355680,27303,27306,27262,27292.5,-1,0,0,0,0,,3297,6381.1
1785355740,27292.5,27304.25,27252.5,27256.75,-1,0,0,0,0,,2436,6180.15
1785355800,27256.5,27266.75,27233.25,27250.75,-1,0,0,0,0,,3306,5932.45
1785355860,27251.75,27283.5,27231.75,27271.75,-1,0,0,0,0,,3520,5840.55
1785355920,27272.25,27294.25,27245.5,27289.25,-1,0,0,0,0,,2881,5545.95
1785355980,27290.5,27332,27287.5,27300,-1,0,0,0,0,,4763,5523.05
1785356040,27300.25,27317.25,27289,27299.25,-1,0,0,0,0,27492.44879313144,2224,5311.15
1785356100,27300,27319.25,27274.75,27318.25,-1,0,0,0,0,,2296,4961.1
1785356160,27318.25,27339,27312.5,27318.5,-1,0,0,0,0,,2828,4842.1
1785356220,27319,27326.25,27298,27298,-1,0,0,0,0,,1841,4696.9
1785356280,27299.25,27301,27272.5,27283.75,-1,0,0,0,0,,2183,4565.2
1785356340,27282.25,27288.5,27265.5,27280.5,-1,0,0,0,0,,1477,4055.8
1785356400,27280,27300.25,27272.5,27279.75,-1,0,1,0,0,,1279,3699.45
1785356460,27279,27299.5,27273.25,27298.75,-1,0,0,0,0,,1065,3265.3
1785356520,27297.75,27307,27263.5,27266.5,-1,0,0,0,0,,1781,3061.6
1785356580,27266.5,27291.25,27261.75,27275.75,-1,0,0,0,0,,1349,2942.9
1785356640,27275.75,27279.75,27256,27265.75,-1,0,0,0,0,,1192,2690.5
1785356700,27266.25,27284.25,27261.25,27273.75,-1,0,0,0,0,,1003,2420.8
1785356760,27273.5,27274.75,27226,27228.5,-1,0,0,0,0,,2343,2306.55
1785356820,27228.25,27230.5,27208,27214.25,-1,0,0,0,0,,2228,2264.6
1785356880,27214.5,27234.25,27210.25,27234,-1,0,0,0,1,,1924,2195.95
1785356940,27234.25,27258,27233,27242.5,-1,0,0,0,0,27409.132528754293,1745,2161.4
1785357000,27241.75,27245.75,27205.75,27221.75,-1,0,0,0,0,,1805,2086.35
1785357060,27220.75,27254.75,27214.25,27240.75,-1,0,0,0,0,,1577,1989.2
1785357120,27242,27271,27239.25,27262.75,-1,0,0,0,0,,1867,1938.5
1785357180,27262.75,27275,27257.5,27270,-1,0,0,0,0,,1351,1767.9
1785357240,27269.75,27279.25,27260,27274.5,-1,0,0,0,0,,1385,1725.95
1785357300,27274,27295.5,27268.5,27278.25,-1,0,0,0,0,,1495,1685.9
1785357360,27277.75,27294.75,27265,27287,-1,0,0,0,0,,1199,1604.45
1785357420,27286.75,27296.75,27276.75,27294.5,-1,0,0,0,0,,1099,1567.35
1785357480,27294.25,27310.5,27291.5,27309,-1,0,0,0,0,,1470,1531.7
1785357540,27309,27333.25,27308.5,27328.5,-1,0,0,0,0,,1718,1543.75
1785357600,27327.5,27330.25,27312,27314.5,-1,0,0,0,0,,990,1529.3
1785357660,27314.5,27314.5,27298,27311.25,-1,0,0,0,0,,1291,1540.6
1785357720,27312.75,27316,27285.5,27294.5,-1,0,0,0,0,,1276,1515.35
1785357780,27295.25,27314.5,27287,27312.25,-1,0,0,0,0,,1259,1510.85
1785357840,27311.25,27315,27295.75,27312.5,-1,0,0,0,0,27376.921685836194,1111,1506.8
1785357900,27313.5,27321.75,27303.25,27313.25,-1,0,0,0,0,,896,1501.45
1785357960,27313,27313.25,27300,27304.25,-1,0,0,0,0,,747,1421.65
1785358020,27304.75,27306.5,27286.75,27300,-1,0,0,0,0,,988,1359.65
1785358080,27300.5,27312,27287.5,27289.75,-1,0,0,0,0,,733,1300.1
1785358140,27289.25,27290.5,27270,27274.5,-1,0,0,0,0,,904,1258.05
1785358200,27273,27277.5,27264,27274.25,-1,0,0,0,0,,825,1209.05
1785358260,27272.25,27300,27263.5,27286.25,-1,0,0,0,0,,905,1175.45
1785358320,27285,27296,27277.75,27293.75,-1,0,0,0,0,,536,1108.9
1785358380,27293.75,27306.25,27290,27297.5,-1,0,0,0,0,,743,1078.5
1785358440,27295.75,27308.25,27295.25,27307.25,-1,0,0,0,0,,602,1039.35
1785358500,27308,27312,27290.75,27291.25,-1,0,0,0,0,,695,999.35
1785358560,27292,27298.5,27283.25,27294,-1,0,0,0,0,,410,959.9
1785358620,27294.5,27302.25,27287.75,27297.5,-1,0,0,0,0,,363,923.1
1785358680,27296.25,27296.5,27275.25,27279.75,-1,0,0,0,0,,445,871.85
1785358740,27279,27280,27259.75,27259.75,-1,0,0,0,0,27337.86445722413,703,821.1
1785362400,27208,27301.75,27204.75,27297,-1,0,0,0,0,,2741,908.65
1785362460,27296,27320,27290.5,27313.25,-1,0,0,0,0,,2333,960.75
1785362520,27312.5,27347.25,27311.25,27340.25,-1,0,0,0,0,,2739,1033.9
1785362580,27340,27342.5,27319.5,27338.25,-1,0,0,0,0,,1643,1053.1
1785362640,27338.25,27355.5,27329,27354.25,-1,0,0,0,0,,1688,1081.95
1785362700,27354,27388.5,27349.25,27383,1,0,0,0,0,,2851,1179.7
1785362760,27383,27399.5,27381.75,27397,1,0,0,0,0,,2101,1247.4
1785362820,27396.75,27397,27382.5,27395.5,1,0,0,0,0,,1550,1275.5
1785362880,27395.5,27423,27394,27418,1,0,0,0,0,,2340,1355.85
1785362940,27418.25,27450,27414,27439,1,0,0,0,0,,2661,1443.7
1785363000,27439.75,27473,27429,27469.75,1,0,0,0,0,,3273,1566.1
1785363060,27470,27489.75,27462,27480,1,0,0,0,0,,3411,1691.4
1785363120,27479,27480,27458.5,27476.5,1,0,0,0,0,,2092,1769.2
1785363180,27476.75,27479.25,27438.75,27447.75,1,0,0,0,0,,2473,1855.7
1785363240,27449,27456.25,27434.5,27435.5,1,0,0,0,0,27370.40963814942,2161,1933.65
1785363300,27436.25,27442.75,27428.75,27438.5,1,0,0,0,0,,1282,1963
1785363360,27438.75,27471.5,27431.5,27468.25,1,0,0,0,0,,1922,2038.6
1785363420,27469.25,27470,27459,27467.25,1,0,0,0,0,,1127,2076.8
1785363480,27466.75,27468.75,27439.5,27462,1,0,0,0,0,,1679,2138.5
1785363540,27462,27484.5,27461,27476.5,1,0,0,0,0,,2146,2210.65
1785363600,27477.25,27479.25,27451.75,27451.75,1,0,0,0,0,,1293,2138.25
1785363660,27452.75,27465.25,27445.25,27449.25,1,0,0,0,0,,1576,2100.4
1785363720,27449.25,27464,27446,27455.25,1,0,0,0,0,,923,2009.6
1785363780,27456.25,27470,27452,27465.25,1,0,0,0,0,,1066,1980.75
1785363840,27466,27466,27433,27437.5,1,0,0,0,0,,1852,1988.95
1785363900,27437.5,27446.75,27436.5,27440,1,0,0,0,0,,1553,1924.05
1785363960,27440.75,27442.75,27413.75,27417,1,0,0,0,0,,2536,1945.8
1785364020,27417,27424.75,27413,27419.5,1,0,0,0,0,,1735,1955.05
1785364080,27418.5,27425,27395.25,27405.5,1,0,0,0,0,,2590,1967.55
1785364140,27406.75,27440.75,27406.25,27434,1,0,0,0,0,27391.606425432947,2546,1961.8
1785364200,27434.5,27439.5,27412.75,27423,1,0,0,0,0,,1739,1885.1
1785364260,27423,27430.5,27416.5,27418.25,1,0,0,0,0,,1142,1771.65
1785364320,27418.25,27423,27414.25,27417.75,1,0,0,0,0,,661,1700.1
1785364380,27418,27439.25,27414.75,27437.5,1,0,0,0,0,,1452,1649.05
1785364440,27437.5,27442.75,27425.5,27431.75,1,0,0,0,0,,1256,1603.8
1785364500,27432,27444.75,27427.75,27443,1,0,0,0,0,,960,1587.7
1785364560,27442.75,27458.5,27439.25,27456,1,0,0,0,0,,2350,1609.1
1785364620,27454.5,27465.75,27450.75,27460,1,0,0,0,0,,1454,1625.45
1785364680,27459.5,27465,27459,27461.5,1,0,0,0,0,,801,1581.55
1785364740,27460.75,27462,27444,27447,1,0,0,0,0,,1187,1533.6
1785364800,27447,27453.5,27436.5,27442.5,1,0,0,0,0,,1316,1534.75
1785364860,27443.25,27449.25,27433.5,27442.5,1,0,0,0,0,,847,1498.3
1785364920,27444,27452.25,27440.25,27442.5,1,0,0,0,0,,881,1496.2
1785364980,27442.25,27447,27434.25,27443.25,1,0,0,0,0,,891,1487.45
1785365040,27443.25,27462.75,27442.5,27458.5,1,0,0,0,0,27413.904283621963,1368,1463.25
1785365100,27459.5,27478.5,27456.5,27477.5,1,0,0,0,0,,1846,1477.9
1785365160,27476.5,27477.25,27451.75,27454.75,1,0,0,0,0,,1710,1436.6
1785365220,27454.75,27459.25,27442.75,27443.25,1,0,0,0,0,,1006,1400.15
1785365280,27444.25,27450.75,27442,27446.25,1,0,0,0,0,,772,1309.25
1785365340,27446.5,27447.5,27439,27442.75,1,0,0,0,0,,548,1209.35
1785365400,27441.5,27462,27437,27443.5,1,0,0,0,0,,1628,1203.8
1785365460,27443.5,27450.25,27439,27444.5,1,0,0,0,0,,670,1180.2
1785365520,27444,27444,27428.75,27430.25,1,0,0,0,0,,1278,1211.05
1785365580,27429.5,27439,27420.5,27437.5,1,1,0,0,0,,1367,1206.8
1785365640,27437.5,27441,27428.25,27434.75,1,0,0,0,0,,800,1184
1785365700,27434,27438,27425,27432.75,1,0,0,0,0,,869,1179.45
1785365760,27433,27439,27430.5,27432.5,1,0,0,0,0,,514,1087.65
1785365820,27433.5,27439.5,27431,27436.75,1,0,0,0,0,,420,1035.95
1785365880,27437.5,27440.75,27433,27435,1,0,0,0,0,,455,1018.65
1785365940,27435,27452.75,27433.75,27450.5,1,0,0,0,0,27426.102855747977,1124,1015.5
1785366000,27450,27458,27444,27455.5,1,0,0,0,0,,1139,1006.65
1785366060,27455.5,27466,27455.5,27466,1,0,0,0,0,,1364,1032.5
1785366120,27466.25,27469.75,27460.25,27465,1,0,0,0,0,,1101,1043.5
1785366180,27466,27477,27464.5,27475.25,1,0,0,0,0,,1126,1055.25
1785366240,27475,27485.5,27472.25,27479.25,1,0,0,0,0,,1566,1065.15
1785366300,27478.25,27483,27473.75,27478.25,1,0,0,0,0,,1184,1032.05
1785366360,27478,27480.25,27471.25,27474.5,1,0,0,0,0,,1016,997.35
1785366420,27474.25,27478,27469.25,27471.5,1,0,0,0,0,,561,975.1
1785366480,27471.75,27521.5,27468.5,27520.25,1,0,0,0,0,,3409,1106.95
1785366540,27521,27524.75,27506,27508.25,1,0,0,0,0,,2089,1184
1785366600,27507.5,27508.5,27473.75,27478.75,1,0,0,0,0,,2222,1213.7
1785366660,27479.25,27482.25,27456,27472.5,1,1,0,0,0,,2620,1311.2
1785366720,27473.75,27495,27469.5,27490.25,1,0,0,0,0,,1492,1321.9
1785366780,27490,27493.75,27468.75,27473.25,1,0,0,0,0,,1599,1333.5
1785366840,27474.5,27480,27459.75,27478,1,0,0,0,0,27443.401903831986,1829,1384.95
1785366900,27478,27490.25,27473.75,27483.75,1,0,0,0,0,,1278,1405.4
1785366960,27484.25,27484.75,27472.5,27477.25,1,0,0,0,0,,766,1418
1785367020,27477.5,27499.5,27468.25,27495.5,1,0,0,0,0,,1663,1480.15
1785367080,27495.5,27510.75,27486.5,27508.25,1,0,0,0,0,,2340,1574.4
1785367140,27507.25,27514,27501.5,27511.75,1,0,0,0,0,,1282,1582.3
1785367200,27511.75,27515,27508.25,27511.25,1,0,0,0,0,,883,1569.5
1785367260,27510.5,27511.5,27497.5,27499,1,0,0,0,0,,1151,1558.85
1785367320,27499,27505.25,27495.75,27501.75,1,0,0,0,0,,888,1548.2
1785367380,27502,27528.5,27502,27519.5,1,0,0,0,0,,2228,1603.3
1785367440,27518.75,27520.75,27507,27513.25,1,0,0,0,0,,1144,1582.2
1785367500,27513.25,27531.25,27509.75,27526,1,0,0,0,0,,1784,1612.2
1785367560,27526,27529,27520.5,27521.25,1,0,0,0,0,,670,1594.9
1785367620,27520.75,27525.75,27519.75,27523.25,1,0,0,0,0,,650,1599.35
1785367680,27523.75,27540,27522.25,27537.5,1,0,0,0,0,,1617,1509.75
1785367740,27538.25,27541.5,27532.25,27534,1,0,0,0,0,27473.601269221323,935,1452.05
1785367800,27533.5,27547.5,27533,27541,1,0,0,0,0,,1493,1415.6
1785367860,27541,27555,27540.5,27549.75,1,0,0,0,0,,1689,1369.05
1785367920,27549.5,27559.25,27546.5,27554,1,0,0,0,0,,1067,1347.8
1785367980,27553.25,27553.75,27538.5,27541.75,1,0,0,0,0,,1511,1343.4
1785368040,27542,27545.75,27536.25,27540.75,1,0,0,0,0,,766,1290.25
1785368100,27540.75,27543,27537.25,27542,1,0,0,0,0,,493,1251
1785368160,27542.5,27547.5,27539.25,27539.75,1,0,0,0,0,,604,1242.9
1785368220,27539.25,27550,27536.25,27540.25,1,0,0,0,0,,948,1207.15
1785368280,27539.75,27550.75,27528,27534.5,1,1,0,0,0,,1326,1156.45
1785368340,27533.75,27557,27529.5,27535.75,1,0,0,0,0,,1998,1192.25
1785368400,27535.5,27536,27513.25,27514,1,0,0,0,0,,2041,1250.15
1785368460,27514.75,27516,27500.75,27505.75,1,1,0,0,0,,1842,1284.7
1785368520,27505.5,27517,27503.5,27509.25,1,0,0,0,0,,1234,1302
1785368580,27509.25,27522.5,27501.75,27520.25,1,0,0,0,0,,1070,1244.1
1785368640,27520,27531.5,27516.75,27523.25,1,0,0,0,0,27490.15084614755,1238,1248.8
1785368700,27523.25,27532.5,27512,27530.25,1,0,0,0,0,,2410,1280.1
1785368760,27531.25,27555.25,27527.75,27551.75,1,0,0,0,0,,3516,1422.4
1785368820,27552.75,27555.5,27542.75,27551,1,0,0,0,0,,1690,1474.4
1785368880,27550.25,27555,27540,27542.25,1,1,0,0,0,,1480,1467.55
1785368940,27541.75,27543,27508.5,27514.5,1,0,0,0,0,,2391,1540.35
1785369000,27514.5,27524.75,27509.75,27517,1,0,0,0,0,,1578,1544.6
1785369060,27518,27524.5,27504,27506,1,0,0,0,0,,1710,1545.65
1785369120,27505.5,27514.5,27496,27506,1,0,0,0,0,,2246,1604.6
1785369180,27507,27537.75,27503.75,27508.75,1,0,0,0,0,,2634,1660.75
1785369240,27509.5,27539.5,27499.25,27539,1,0,0,0,0,,2197,1732.3
1785369300,27538.25,27547,27530.25,27541.5,1,0,0,0,0,,1839,1799.6
1785369360,27541.25,27548.5,27533.75,27546.75,1,0,0,0,0,,1336,1836.2
1785369420,27545.75,27550.25,27530,27536.5,1,0,0,0,0,,1178,1847.7
1785369480,27537.25,27539.5,27527,27531.75,1,0,0,0,0,,1080,1835.4
1785369540,27532.5,27538.5,27518.5,27522.25,1,0,0,0,0,27500.850564098368,1479,1809.45
1785369600,27522.5,27544.25,27516.25,27538.75,1,0,0,0,0,,3692,1892
1785369660,27538.75,27540,27501.75,27511.75,1,0,0,0,0,,3450,1972.4
1785369720,27512,27513,27477.25,27494.25,1,0,0,0,0,,3412,2081.3
1785369780,27495,27514.5,27472.25,27483,-1,0,0,0,0,,3981,2226.85
1785369840,27482.25,27508,27475.5,27502.5,1,0,0,0,0,,2424,2286.15
1785369900,27503,27536.5,27497.5,27527.5,1,0,0,0,0,,4160,2373.65
1785369960,27527,27581.5,27526.75,27574.5,1,0,0,0,0,,5842,2489.95
1785370020,27574,27579,27559.25,27572.75,1,0,0,0,0,,2712,2541.05
1785370080,27572.5,27592.25,27565,27566.75,1,0,0,0,0,,3316,2632.85
1785370140,27567,27584.75,27563.25,27582.75,1,0,0,0,0,,2102,2618.4
1785370200,27580.75,27592.75,27566.5,27582.75,1,0,0,0,0,,2551,2667.05
1785370260,27582.75,27600,27575.25,27576,1,0,0,0,0,,2710,2717.05
1785370320,27575,27598.5,27568.5,27596,1,0,0,0,0,,2509,2730.2
1785370380,27596.5,27607.5,27591,27601,1,0,0,0,0,,2148,2705.9
1785370440,27601.25,27605.25,27578.75,27579,1,0,0,0,0,27526.90037606558,2102,2701.15
1785370500,27579.25,27602.25,27558.25,27597.25,1,0,0,0,0,,3664,2792.4
1785370560,27597,27600,27573,27573.75,1,0,0,0,0,,1872,2819.2
1785370620,27573.5,27590.25,27568.5,27585.25,1,0,0,0,0,,1666,2843.6
1785370680,27584.25,27602.25,27582.5,27590.25,1,0,0,0,0,,2473,2913.25
1785370740,27589.5,27597.25,27570,27572.5,1,0,0,0,0,,1631,2920.85
1785370800,27573.5,27577.25,27550,27554.75,1,0,0,0,0,,2346,2853.55
1785370860,27555,27578,27551.5,27574.25,1,0,0,0,0,,1888,2775.45
1785370920,27575,27590,27560.25,27587,1,0,0,0,0,,2521,2730.9
1785370980,27586.75,27591,27574.5,27588.75,1,0,0,0,0,,1500,2606.85
1785371040,27589.25,27589.25,27566,27570.75,1,0,0,0,0,,1472,2559.25
1785371100,27570,27587,27566.25,27582,1,0,0,0,0,,1513,2426.9
1785371160,27582.75,27603,27581.75,27592.75,1,0,0,0,0,,2378,2253.7
1785371220,27590,27590.25,27567.75,27574.5,1,0,0,0,0,,1763,2206.25
1785371280,27574.75,27594.5,27571.5,27588.25,1,0,0,0,0,,1261,2103.5
1785371340,27588,27601.5,27584.75,27594,1,0,0,0,0,27549.266917377052,1204,2058.6
1785371400,27594.25,27611.5,27582.5,27597.5,1,0,0,0,0,,1896,2025.85
1785371460,27598.5,27604.25,27582.75,27592.75,1,0,0,0,0,,1759,1978.3
1785371520,27592.75,27594,27562.25,27565.25,1,0,0,0,0,,2177,1961.7
1785371580,27565.75,27577.25,27559,27572.25,1,0,0,0,0,,1375,1923.05
1785371640,27571.75,27572,27554.75,27557.75,1,0,0,0,0,,1496,1892.75
1785371700,27556.5,27557,27536.25,27543.75,1,0,0,0,0,,2484,1833.75
1785371760,27542.75,27559.75,27538.5,27552.75,1,0,0,0,0,,1428,1811.55
1785371820,27554,27557.25,27532.5,27539.5,1,0,0,0,0,,1195,1788
1785371880,27539.5,27547.75,27529.75,27546.25,1,0,0,0,0,,1388,1733.75
1785371940,27546,27548.5,27527.75,27534,1,0,0,0,0,,1404,1722.4
1785372000,27534.25,27544.75,27522.5,27537.5,1,0,0,0,0,,1554,1682.8
1785372060,27537.25,27543.25,27518.75,27518.75,-1,0,0,0,0,,1267,1651.75
1785372120,27519,27523.75,27511.5,27511.75,-1,0,0,0,0,,1668,1609.1
1785372180,27512.25,27512.5,27498.5,27503,-1,0,0,0,0,,2522,1660.2
1785372240,27503,27508.25,27489,27506.25,-1,0,0,0,0,27534.927944918036,1951,1684.15
1785372300,27506.5,27530.75,27494.5,27519.75,-1,0,0,0,0,,2610,1739
1785372360,27521.25,27524,27490,27515.25,-1,0,0,0,0,,2714,1755.8
1785372420,27515,27531.25,27507,27527.75,-1,0,0,0,0,,1674,1751.35
1785372480,27527.75,27545.5,27524.25,27532.25,-1,0,0,0,0,,2086,1792.6
1785372540,27532.25,27543.5,27523.25,27528.75,-1,0,0,0,0,,1425,1803.65
1785372600,27529,27535.25,27505.25,27509.25,-1,0,0,0,0,,1952,1806.45
1785372660,27509.5,27519.25,27507,27516,-1,0,0,0,0,,1395,1788.25
1785372720,27517.5,27531,27503.75,27530.75,-1,0,1,0,0,,1505,1754.65
1785372780,27530.75,27543.75,27527.5,27536.5,-1,0,0,0,0,,1638,1767.8
1785372840,27536.25,27549.5,27535.5,27537,-1,0,0,0,0,,1121,1749.05
1785372900,27537.5,27543.75,27525.5,27526.25,-1,0,0,0,0,,1129,1681.3
1785372960,27526.25,27538,27510.25,27515,-1,0,0,0,0,,1517,1685.75
1785373020,27515.5,27541.25,27511.75,27532.75,-1,0,0,0,0,,1294,1690.7
1785373080,27533,27543.5,27529,27534.5,-1,0,0,0,0,,797,1661.15
1785373140,27535.75,27550.5,27534.25,27546.5,1,0,0,0,0,27538.785296612023,1019,1641.9
1785373200,27547.5,27569.75,27547,27561.25,1,0,0,0,0,,2811,1704.75
1785373260,27561.75,27566,27550.5,27553,1,0,0,0,0,,1447,1713.75
1785373320,27553,27562.5,27539,27540.5,1,0,0,0,0,,1455,1703.1
1785373380,27541,27561.25,27533.75,27557.25,1,0,0,0,0,,1658,1659.9
1785373440,27558,27591,27551.5,27591,1,0,0,0,0,,2498,1687.25
1785373500,27591,27602.5,27579,27598,1,0,0,0,0,,2371,1675.3
1785373560,27598,27620,27597,27619.25,1,0,0,0,0,,1342,1606.7