time,open,high,low,close,EMA,Volume,Volume MA,EMA Direction (debug),HTF EMA Value (debug),Order Sent Long,Order Sent Short
1785741600,28583.25,28588.5,28577.5,28586.25,,720,1101.6,-1,28617.342022976874,0,0
1785741660,28586.75,28603.5,28582.5,28601.5,,1362,1100.4,-1,28617.342022976874,0,0
1785741720,28602,28602.5,28587.5,28597.5,,845,1063.7,-1,28617.342022976874,0,0
1785741780,28598,28609.5,28597,28604.75,,779,1070.25,-1,28617.342022976874,0,0
1785741840,28605,28606.25,28600,28601.5,,542,1042.4,-1,28617.342022976874,0,0
1785741900,28600.75,28605.75,28591.25,28591.75,,590,1009.85,-1,28617.342022976874,0,0
1785741960,28592.75,28604.75,28584.75,28604.25,,987,990.7,-1,28617.342022976874,0,0
1785742020,28604.25,28604.5,28594.75,28603.5,,490,978.1,-1,28617.342022976874,0,0
1785742080,28604,28605,28594.5,28599.75,,373,948.35,-1,28617.342022976874,0,0
1785742140,28600.75,28609.5,28600,28603.25,28612.644681984584,436,915.75,-1,28617.342022976874,0,0
1785742200,28602.75,28609.75,28600.25,28609.25,,559,896.8,-1,28612.644681984584,0,0
1785742260,28608.5,28609,28597.75,28599.25,,461,847.35,-1,28612.644681984584,0,0
1785742320,28598.5,28601.75,28596,28601.25,,428,841.9,-1,28612.644681984584,0,0
1785742380,28600.75,28608.25,28595.5,28607.5,,447,838.95,-1,28612.644681984584,0,0
1785742440,28606.75,28609.5,28600.75,28605.5,,341,842.15,-1,28612.644681984584,0,0
1785742500,28605.75,28616.25,28604,28612.75,,682,846.2,1,28612.644681984584,0,0
1785742560,28613,28613.75,28582.25,28588.75,,936,857.85,-1,28612.644681984584,0,0
1785742620,28588.75,28590,28581.5,28584,,586,720.85,-1,28612.644681984584,0,0
1785742680,28585.25,28587.25,28580.25,28583,,682,667.45,-1,28612.644681984584,0,0
1785742740,28583.75,28587.5,28580.75,28583,,384,631.5,-1,28612.644681984584,0,0
1785742800,28582.75,28583,28569.75,28580,,1187,654.85,-1,28612.644681984584,0,0
1785742860,28580.5,28581.75,28563.5,28568,,924,632.95,-1,28612.644681984584,0,0
1785742920,28567.5,28570.75,28565.5,28568.5,,516,616.5,-1,28612.644681984584,0,0
1785742980,28567.75,28569,28560,28562.75,,672,611.15,-1,28612.644681984584,0,0
1785743040,28561.25,28567.5,28560,28563,28596.09645465639,453,606.7,-1,28612.644681984584,0,0
1785743100,28563.5,28570,28560.5,28568,,482,601.3,-1,28596.09645465639,0,0
1785743160,28568.25,28579.25,28567.5,28577,,663,585.1,-1,28596.09645465639,0,0
1785743220,28576.75,28578.5,28565.25,28569.75,,441,582.65,-1,28596.09645465639,0,0
1785743280,28571,28575,28568,28573.25,,226,575.3,-1,28596.09645465639,0,0
1785743340,28574,28587.75,28573.5,28576.5,,761,591.55,-1,28596.09645465639,0,0
1785743400,28577,28578.5,28568,28568,,660,596.6,-1,28596.09645465639,0,0
1785743460,28569,28572.75,28558,28571.75,,1066,626.85,-1,28596.09645465639,0,0
1785743520,28573,28573.25,28565.25,28572.25,,578,634.35,-1,28596.09645465639,0,0
1785743580,28571.5,28571.75,28565.5,28566,,251,624.55,-1,28596.09645465639,0,0
1785743640,28566.25,28574,28563.75,28570.75,,386,626.8,-1,28596.09645465639,0,0
1785743700,28570.5,28576.5,28567.5,28573.5,,565,620.95,-1,28596.09645465639,0,0
1785743760,28572.25,28577.5,28568.25,28575.25,,424,595.35,-1,28596.09645465639,0,0
1785743820,28575.25,28586,28574,28578.25,,765,604.3,-1,28596.09645465639,0,0
1785743880,28578.25,28585.25,28577.75,28580.75,,361,588.25,-1,28596.09645465639,0,0
1785743940,28581.25,28590,28577.75,28587.5,28593.230969770924,678,602.95,-1,28596.09645465639,0,0
1785744000,28587.5,28592,28571.25,28582.5,,1573,622.25,-1,28593.230969770924,0,0
1785744060,28581.75,28581.75,28564.25,28566,,1044,628.25,-1,28593.230969770924,0,0
1785744120,28566.5,28568.25,28553.25,28554,,1508,677.85,-1,28593.230969770924,0,0
1785744180,28553.75,28554.75,28536.75,28538.75,,1865,737.5,-1,28593.230969770924,0,0
1785744240,28539.25,28540,28526.75,28535,,1538,791.75,-1,28593.230969770924,0,0
1785744300,28535.25,28546,28530.5,28543,,1317,833.5,-1,28593.230969770924,0,0
1785744360,28543,28549.25,28537.25,28547,,727,836.7,-1,28593.230969770924,0,0
1785744420,28546.75,28548.5,28524.25,28526.5,,1133,871.3,-1,28593.230969770924,0,0
1785744480,28526.75,28528.75,28519,28527.5,,1293,924.65,-1,28593.230969770924,0,0
1785744540,28528,28547.25,28526.5,28540.5,,1250,949.1,-1,28593.230969770924,0,0
1785744600,28540.25,28556,28537,28543,,1365,984.35,-1,28593.230969770924,0,0
1785744660,28542,28550,28539.5,28547.25,,725,967.3,-1,28593.230969770924,0,0
1785744720,28546.75,28558.75,28546.25,28547,,1014,989.1,-1,28593.230969770924,0,0
1785744780,28547.5,28558.5,28543.75,28557,,529,1003,-1,28593.230969770924,0,0
1785744840,28558,28568,28554.75,28562.25,28582.903979847284,855,1026.45,-1,28593.230969770924,0,0
1785744900,28562,28564.5,28549.75,28550.75,,976,1047,-1,28582.903979847284,0,0
1785744960,28550,28551.5,28536.25,28537.5,,875,1069.55,-1,28582.903979847284,0,0
1785745020,28538,28539,28528.75,28529.5,,1064,1084.5,-1,28582.903979847284,0,0
1785745080,28529.75,28530.75,28515,28521,,1409,1136.9,-1,28582.903979847284,0,0
1785745140,28521.5,28523.25,28511.75,28513.75,,865,1146.25,-1,28582.903979847284,0,0
1785745200,28513.5,28522,28506,28520,,1267,1130.95,-1,28582.903979847284,0,0
1785745260,28519.25,28519.25,28501,28510.75,,1239,1140.7,-1,28582.903979847284,0,0
1785745320,28510,28512,28504.5,28507.75,,614,1096,-1,28582.903979847284,0,0
1785745380,28507.25,28507.25,28492,28492.75,,1504,1077.95,-1,28582.903979847284,0,0
1785745440,28492,28501.75,28488.5,28493.5,,920,1047.05,-1,28582.903979847284,0,0
1785745500,28492.5,28497,28484.75,28490.75,,913,1026.85,-1,28582.903979847284,0,0
1785745560,28489.75,28494.75,28481.75,28489.75,,906,1035.8,-1,28582.903979847284,0,0
1785745620,28489.25,28490.25,28473,28484.75,,1519,1055.1,-1,28582.903979847284,0,0
1785745680,28485.25,28497.75,28482.25,28497.5,,1138,1047.35,-1,28582.903979847284,0,0
1785745740,28496.25,28496.25,28480.75,28487.5,28551.102653231523,881,1028.9,-1,28582.903979847284,0,0
1785745800,28487.75,28491.5,28472,28475.25,,1233,1022.3,-1,28551.102653231523,0,0
1785745860,28475,28495,28474.25,28493.5,,1014,1036.75,-1,28551.102653231523,0,0
1785745920,28492.75,28495.75,28486,28489,,661,1019.1,-1,28551.102653231523,0,0
1785745980,28489.5,28489.75,28472.25,28474.25,,1120,1048.65,-1,28551.102653231523,0,0
1785746040,28473.25,28486.25,28472.25,28483.25,,803,1046.05,-1,28551.102653231523,0,0
1785746100,28483.5,28499,28483.5,28496,,1003,1047.4,-1,28551.102653231523,0,0
1785746160,28495,28526.5,28495,28525.75,,1903,1098.8,-1,28551.102653231523,0,0
1785746220,28524.5,28530.25,28518,28528,,1192,1105.2,-1,28551.102653231523,0,0
1785746280,28527,28531,28524.5,28526.25,,695,1069.5,-1,28551.102653231523,0,0
1785746340,28526.25,28540,28524.5,28538.5,,852,1068.85,-1,28551.102653231523,0,0
1785746400,28537.75,28542.5,28531.25,28535.5,,845,1047.75,-1,28551.102653231523,0,0
1785746460,28535,28548.25,28534.5,28544.75,,601,1015.85,-1,28551.102653231523,0,0
1785746520,28544.25,28554.75,28540.25,28541.75,,975,1033.9,-1,28551.102653231523,0,0
1785746580,28542.25,28545.5,28530.5,28531,,766,997,-1,28551.102653231523,0,0
1785746640,28531.5,28539.5,28526.5,28536,28546.068435487683,691,985.55,-1,28551.102653231523,0,0
1785746700,28536,28543,28530,28540.75,,737,976.75,-1,28546.068435487683,0,0
1785746760,28540.25,28553.5,28540,28543.5,,1031,983,-1,28546.068435487683,0,0
1785746820,28543.25,28543.5,28527.25,28530,,790,946.55,-1,28546.068435487683,0,0
1785746880,28530.5,28536.5,28527.75,28536.5,,527,916,-1,28546.068435487683,0,0
1785746940,28535.75,28547.75,28534.25,28545.75,,690,906.45,-1,28546.068435487683,0,0
1785747000,28544.75,28553,28541.75,28550.75,,608,875.2,1,28546.068435487683,0,0
1785747060,28550.25,28555.25,28548.5,28554.75,,538,851.4,1,28546.068435487683,0,0
1785747120,28555.25,28563,28550.5,28555.75,,1090,872.85,1,28546.068435487683,0,0
1785747180,28556,28564.25,28553,28564.25,,545,844.1,1,28546.068435487683,0,0
1785747240,28563.75,28566.5,28558.75,28561.5,,497,828.8,1,28546.068435487683,0,0
1785747300,28561,28576.5,28560.5,28575,,1172,837.25,1,28546.068435487683,0,0
1785747360,28574.5,28591,28572.75,28589,,1537,818.95,1,28546.068435487683,0,0
1785747420,28589.25,28595.5,28582.25,28583.5,,1030,810.85,1,28546.068435487683,0,0
1785747480,28584,28587.75,28577.75,28587.75,,605,806.35,1,28546.068435487683,0,0
1785747540,28587,28595,28586,28593.75,28561.962290325122,641,795.8,1,28546.068435487683,0,0
1785747600,28594,28601.5,28585.75,28588.25,,1662,836.65,1,28561.962290325122,0,0
1785747660,28588,28590,28578.75,28581,,885,850.85,1,28561.962290325122,0,0
1785747720,28580.25,28581.75,28571.75,28579,,878,846,1,28561.962290325122,0,0
1785747780,28579.5,28582.75,28573,28573.75,,618,838.6,1,28561.962290325122,0,0
1785747840,28574.5,28585,28568.25,28570.75,,916,849.85,1,28561.962290325122,0,0
1785747900,28570.75,28596.75,28568.75,28589.75,,894,857.7,1,28561.962290325122,0,0
1785747960,28589,28589.25,28571.25,28571.25,,686,840.45,1,28561.962290325122,0,0
1785748020,28571.5,28575.5,28568.75,28570.25,,542,828.05,1,28561.962290325122,0,0
1785748080,28570.5,28573.5,28567.5,28570.75,,348,819.1,1,28561.962290325122,0,0
1785748140,28570.75,28575.5,28570,28573,,300,799.6,1,28561.962290325122,0,0
1785748200,28573,28575.75,28564,28564.5,,555,796.95,1,28561.962290325122,0,0
1785748260,28564.25,28566.25,28543.75,28546.25,,1704,855.25,-1,28561.962290325122,0,0
1785748320,28546.5,28550,28543,28546.5,,604,830.95,-1,28561.962290325122,0,0
1785748380,28546,28561.5,28545.75,28557.5,,610,834.2,-1,28561.962290325122,0,0
1785748440,28558,28561.25,28553,28558.5,28560.80819355008,535,836.1,-1,28561.962290325122,0,0
1785748500,28559.25,28562,28554.75,28562,,430,799,1,28560.80819355008,0,0
1785748560,28561.75,28573.75,28560,28567.25,,1049,774.6,1,28560.80819355008,1,0
1785748620,28568.5,28576,28561.25,28565.25,,556,750.9,1,28560.80819355008,0,0
1785748680,28565,28567.25,28558.75,28566.25,,525,746.9,1,28560.80819355008,0,0
1785748740,28566.25,28582.25,28566.25,28574,,1142,771.95,1,28560.80819355008,0,0
1785748800,28574,28576,28563,28570.5,,413,709.5,1,28560.80819355008,0,0
1785748860,28570.25,28573,28559.25,28569.75,,898,710.15,1,28560.80819355008,0,0
1785748920,28569.5,28573.5,28566.25,28572,,258,679.15,1,28560.80819355008,0,0
1785748980,28570.75,28571,28560.5,28561.75,,318,664.15,1,28560.80819355008,0,0
1785749040,28561,28565.75,28551.75,28552,,783,657.5,-1,28560.80819355008,0,0
1785749100,28552.25,28560.25,28550.5,28556.75,,670,646.3,-1,28560.80819355008,0,0
1785749160,28556,28556,28548.25,28549.75,,805,652.25,-1,28560.80819355008,0,0
1785749220,28550.5,28558,28547.75,28555,,551,652.7,-1,28560.80819355008,0,0
1785749280,28554.75,28559,28547.25,28550.5,,544,662.5,-1,28560.80819355008,0,0
1785749340,28550.25,28557.25,28550,28556.5,28559.37212903339,290,662,-1,28560.80819355008,0,0
1785749400,28556,28561.5,28552.75,28560.25,,303,649.4,1,28559.37212903339,0,0
1785749460,28559.5,28559.75,28547.5,28548,,503,589.35,-1,28559.37212903339,0,0
1785749520,28547.75,28566.5,28547.75,28564.25,,632,590.75,1,28559.37212903339,0,0
1785749580,28563.25,28565.5,28557.5,28560.75,,422,581.35,1,28559.37212903339,0,0
1785749640,28560.5,28564,28555,28556.25,,294,569.3,-1,28559.37212903339,0,0
1785749700,28556.25,28568.25,28556.25,28561.25,,388,567.2,1,28559.37212903339,0,0
1785749760,28560.5,28581,28560,28561.75,,1044,566.95,1,28559.37212903339,0,0
1785749820,28562.5,28567,28546.25,28550.25,,1064,592.35,-1,28559.37212903339,0,0
1785749880,28550,28559,28547.75,28558,,550,593.6,-1,28559.37212903339,0,0
1785749940,28557.75,28558,28547,28551.25,,476,560.3,-1,28559.37212903339,0,0
1785750000,28552.75,28557.25,28549.75,28556,,461,562.7,-1,28559.37212903339,0,0
1785750060,28556,28557.5,28547,28551,,383,536.95,-1,28559.37212903339,0,0
1785750120,28551.5,28561.75,28551,28554.5,,499,549,-1,28559.37212903339,0,0
1785750180,28554.75,28556.75,28550.25,28553.25,,258,546,-1,28559.37212903339,0,0
1785750240,28554.5,28556.25,28543,28544.5,28554.414752688925,544,534.05,-1,28559.37212903339,0,0
1785750300,28545.5,28560.75,28545,28557.75,,413,521.2,1,28554.414752688925,0,0
1785750360,28557.5,28560,28554.5,28557.25,,236,492.75,1,28554.414752688925,0,0
1785750420,28556,28559.25,28551.5,28554.5,,265,478.45,1,28554.414752688925,0,0
1785750480,28554.75,28558.25,28550,28552.5,,300,466.25,-1,28554.414752688925,0,0
1785750540,28552.5,28559.5,28538.5,28545,,745,489,-1,28554.414752688925,0,0
1785750600,28545.25,28547,28536.75,28537.75,,651,506.4,-1,28554.414752688925,0,0
1785750660,28538.25,28538.75,28527.5,28528.25,,917,527.1,-1,28554.414752688925,0,0
1785750720,28528.25,28531.5,28524.75,28526.75,,666,528.8,-1,28554.414752688925,0,0
1785750780,28527.25,28530.25,28520.5,28528,,833,549.35,-1,28554.414752688925,0,0
1785750840,28529,28543.5,28528.5,28542.5,,729,571.1,-1,28554.414752688925,0,0
1785750900,28542.5,28548.75,28535.5,28547.25,,727,588.05,-1,28554.414752688925,0,0
1785750960,28547.75,28561.5,28546.75,28558.5,,848,578.25,1,28554.414752688925,0,0
1785751020,28558,28561.75,28550,28557.25,,507,550.4,1,28554.414752688925,0,0
1785751080,28558,28561.75,28555.5,28561,,357,540.75,1,28554.414752688925,0,0
1785751140,28562,28563.5,28558,28558.5,28555.776501792618,383,536.1,1,28554.414752688925,0,0
1785751200,28559.25,28566,28554.25,28558.75,,644,545.25,1,28555.776501792618,0,0
1785751260,28559.25,28559.25,28537,28544,,1121,582.15,-1,28555.776501792618,0,0
1785751320,28543.75,28548.5,28540.5,28546.25,,298,572.1,-1,28555.776501792618,0,0
1785751380,28546.5,28555,28543,28554.5,,395,578.95,-1,28555.776501792618,0,0
1785751440,28553.25,28554,28543.25,28549.25,,441,573.8,-1,28555.776501792618,0,0
1785751500,28548.75,28550.25,28541.75,28547.75,,323,569.3,-1,28555.776501792618,0,0
1785751560,28548.5,28551.75,28539.5,28547.5,,583,586.65,-1,28555.776501792618,0,0
1785751620,28547.75,28548.5,28536,28541.5,,420,594.4,-1,28555.776501792618,0,0
1785751680,28542,28545.25,28537,28537,,213,590.05,-1,28555.776501792618,0,0
1785751740,28537.25,28548,28535.75,28541.25,,401,572.85,-1,28555.776501792618,0,0
1785751800,28541.5,28543.5,28529.75,28541.5,,773,578.95,-1,28555.776501792618,0,0
1785751860,28541.5,28544.75,28535.75,28536,,415,553.85,-1,28555.776501792618,0,0
1785751920,28536,28543.75,28535.5,28540.5,,299,535.5,-1,28555.776501792618,0,0
1785751980,28539.5,28539.75,28525.25,28531.75,,918,539.75,-1,28555.776501792618,0,0
1785752040,28531.75,28539,28526.75,28527.25,28546.267667861746,614,534,-1,28555.776501792618,0,0
1785752100,28526.25,28539.25,28522.75,28531.5,,913,543.3,-1,28546.267667861746,0,0
1785752160,28532.25,28535.25,28529.5,28533.25,,300,515.9,-1,28546.267667861746,0,0
1785752220,28533.5,28536,28520.5,28521.75,,701,525.6,-1,28546.267667861746,0,0
1785752280,28522.75,28540.75,28520.75,28538,,824,548.95,-1,28546.267667861746,0,0
1785752340,28537,28537,28524.75,28525.25,,464,553,-1,28546.267667861746,0,0
1785752400,28525,28528,28508.5,28509,,1138,577.7,-1,28546.267667861746,0,0
1785752460,28508.75,28514,28497.75,28504.5,,1206,581.95,-1,28546.267667861746,0,0
1785752520,28503.75,28508.5,28498,28506.75,,845,609.3,-1,28546.267667861746,0,0
1785752580,28507.25,28513,28500.25,28511,,830,631.05,-1,28546.267667861746,0,0
1785752640,28511.75,28514.75,28491.25,28493.5,,1214,669.7,-1,28546.267667861746,0,0
1785752700,28494,28501.75,28488.5,28495,,935,700.3,-1,28546.267667861746,0,0
1785752760,28494.5,28509.25,28492.25,28507.75,,968,719.55,-1,28546.267667861746,0,0
1785752820,28507.75,28509,28495.25,28500.75,,671,732.1,-1,28546.267667861746,0,0
1785752880,28500.75,28511.5,28497,28504.75,,657,754.3,-1,28546.267667861746,0,0
1785752940,28505.5,28509.75,28502.5,28509.5,28534.0117785745,405,754.5,-1,28546.267667861746,0,0
1785753000,28508.75,28509.25,28502.75,28505.25,,324,732.05,-1,28534.0117785745,0,0
1785753060,28504.75,28506.5,28494,28505.5,,770,749.8,-1,28534.0117785745,0,0
1785753120,28506.25,28507.25,28490,28495.5,,576,763.65,-1,28534.0117785745,0,0
1785753180,28495.25,28506.5,28491,28504,,611,748.3,-1,28534.0117785745,0,0
1785753240,28503.5,28524,28503,28523.25,,974,766.3,-1,28534.0117785745,0,0
1785753300,28522.25,28526.5,28513.75,28514.5,,950,768.15,-1,28534.0117785745,0,0
1785753360,28514.25,28521.25,28513.75,28518.25,,502,778.25,-1,28534.0117785745,0,0
1785753420,28517.75,28525,28512.75,28524.75,,568,771.6,-1,28534.0117785745,0,0
1785753480,28524.75,28530,28515,28516.75,,1023,781.55,-1,28534.0117785745,0,0
1785753540,28516.25,28532.5,28515,28527.25,,536,785.15,-1,28534.0117785745,0,0
1785753600,28527,28528.5,28514.5,28527.75,,626,759.55,-1,28534.0117785745,0,0
1785753660,28527.25,28527.75,28523.25,28525,,332,715.85,-1,28534.0117785745,0,0
1785753720,28525.25,28528,28519.75,28523,,402,693.7,-1,28534.0117785745,0,0
1785753780,28523,28525.5,28519,28523.25,,226,663.5,-1,28534.0117785745,0,0
1785753840,28522.5,28529.25,28522,28527,28531.674519049666,286,617.1,-1,28534.0117785745,0,0
1785753900,28527.75,28531.5,28520.75,28524.5,,403,590.5,-1,28531.674519049666,0,0
1785753960,28524.75,28529.5,28521,28524.5,,426,563.4,-1,28531.674519049666,0,0
1785754020,28525,28537.25,28519.25,28526.75,,645,562.1,-1,28531.674519049666,0,0
1785754080,28527,28530.75,28522,28524.25,,414,549.95,-1,28531.674519049666,0,0
1785754140,28524.5,28533,28520,28520.5,,465,552.95,-1,28531.674519049666,0,0
1785754200,28520.5,28524.75,28513.5,28523.5,,681,570.8,-1,28531.674519049666,0,0
1785754260,28523.5,28529.75,28521.5,28526.5,,383,551.45,-1,28531.674519049666,0,0
1785754320,28526,28527.25,28516.25,28526,,585,551.9,-1,28531.674519049666,0,0
1785754380,28525.5,28533,28523,28531,,442,543.45,-1,28531.674519049666,0,0
1785754440,28531.5,28533.25,28524.75,28528.5,,283,508.9,-1,28531.674519049666,0,0
1785754500,28528.5,28540.5,28527.75,28536.5,,561,489.45,1,28531.674519049666,0,0
1785754560,28536.25,28545,28535.5,28542.5,,581,493.4,1,28531.674519049666,0,0
1785754620,28542.5,28544.25,28535.5,28538.75,,349,482.45,1,28531.674519049666,0,0
1785754680,28538.5,28538.5,28534.25,28536.25,,185,440.55,1,28531.674519049666,0,0
1785754740,28536.25,28547.75,28533.25,28541,28534.783012699776,558,441.65,1,28531.674519049666,0,0
1785754800,28542.25,28547.25,28508.75,28512.25,,2418,531.25,-1,28534.783012699776,0,0
1785754860,28511.75,28513,28492.75,28494.75,,1733,601.3,-1,28534.783012699776,0,0
1785754920,28494.75,28503.5,28487.5,28494.5,,1167,639.55,-1,28534.783012699776,0,0
1785754980,28493.25,28500.75,28481,28500.25,,1657,711.1,-1,28534.783012699776,0,0
1785755040,28499.25,28501.5,28487.5,28500.25,,1064,750,-1,28534.783012699776,0,0
1785755100,28500.25,28502.25,28492,28501,,932,776.45,-1,28534.783012699776,0,0
1785755160,28501.75,28503.5,28467.5,28468.25,,1965,853.4,-1,28534.783012699776,0,0
1785755220,28469,28483,28466.5,28477.5,,1106,876.45,-1,28534.783012699776,0,0
1785755280,28477.25,28480,28468,28468.5,,1244,917.95,-1,28534.783012699776,0,0
1785755340,28468,28479.25,28467.25,28478,,901,939.75,-1,28534.783012699776,0,0
1785755400,28478.25,28485.5,28475,28484.25,,829,947.15,-1,28534.783012699776,0,0
1785755460,28484.75,28486.25,28476,28479.25,,617,958.85,-1,28534.783012699776,0,0
1785755520,28479.75,28488.75,28473.5,28483.25,,820,970.6,-1,28534.783012699776,0,0
1785755580,28482.25,28488.25,28480.25,28486.75,,567,976.85,-1,28534.783012699776,0,0
1785755640,28487,28490.75,28480.5,28488,28519.188675133184,610,993.2,-1,28534.783012699776,0,0
1785755700,28488,28492,28481,28489.5,,581,994.2,-1,28519.188675133184,0,0
1785755760,28488.75,28500,28483,28493,,947,1012.5,-1,28519.188675133184,0,0
1785755820,28492,28511.25,28490.25,28510.5,,927,1041.4,-1,28519.188675133184,0,0
1785755880,28510,28513,28492.25,28502.75,,1029,1083.6,-1,28519.188675133184,0,0
1785755940,28502.75,28508.5,28500.25,28504,,536,1082.5,-1,28519.188675133184,0,0
1785756000,28503,28508,28496.25,28501.5,,695,996.35,-1,28519.188675133184,0,0
1785756060,28501.5,28510.25,28486.75,28488.5,,894,954.4,-1,28519.188675133184,0,0
1785756120,28488.75,28507,28486.5,28497.75,,989,945.5,-1,28519.188675133184,0,0
1785756180,28497.5,28498.5,28487.75,28492,,467,886,-1,28519.188675133184,0,0
1785756240,28492,28494.25,28488.25,28488.25,,363,850.95,-1,28519.188675133184,0,0
1785756300,28489,28490.25,28480.5,28480.5,,1042,856.45,-1,28519.188675133184,0,0
1785756360,28481.25,28493,28474.75,28492.5,,994,807.9,-1,28519.188675133184,0,0
1785756420,28492.25,28492.5,28470,28475.25,,865,795.85,-1,28519.188675133184,0,0
1785756480,28475.25,28485.5,28473.75,28481.75,,593,763.3,-1,28519.188675133184,0,0
1785756540,28481.75,28484.5,28468.75,28469.75,28502.709116755457,677,752.1,-1,28519.188675133184,0,0
1785756600,28469,28511.75,28466.75,28501.5,,1926,806.95,-1,28502.709116755457,0,0
1785756660,28501.5,28511.5,28489,28495.5,,1094,830.8,-1,28502.709116755457,0,0
1785756720,28495.75,28503.25,28492.75,28502.25,,925,836.05,-1,28502.709116755457,0,0
1785756780,28504.5,28508.5,28500.75,28503,,612,838.3,1,28502.709116755457,0,0
1785756840,28503,28507,28501.75,28506,,362,825.9,1,28502.709116755457,0,0
1785756900,28505.25,28513.5,28501,28501.75,,927,843.2,-1,28502.709116755457,0,0
1785756960,28501.75,28506.5,28496,28496.75,,809,836.3,-1,28502.709116755457,0,0
1785757020,28496.75,28501.5,28490.25,28491,,729,826.4,-1,28502.709116755457,0,0
1785757080,28490.75,28495.5,28461.5,28464,,1770,863.45,-1,28502.709116755457,0,0
1785757140,28464.25,28469.25,28457.25,28459.75,,1365,904.9,-1,28502.709116755457,0,0
1785757200,28459.25,28461.75,28450.5,28453.25,,1248,932.55,-1,28502.709116755457,0,0
1785757260,28452.75,28459.75,28450.5,28458.5,,997,937.7,-1,28502.709116755457,0,0
1785757320,28457.75,28462,28453.5,28460,,636,920.05,-1,28502.709116755457,0,0
1785757380,28459,28462,28453,28459.25,,548,924.1,-1,28502.709116755457,0,0
1785757440,28458.75,28477,28458,28475,28493.472744503637,1396,975.75,-1,28502.709116755457,0,0
1785757500,28474.5,28477.5,28460.25,28469.5,,914,969.35,-1,28493.472744503637,0,0
1785757560,28471,28473.25,28464.25,28470.25,,722,955.75,-1,28493.472744503637,0,0
1785757620,28469.75,28472.25,28460.75,28464,,648,944.9,-1,28493.472744503637,0,0
1785757680,28464.75,28466.25,28442.5,28446,,1819,1006.2,-1,28493.472744503637,0,0
1785757740,28445.5,28461.75,28445.5,28457.75,,1501,1047.4,-1,28493.472744503637,0,0
1785757800,28457.5,28457.5,28436,28436,,1663,1034.25,-1,28493.472744503637,0,0
1785757860,28436,28439,28423.75,28428.25,,1570,1058.05,-1,28493.472744503637,0,0
1785757920,28428,28431,28419.25,28424.25,,1190,1071.3,-1,28493.472744503637,0,0
1785757980,28424.25,28426.5,28410,28419.75,,1557,1118.55,-1,28493.472744503637,0,0
1785758040,28419.25,28422,28410.25,28412.75,,1019,1151.4,-1,28493.472744503637,0,0
1785758100,28411.75,28415.75,28406.75,28406.75,,1177,1163.9,-1,28493.472744503637,0,0
1785758160,28406.5,28416.25,28403.5,28413.5,,1206,1183.75,-1,28493.472744503637,0,0
1785758220,28413.5,28417.75,28405,28416.25,,924,1193.5,-1,28493.472744503637,0,0
1785758280,28417,28418.25,28406.75,28416.5,,1172,1163.6,-1,28493.472744503637,0,0
1785758340,28416.75,28423,28409,28420,28468.98182966909,1203,1155.5,-1,28493.472744503637,0,0
1785758400,28419.5,28420.75,28401,28403.75,,1917,1188.95,-1,28468.98182966909,0,0
1785758460,28402.75,28404.5,28391,28397.75,,1674,1222.8,-1,28468.98182966909,0,0
1785758520,28397.75,28405,28393.75,28401,,1214,1251.7,-1,28468.98182966909,0,0
1785758580,28401.5,28403,28391,28394,,1344,1291.5,-1,28468.98182966909,0,0
1785758640,28395.25,28409,28389.25,28395.75,,1740,1308.7,-1,28468.98182966909,0,0
1785758700,28395.5,28401.5,28388,28390.25,,1110,1318.5,-1,28468.98182966909,0,0
1785758760,28390.75,28392.75,28382.75,28385.75,,1439,1354.35,-1,28468.98182966909,0,0
1785758820,28386.25,28398.25,28384,28398,,1108,1377.35,-1,28468.98182966909,0,0
1785758880,28398,28414.5,28392,28413.5,,2129,1392.85,-1,28468.98182966909,0,0
1785758940,28413.5,28419,28410.25,28416.5,,1455,1390.55,-1,28468.98182966909,0,0
1785759000,28416.75,28418,28406.25,28413.75,,1449,1379.85,-1,28468.98182966909,0,0
1785759060,28414.25,28415.5,28406.5,28410.25,,745,1338.6,-1,28468.98182966909,0,0
1785759120,28409.5,28418.75,28408.75,28415.75,,925,1325.35,-1,28468.98182966909,0,0
1785759180,28415.25,28433.5,28413.75,28432,,1932,1344.1,-1,28468.98182966909,0,0
1785759240,28432.75,28435.75,28428,28435.5,28457.821219779395,1103,1348.3,-1,28468.98182966909,0,0
1785759300,28435.75,28447,28431.75,28443,,1522,1365.55,-1,28457.821219779395,0,0
1785759360,28444,28447.5,28425.25,28426.25,,1381,1374.3,-1,28457.821219779395,0,0
1785759420,28426.5,28438.25,28426,28438.25,,1226,1389.4,-1,28457.821219779395,0,0
1785759480,28437.5,28441.25,28433.5,28439,,761,1368.85,-1,28457.821219779395,0,0
1785759540,28439,28442,28425.5,28440.25,,1433,1380.35,-1,28457.821219779395,0,0
1785759600,28440.25,28447.75,28434,28447.75,,936,1331.3,-1,28457.821219779395,0,0
1785759660,28447.75,28457.75,28443.25,28453.75,,1564,1325.8,-1,28457.821219779395,0,0
1785759720,28453.75,28456.75,28444.25,28448.75,,1122,1321.2,-1,28457.821219779395,0,0
1785759780,28448.5,28450,28435.25,28436.5,,1142,1311.1,-1,28457.821219779395,0,0
1785759840,28436.75,28440.5,28432,28434.25,,994,1273.8,-1,28457.821219779395,0,0
1785759900,28434.5,28444.25,28434,28442.5,,775,1257.05,-1,28457.821219779395,0,0
1785759960,28443,28449.5,28438,28438.5,,958,1233,-1,28457.821219779395,0,0
1785760020,28438.75,28450,28421.5,28450,,2320,1293.6,-1,28457.821219779395,0,0
1785760080,28449.75,28460.25,28447,28457.75,,1414,1257.85,-1,28457.821219779395,0,0
1785760140,28457.75,28462,28448.75,28449.75,28455.130813186264,975,1233.85,-1,28457.821219779395,0,0
1785760200,28450,28462,28449.5,28455.75,,1014,1212.1,1,28455.130813186264,0,0
1785760260,28455.25,28463.25,28452.25,28458,,898,1219.75,1,28455.130813186264,0,0
1785760320,28457.25,28460.5,28447.75,28447.75,,1027,1224.85,-1,28455.130813186264,0,0
1785760380,28447.75,28452,28441.5,28444.75,,1219,1189.2,-1,28455.130813186264,0,0
1785760440,28445.75,28455,28440.5,28454.25,,874,1177.75,-1,28455.130813186264,0,0
1785760500,28453.75,28456.25,28443,28448.75,,1038,1153.55,-1,28455.130813186264,0,0
1785760560,28449.25,28453,28442.75,28450.5,,1003,1134.65,-1,28455.130813186264,0,0
1785760620,28450.25,28453,28446.25,28449.25,,506,1098.65,-1,28455.130813186264,0,0
1785760680,28449.25,28452.75,28441.25,28444.25,,915,1106.35,-1,28455.130813186264,0,0
1785760740,28444.25,28454.25,28440,28446.75,,998,1084.6,-1,28455.130813186264,0,0
1785760800,28447,28456.5,28437.25,28448.75,,1557,1115.65,-1,28455.130813186264,0,0
1785760860,28449,28466.5,28449,28460.75,,1350,1104.95,1,28455.130813186264,0,0
1785760920,28461,28469,28458.25,28464.75,,1125,1105.1,1,28455.130813186264,0,0
1785760980,28464.75,28478.75,28464.5,28475.25,,1736,1134.8,1,28455.130813186264,0,0
1785761040,28475.5,28487.75,28474.25,28487.5,28465.587208790843,1439,1157.05,1,28455.130813186264,0,0
1785761100,28487.5,28491.5,28482,28485,,1518,1194.2,1,28465.920542124175,0,0
1785761160,28484.75,28487.75,28478.25,28480.25,,1144,1203.5,1,28465.920542124175,0,0
1785761220,28479.75,28479.75,28462.25,28468.75,,1917,1183.35,1,28465.920542124175,0,0
1785761280,28468.75,28469.5,28456,28459.75,,1465,1185.9,-1,28465.920542124175,0,0
1785761340,28459.75,28462.5,28454.25,28458.5,,1366,1205.45,-1,28465.920542124175,0,0
1785761400,28458,28460.25,28449,28450.5,,1464,1227.95,-1,28465.920542124175,0,0
1785761460,28450,28469.25,28441,28466.25,,2126,1289.35,1,28465.920542124175,0,0
1785761520,28466.25,28467.25,28460.5,28462.5,,898,1282.9,-1,28465.920542124175,0,0
1785761580,28462.25,28468.75,28452.5,28465,,1254,1284.65,-1,28465.920542124175,0,0
1785761640,28465,28474.5,28464,28469.75,,1377,1309.8,1,28465.920542124175,0,0
1785761700,28469.25,28472.25,28467,28469.25,,728,1294.3,1,28465.920542124175,0,0
1785761760,28469.5,28479.75,28468,28469,,1445,1316.4,1,28465.920542124175,0,0
1785761820,28468.75,28469.75,28458,28458.25,,1436,1362.9,-1,28465.920542124175,0,0
1785761880,28458.25,28466.75,28453,28461.25,,1516,1392.95,-1,28465.920542124175,0,0
1785761940,28461.5,28465.5,28455.5,28459.25,28463.697028082785,713,1378.7,-1,28465.920542124175,0,0
1785762000,28459.75,28472.5,28456,28459.25,,1989,1400.3,-1,28463.697028082785,0,1
1785762060,28459.75,28464.25,28448.5,28457.25,,1677,1416.65,-1,28463.697028082785,0,0
1785762120,28455.5,28458.5,28439,28442.75,,2383,1479.55,-1,28463.697028082785,0,0
1785762180,28442.5,28455,28441.75,28451.25,,1379,1461.7,-1,28463.697028082785,0,0