time,open,high,low,close,Volume,Volume MA,EMA Direction (debug),HTF EMA Value (debug),Order Sent Long,Order Sent Short
1785750180,28554.75,28556.75,28550.25,28553.25,258,546,-1,28559.37212903339,0,0
1785750240,28554.5,28556.25,28543,28544.5,544,534.05,-1,28559.37212903339,0,0
1785750300,28545.5,28560.75,28545,28557.75,413,521.2,1,28554.414752688925,0,0
1785750360,28557.5,28560,28554.5,28557.25,236,492.75,1,28554.414752688925,0,0
1785750420,28556,28559.25,28551.5,28554.5,265,478.45,1,28554.414752688925,0,0
1785750480,28554.75,28558.25,28550,28552.5,300,466.25,-1,28554.414752688925,0,0
1785750540,28552.5,28559.5,28538.5,28545,745,489,-1,28554.414752688925,0,0
1785750600,28545.25,28547,28536.75,28537.75,651,506.4,-1,28554.414752688925,0,0
1785750660,28538.25,28538.75,28527.5,28528.25,917,527.1,-1,28554.414752688925,0,0
1785750720,28528.25,28531.5,28524.75,28526.75,666,528.8,-1,28554.414752688925,0,0
1785750780,28527.25,28530.25,28520.5,28528,833,549.35,-1,28554.414752688925,0,0
1785750840,28529,28543.5,28528.5,28542.5,729,571.1,-1,28554.414752688925,0,0
1785750900,28542.5,28548.75,28535.5,28547.25,727,588.05,-1,28554.414752688925,0,0
1785750960,28547.75,28561.5,28546.75,28558.5,848,578.25,1,28554.414752688925,0,0
1785751020,28558,28561.75,28550,28557.25,507,550.4,1,28554.414752688925,0,0
1785751080,28558,28561.75,28555.5,28561,357,540.75,1,28554.414752688925,0,0
1785751140,28562,28563.5,28558,28558.5,383,536.1,1,28554.414752688925,0,0
1785751200,28559.25,28566,28554.25,28558.75,644,545.25,1,28555.776501792618,0,0
1785751260,28559.25,28559.25,28537,28544,1121,582.15,-1,28555.776501792618,0,0
1785751320,28543.75,28548.5,28540.5,28546.25,298,572.1,-1,28555.776501792618,0,0
1785751380,28546.5,28555,28543,28554.5,395,578.95,-1,28555.776501792618,0,0
1785751440,28553.25,28554,28543.25,28549.25,441,573.8,-1,28555.776501792618,0,0
1785751500,28548.75,28550.25,28541.75,28547.75,323,569.3,-1,28555.776501792618,0,0
1785751560,28548.5,28551.75,28539.5,28547.5,583,586.65,-1,28555.776501792618,0,0
1785751620,28547.75,28548.5,28536,28541.5,420,594.4,-1,28555.776501792618,0,0
1785751680,28542,28545.25,28537,28537,213,590.05,-1,28555.776501792618,0,0
1785751740,28537.25,28548,28535.75,28541.25,401,572.85,-1,28555.776501792618,0,0
1785751800,28541.5,28543.5,28529.75,28541.5,773,578.95,-1,28555.776501792618,0,0
1785751860,28541.5,28544.75,28535.75,28536,415,553.85,-1,28555.776501792618,0,0
1785751920,28536,28543.75,28535.5,28540.5,299,535.5,-1,28555.776501792618,0,0
1785751980,28539.5,28539.75,28525.25,28531.75,918,539.75,-1,28555.776501792618,0,0
1785752040,28531.75,28539,28526.75,28527.25,614,534,-1,28555.776501792618,0,0
1785752100,28526.25,28539.25,28522.75,28531.5,913,543.3,-1,28546.267667861746,0,0
1785752160,28532.25,28535.25,28529.5,28533.25,300,515.9,-1,28546.267667861746,0,0
1785752220,28533.5,28536,28520.5,28521.75,701,525.6,-1,28546.267667861746,0,0
1785752280,28522.75,28540.75,28520.75,28538,824,548.95,-1,28546.267667861746,0,0
1785752340,28537,28537,28524.75,28525.25,464,553,-1,28546.267667861746,0,0
1785752400,28525,28528,28508.5,28509,1138,577.7,-1,28546.267667861746,0,0
1785752460,28508.75,28514,28497.75,28504.5,1206,581.95,-1,28546.267667861746,0,0
1785752520,28503.75,28508.5,28498,28506.75,845,609.3,-1,28546.267667861746,0,0
1785752580,28507.25,28513,28500.25,28511,830,631.05,-1,28546.267667861746,0,0
1785752640,28511.75,28514.75,28491.25,28493.5,1214,669.7,-1,28546.267667861746,0,0
1785752700,28494,28501.75,28488.5,28495,935,700.3,-1,28546.267667861746,0,0
1785752760,28494.5,28509.25,28492.25,28507.75,968,719.55,-1,28546.267667861746,0,0
1785752820,28507.75,28509,28495.25,28500.75,671,732.1,-1,28546.267667861746,0,0
1785752880,28500.75,28511.5,28497,28504.75,657,754.3,-1,28546.267667861746,0,0
1785752940,28505.5,28509.75,28502.5,28509.5,405,754.5,-1,28546.267667861746,0,0
1785753000,28508.75,28509.25,28502.75,28505.25,324,732.05,-1,28534.0117785745,0,0
1785753060,28504.75,28506.5,28494,28505.5,770,749.8,-1,28534.0117785745,0,0
1785753120,28506.25,28507.25,28490,28495.5,576,763.65,-1,28534.0117785745,0,0
1785753180,28495.25,28506.5,28491,28504,611,748.3,-1,28534.0117785745,0,0
1785753240,28503.5,28524,28503,28523.25,974,766.3,-1,28534.0117785745,0,0
1785753300,28522.25,28526.5,28513.75,28514.5,950,768.15,-1,28534.0117785745,0,0
1785753360,28514.25,28521.25,28513.75,28518.25,502,778.25,-1,28534.0117785745,0,0
1785753420,28517.75,28525,28512.75,28524.75,568,771.6,-1,28534.0117785745,0,0
1785753480,28524.75,28530,28515,28516.75,1023,781.55,-1,28534.0117785745,0,0
1785753540,28516.25,28532.5,28515,28527.25,536,785.15,-1,28534.0117785745,0,0
1785753600,28527,28528.5,28514.5,28527.75,626,759.55,-1,28534.0117785745,0,0
1785753660,28527.25,28527.75,28523.25,28525,332,715.85,-1,28534.0117785745,0,0
1785753720,28525.25,28528,28519.75,28523,402,693.7,-1,28534.0117785745,0,0
1785753780,28523,28525.5,28519,28523.25,226,663.5,-1,28534.0117785745,0,0
1785753840,28522.5,28529.25,28522,28527,286,617.1,-1,28534.0117785745,0,0
1785753900,28527.75,28531.5,28520.75,28524.5,403,590.5,-1,28531.674519049666,0,0
1785753960,28524.75,28529.5,28521,28524.5,426,563.4,-1,28531.674519049666,0,0
1785754020,28525,28537.25,28519.25,28526.75,645,562.1,-1,28531.674519049666,0,0
1785754080,28527,28530.75,28522,28524.25,414,549.95,-1,28531.674519049666,0,0
1785754140,28524.5,28533,28520,28520.5,465,552.95,-1,28531.674519049666,0,0
1785754200,28520.5,28524.75,28513.5,28523.5,681,570.8,-1,28531.674519049666,0,0
1785754260,28523.5,28529.75,28521.5,28526.5,383,551.45,-1,28531.674519049666,0,0
1785754320,28526,28527.25,28516.25,28526,585,551.9,-1,28531.674519049666,0,0
1785754380,28525.5,28533,28523,28531,442,543.45,-1,28531.674519049666,0,0
1785754440,28531.5,28533.25,28524.75,28528.5,283,508.9,-1,28531.674519049666,0,0
1785754500,28528.5,28540.5,28527.75,28536.5,561,489.45,1,28531.674519049666,0,0
1785754560,28536.25,28545,28535.5,28542.5,581,493.4,1,28531.674519049666,0,0
1785754620,28542.5,28544.25,28535.5,28538.75,349,482.45,1,28531.674519049666,0,0
1785754680,28538.5,28538.5,28534.25,28536.25,185,440.55,1,28531.674519049666,0,0
1785754740,28536.25,28547.75,28533.25,28541,558,441.65,1,28531.674519049666,0,0
1785754800,28542.25,28547.25,28508.75,28512.25,2418,531.25,-1,28534.783012699776,0,0
1785754860,28511.75,28513,28492.75,28494.75,1733,601.3,-1,28534.783012699776,0,0
1785754920,28494.75,28503.5,28487.5,28494.5,1167,639.55,-1,28534.783012699776,0,0
1785754980,28493.25,28500.75,28481,28500.25,1657,711.1,-1,28534.783012699776,0,0
1785755040,28499.25,28501.5,28487.5,28500.25,1064,750,-1,28534.783012699776,0,0
1785755100,28500.25,28502.25,28492,28501,932,776.45,-1,28534.783012699776,0,0
1785755160,28501.75,28503.5,28467.5,28468.25,1965,853.4,-1,28534.783012699776,0,0
1785755220,28469,28483,28466.5,28477.5,1106,876.45,-1,28534.783012699776,0,0
1785755280,28477.25,28480,28468,28468.5,1244,917.95,-1,28534.783012699776,0,0
1785755340,28468,28479.25,28467.25,28478,901,939.75,-1,28534.783012699776,0,0
1785755400,28478.25,28485.5,28475,28484.25,829,947.15,-1,28534.783012699776,0,0
1785755460,28484.75,28486.25,28476,28479.25,617,958.85,-1,28534.783012699776,0,0
1785755520,28479.75,28488.75,28473.5,28483.25,820,970.6,-1,28534.783012699776,0,0
1785755580,28482.25,28488.25,28480.25,28486.75,567,976.85,-1,28534.783012699776,0,0
1785755640,28487,28490.75,28480.5,28488,610,993.2,-1,28534.783012699776,0,0
1785755700,28488,28492,28481,28489.5,581,994.2,-1,28519.188675133184,0,0
1785755760,28488.75,28500,28483,28493,947,1012.5,-1,28519.188675133184,0,0
1785755820,28492,28511.25,28490.25,28510.5,927,1041.4,-1,28519.188675133184,0,0
1785755880,28510,28513,28492.25,28502.75,1029,1083.6,-1,28519.188675133184,0,0
1785755940,28502.75,28508.5,28500.25,28504,536,1082.5,-1,28519.188675133184,0,0
1785756000,28503,28508,28496.25,28501.5,695,996.35,-1,28519.188675133184,0,0
1785756060,28501.5,28510.25,28486.75,28488.5,894,954.4,-1,28519.188675133184,0,0
1785756120,28488.75,28507,28486.5,28497.75,989,945.5,-1,28519.188675133184,0,0
1785756180,28497.5,28498.5,28487.75,28492,467,886,-1,28519.188675133184,0,0
1785756240,28492,28494.25,28488.25,28488.25,363,850.95,-1,28519.188675133184,0,0
1785756300,28489,28490.25,28480.5,28480.5,1042,856.45,-1,28519.188675133184,0,0
1785756360,28481.25,28493,28474.75,28492.5,994,807.9,-1,28519.188675133184,0,0
1785756420,28492.25,28492.5,28470,28475.25,865,795.85,-1,28519.188675133184,0,0
1785756480,28475.25,28485.5,28473.75,28481.75,593,763.3,-1,28519.188675133184,0,0
1785756540,28481.75,28484.5,28468.75,28469.75,677,752.1,-1,28519.188675133184,0,0
1785756600,28469,28511.75,28466.75,28501.5,1926,806.95,-1,28502.709116755457,0,0
1785756660,28501.5,28511.5,28489,28495.5,1094,830.8,-1,28502.709116755457,0,0
1785756720,28495.75,28503.25,28492.75,28502.25,925,836.05,-1,28502.709116755457,0,0
1785756780,28504.5,28508.5,28500.75,28503,612,838.3,1,28502.709116755457,0,0
1785756840,28503,28507,28501.75,28506,362,825.9,1,28502.709116755457,0,0
1785756900,28505.25,28513.5,28501,28501.75,927,843.2,-1,28502.709116755457,0,0
1785756960,28501.75,28506.5,28496,28496.75,809,836.3,-1,28502.709116755457,0,0
1785757020,28496.75,28501.5,28490.25,28491,729,826.4,-1,28502.709116755457,0,0
1785757080,28490.75,28495.5,28461.5,28464,1770,863.45,-1,28502.709116755457,0,0
1785757140,28464.25,28469.25,28457.25,28459.75,1365,904.9,-1,28502.709116755457,0,0
1785757200,28459.25,28461.75,28450.5,28453.25,1248,932.55,-1,28502.709116755457,0,0
1785757260,28452.75,28459.75,28450.5,28458.5,997,937.7,-1,28502.709116755457,0,0
1785757320,28457.75,28462,28453.5,28460,636,920.05,-1,28502.709116755457,0,0
1785757380,28459,28462,28453,28459.25,548,924.1,-1,28502.709116755457,0,0
1785757440,28458.75,28477,28458,28475,1396,975.75,-1,28502.709116755457,0,0
1785757500,28474.5,28477.5,28460.25,28469.5,914,969.35,-1,28493.472744503637,0,0
1785757560,28471,28473.25,28464.25,28470.25,722,955.75,-1,28493.472744503637,0,0
1785757620,28469.75,28472.25,28460.75,28464,648,944.9,-1,28493.472744503637,0,0
1785757680,28464.75,28466.25,28442.5,28446,1819,1006.2,-1,28493.472744503637,0,0
1785757740,28445.5,28461.75,28445.5,28457.75,1501,1047.4,-1,28493.472744503637,0,0
1785757800,28457.5,28457.5,28436,28436,1663,1034.25,-1,28493.472744503637,0,0
1785757860,28436,28439,28423.75,28428.25,1570,1058.05,-1,28493.472744503637,0,0
1785757920,28428,28431,28419.25,28424.25,1190,1071.3,-1,28493.472744503637,0,0
1785757980,28424.25,28426.5,28410,28419.75,1557,1118.55,-1,28493.472744503637,0,0
1785758040,28419.25,28422,28410.25,28412.75,1019,1151.4,-1,28493.472744503637,0,0
1785758100,28411.75,28415.75,28406.75,28406.75,1177,1163.9,-1,28493.472744503637,0,0
1785758160,28406.5,28416.25,28403.5,28413.5,1206,1183.75,-1,28493.472744503637,0,0
1785758220,28413.5,28417.75,28405,28416.25,924,1193.5,-1,28493.472744503637,0,0
1785758280,28417,28418.25,28406.75,28416.5,1172,1163.6,-1,28493.472744503637,0,0
1785758340,28416.75,28423,28409,28420,1203,1155.5,-1,28493.472744503637,0,0
1785758400,28419.5,28420.75,28401,28403.75,1917,1188.95,-1,28468.98182966909,0,0
1785758460,28402.75,28404.5,28391,28397.75,1674,1222.8,-1,28468.98182966909,0,0
1785758520,28397.75,28405,28393.75,28401,1214,1251.7,-1,28468.98182966909,0,0
1785758580,28401.5,28403,28391,28394,1344,1291.5,-1,28468.98182966909,0,0
1785758640,28395.25,28409,28389.25,28395.75,1740,1308.7,-1,28468.98182966909,0,0
1785758700,28395.5,28401.5,28388,28390.25,1110,1318.5,-1,28468.98182966909,0,0
1785758760,28390.75,28392.75,28382.75,28385.75,1439,1354.35,-1,28468.98182966909,0,0
1785758820,28386.25,28398.25,28384,28398,1108,1377.35,-1,28468.98182966909,0,0
1785758880,28398,28414.5,28392,28413.5,2129,1392.85,-1,28468.98182966909,0,0
1785758940,28413.5,28419,28410.25,28416.5,1455,1390.55,-1,28468.98182966909,0,0
1785759000,28416.75,28418,28406.25,28413.75,1449,1379.85,-1,28468.98182966909,0,0
1785759060,28414.25,28415.5,28406.5,28410.25,745,1338.6,-1,28468.98182966909,0,0
1785759120,28409.5,28418.75,28408.75,28415.75,925,1325.35,-1,28468.98182966909,0,0
1785759180,28415.25,28433.5,28413.75,28432,1932,1344.1,-1,28468.98182966909,0,0
1785759240,28432.75,28435.75,28428,28435.5,1103,1348.3,-1,28468.98182966909,0,0
1785759300,28435.75,28447,28431.75,28443,1522,1365.55,-1,28457.821219779395,0,0
1785759360,28444,28447.5,28425.25,28426.25,1381,1374.3,-1,28457.821219779395,0,0
1785759420,28426.5,28438.25,28426,28438.25,1226,1389.4,-1,28457.821219779395,0,0
1785759480,28437.5,28441.25,28433.5,28439,761,1368.85,-1,28457.821219779395,0,0
1785759540,28439,28442,28425.5,28440.25,1433,1380.35,-1,28457.821219779395,0,0
1785759600,28440.25,28447.75,28434,28447.75,936,1331.3,-1,28457.821219779395,0,0
1785759660,28447.75,28457.75,28443.25,28453.75,1564,1325.8,-1,28457.821219779395,0,0
1785759720,28453.75,28456.75,28444.25,28448.75,1122,1321.2,-1,28457.821219779395,0,0
1785759780,28448.5,28450,28435.25,28436.5,1142,1311.1,-1,28457.821219779395,0,0
1785759840,28436.75,28440.5,28432,28434.25,994,1273.8,-1,28457.821219779395,0,0
1785759900,28434.5,28444.25,28434,28442.5,775,1257.05,-1,28457.821219779395,0,0
1785759960,28443,28449.5,28438,28438.5,958,1233,-1,28457.821219779395,0,0
1785760020,28438.75,28450,28421.5,28450,2320,1293.6,-1,28457.821219779395,0,0
1785760080,28449.75,28460.25,28447,28457.75,1414,1257.85,-1,28457.821219779395,0,0
1785760140,28457.75,28462,28448.75,28449.75,975,1233.85,-1,28457.821219779395,0,0
1785760200,28450,28462,28449.5,28455.75,1014,1212.1,1,28455.130813186264,0,0
1785760260,28455.25,28463.25,28452.25,28458,898,1219.75,1,28455.130813186264,0,0
1785760320,28457.25,28460.5,28447.75,28447.75,1027,1224.85,-1,28455.130813186264,0,0
1785760380,28447.75,28452,28441.5,28444.75,1219,1189.2,-1,28455.130813186264,0,0
1785760440,28445.75,28455,28440.5,28454.25,874,1177.75,-1,28455.130813186264,0,0
1785760500,28453.75,28456.25,28443,28448.75,1038,1153.55,-1,28455.130813186264,0,0
1785760560,28449.25,28453,28442.75,28450.5,1003,1134.65,-1,28455.130813186264,0,0
1785760620,28450.25,28453,28446.25,28449.25,506,1098.65,-1,28455.130813186264,0,0
1785760680,28449.25,28452.75,28441.25,28444.25,915,1106.35,-1,28455.130813186264,0,0
1785760740,28444.25,28454.25,28440,28446.75,998,1084.6,-1,28455.130813186264,0,0
1785760800,28447,28456.5,28437.25,28448.75,1557,1115.65,-1,28455.130813186264,0,0
1785760860,28449,28466.5,28449,28460.75,1350,1104.95,1,28455.130813186264,0,0
1785760920,28461,28469,28458.25,28464.75,1125,1105.1,1,28455.130813186264,0,0
1785760980,28464.75,28478.75,28464.5,28475.25,1736,1134.8,1,28455.130813186264,0,0
1785761040,28475.5,28487.75,28474.25,28487.5,1439,1157.05,1,28455.130813186264,0,0
1785761100,28487.5,28491.5,28482,28485,1518,1194.2,1,28465.920542124175,0,0
1785761160,28484.75,28487.75,28478.25,28480.25,1144,1203.5,1,28465.920542124175,0,0
1785761220,28479.75,28479.75,28462.25,28468.75,1917,1183.35,1,28465.920542124175,0,0
1785761280,28468.75,28469.5,28456,28459.75,1465,1185.9,-1,28465.920542124175,0,0
1785761340,28459.75,28462.5,28454.25,28458.5,1366,1205.45,-1,28465.920542124175,0,0
1785761400,28458,28460.25,28449,28450.5,1464,1227.95,-1,28465.920542124175,0,0
1785761460,28450,28469.25,28441,28466.25,2126,1289.35,1,28465.920542124175,0,0
1785761520,28466.25,28467.25,28460.5,28462.5,898,1282.9,-1,28465.920542124175,0,0
1785761580,28462.25,28468.75,28452.5,28465,1254,1284.65,-1,28465.920542124175,0,0
1785761640,28465,28474.5,28464,28469.75,1377,1309.8,1,28465.920542124175,0,0
1785761700,28469.25,28472.25,28467,28469.25,728,1294.3,1,28465.920542124175,0,0
1785761760,28469.5,28479.75,28468,28469,1445,1316.4,1,28465.920542124175,0,0
1785761820,28468.75,28469.75,28458,28458.25,1436,1362.9,-1,28465.920542124175,0,0
1785761880,28458.25,28466.75,28453,28461.25,1516,1392.95,-1,28465.920542124175,0,0
1785761940,28461.5,28465.5,28455.5,28459.25,713,1378.7,-1,28465.920542124175,0,0
1785762000,28459.75,28472.5,28456,28459.25,1989,1400.3,-1,28463.697028082785,0,1
1785762060,28459.75,28464.25,28448.5,28457.25,1677,1416.65,-1,28463.697028082785,0,0
1785762120,28455.5,28458.5,28439,28442.75,2383,1479.55,-1,28463.697028082785,0,0
1785762180,28442.5,28457.25,28441.75,28453,1656,1475.55,-1,28463.697028082785,0,0
1785762240,28453.25,28467.5,28448.75,28466,1728,1490,1,28463.697028082785,0,0
1785762300,28466,28478.25,28461.5,28476.25,1972,1512.7,1,28463.697028082785,0,0
1785762360,28476.25,28477.5,28464.5,28467.75,1465,1528.75,1,28463.697028082785,0,0
1785762420,28467,28472.75,28459.75,28471.25,1701,1517.95,1,28463.697028082785,0,0
1785762480,28471.25,28471.25,28457.25,28460.75,1296,1509.5,-1,28463.697028082785,0,0
1785762540,28460.25,28462.5,28456,28459.5,1065,1494.45,-1,28463.697028082785,0,0
1785762600,28459.75,28467.25,28455.25,28466.5,1305,1486.5,1,28463.697028082785,0,0
1785762660,28466.25,28468.25,28452,28456.75,1324,1446.4,-1,28463.697028082785,0,0
1785762720,28456.25,28461.5,28450.25,28455,1173,1460.15,-1,28463.697028082785,0,0
1785762780,28455.5,28461.5,28445.5,28449.5,1511,1473,-1,28463.697028082785,0,0
1785762840,28449,28460.75,28442.25,28460.25,1724,1490.35,-1,28463.697028082785,0,0
1785762900,28460.75,28470.25,28458.75,28465,1669,1537.4,1,28462.548018721856,0,0
1785762960,28464.75,28475.75,28463.75,28472.75,1330,1531.65,1,28462.548018721856,0,0
1785763020,28472.5,28475.5,28459.75,28470.75,1602,1539.95,1,28462.548018721856,0,0
1785763080,28471.75,28496.5,28468.5,28489.5,2555,1591.9,1,28462.548018721856,0,0
1785763140,28489.75,28490.25,28477.5,28487,1229,1617.7,1,28462.548018721856,0,0
1785763200,28487,28490,28477.75,28479.25,1117,1574.1,1,28462.548018721856,0,0
1785763260,28478.75,28479,28466.75,28467.75,1499,1565.2,1,28462.548018721856,0,0
1785763320,28468,28477.75,28466.25,28473.25,1347,1513.4,1,28462.548018721856,0,0
1785763380,28473.75,28480,28464.75,28465.25,1223,1491.75,1,28462.548018721856,0,0
1785763440,28465,28480.75,28461.75,28471.25,1710,1490.85,1,28462.548018721856,0,0
1785763500,28471,28471,28433.5,28436.5,3687,1576.6,-1,28462.548018721856,0,0
1785763560,28436.25,28438.5,28424,28429.25,3109,1658.8,-1,28462.548018721856,0,0
1785763620,28429.5,28432.5,28402,28413,4719,1809.7,-1,28462.548018721856,0,0
1785763680,28412.5,28422.5,28397.5,28407.25,3689,1929.35,-1,28462.548018721856,0,0
1785763740,28407,28423.25,28396,28417,4071,2079.65,-1,28462.548018721856,0,0
1785763800,28417.5,28436.25,28354,28356.75,16111,2819.95,-1,28447.36534581457,0,0
1785763860,28358,28384,28336.75,28349.25,12334,3370.45,-1,28447.36534581457,0,0
1785763920,28350,28367.5,28313,28348.75,13706,3997.1,-1,28447.36534581457,0,0
1785763980,28349.25,28363.5,28324.25,28355.75,8922,4367.65,-1,28447.36534581457,0,0
1785764040,28355.75,28403,28351,28381.5,14033,4983.1,-1,28447.36534581457,0,0
1785764100,28381,28463,28374,28449,16871,5743.2,1,28447.36534581457,0,0
1785764160,28448.5,28502.25,28442.5,28501.5,14343,6393.85,1,28447.36534581457,0,0
1785764220,28501.5,28540.25,28486,28490.5,17767,7202.1,1,28447.36534581457,0,0
1785764280,28490.5,28506.75,28464,28502,13284,7738.55,1,28447.36534581457,0,0
1785764340,28502.75,28519.5,28476.5,28502.5,9363,8145.25,1,28447.36534581457,0,0
1785764400,28501.5,28522.25,28440,28470.5,14967,8837.75,1,28447.36534581457,0,0
1785764460,28470,28492.5,28451,28468,9558,9240.7,1,28447.36534581457,0,0
1785764520,28468,28481.75,28420,28434.25,11289,9737.8,-1,28447.36534581457,0,0
1785764580,28432.75,28448.25,28416,28440.25,5062,9929.75,-1,28447.36534581457,0,0
1785764640,28440.75,28499.5,28438.25,28492.25,8406,10264.55,1,28447.36534581457,0,0
1785764700,28494,28527,28485.25,28491,8963,10528.35,1,28462.326897209714,0,0
1785764760,28491,28503.5,28443.75,28449.75,9387,10842.25,-1,28462.326897209714,0,0
1785764820,28450.25,28496.5,28450.25,28496.5,7959,11004.25,1,28462.326897209714,0,0
1785764880,28496.25,28539,28481.5,28504.75,13624,11501,1,28462.326897209714,0,0
1785764940,28504.25,28509.75,28472.25,28475,7874,11691.15,1,28462.326897209714,0,0
1785765000,28475.25,28497.5,28455,28471.25,8023,11286.75,1,28462.326897209714,0,0
1785765060,28470.75,28507.25,28466.25,28504.5,6592,10999.65,1,28462.326897209714,0,0
1785765120,28505.25,28509,28478,28489.5,5693,10599,1,28462.326897209714,0,0
1785765180,28489.5,28524,28484.25,28522.75,6626,10484.2,1,28462.326897209714,0,0
1785765240,28522.5,28526.25,28493.5,28524,7879,10176.5,1,28462.326897209714,0,0
1785765300,28524,28564.75,28513.75,28556.25,12538,9959.85,1,28462.326897209714,0,0
1785765360,28556.25,28568,28543.75,28559.25,9241,9704.75,1,28462.326897209714,0,0
1785765420,28558.75,28586,28556.75,28581.5,8991,9265.95,1,28462.326897209714,0,0
1785765480,28582,28610,28571.5,28605.25,7087,8956.1,1,28462.326897209714,0,0
1785765540,28604.25,28629.25,28588.5,28629.25,5851,8780.5,1,28462.326897209714,0,0
1785765600,28624.25,28630,28576.25,28601.5,9231,8493.7,1,28517.967931473144,0,0
1785765660,28602.25,28606.25,28572,28582,5705,8301.05,1,28517.967931473144,0,0
1785765720,28582.25,28586.5,28558,28582.5,7927,8132.95,1,28517.967931473144,0,0
1785765780,28583,28611.25,28564.25,28568,10908,8425.25,1,28517.967931473144,0,0
1785765840,28567.75,28571.25,28534.75,28554.25,11451,8577.5,1,28517.967931473144,0,0
1785765900,28553.75,28581.25,28541.5,28572,8856,8572.15,1,28517.967931473144,0,0
1785765960,28572,28597.5,28569.75,28581.25,8909,8548.25,1,28517.967931473144,0,0
1785766020,28581,28588.5,28548,28551.5,7257,8513.15,1,28517.967931473144,0,0
1785766080,28551.25,28579.5,28525,28566.75,10276,8345.75,1,28517.967931473144,0,0
1785766140,28567.5,28586,28565,28571.75,5684,8236.25,1,28517.967931473144,0,0
1785766200,28571.75,28600.75,28561.25,28586.75,8074,8238.8,1,28517.967931473144,0,0
1785766260,28587.25,28605.75,28581,28601.5,5555,8186.95,1,28517.967931473144,0,0
1785766320,28602.5,28616.75,28588,28593.25,7668,8285.7,1,28517.967931473144,0,0
1785766380,28594,28609.75,28585.5,28590.25,5510,8229.9,1,28517.967931473144,0,0
1785766440,28590.25,28590.25,28558.5,28571,8936,8282.75,1,28517.967931473144,0,0
1785766500,28570.5,28578.25,28555.5,28578.25,6936,8002.65,1,28535.645287648764,0,0
1785766560,28578,28619.5,28577.75,28611,9154,7998.3,1,28535.645287648764,0,0
1785766620,28611.5,28622.5,28598.5,28614.75,7325,7915,1,28535.645287648764,0,0
1785766680,28614.75,28639,28610.75,28628.75,8571,7989.2,1,28535.645287648764,0,0
1785766740,28629.25,28633.25,28611,28613.75,7056,8049.45,1,28535.645287648764,0,0
1785766800,28614.25,28640,28605.75,28637,8210,7998.4,1,28535.645287648764,0,0
1785766860,28637,28651.25,28630,28650.75,6357,8031,1,28535.645287648764,0,0
1785766920,28650.5,28660.5,28642.75,28643.5,7979,8033.6,1,28535.645287648764,0,0
1785766980,28643.75,28658.75,28641,28656.25,6141,7795.25,1,28535.645287648764,0,0
1785767040,28656,28666.5,28647.25,28661.5,7330,7589.2,1,28535.645287648764,0,0
1785767100,28662,28680,28661.75,28664.5,8446,7568.7,1,28535.645287648764,0,0
1785767160,28664.25,28668.25,28653,28667,5913,7418.9,1,28535.645287648764,0,0
1785767220,28667,28671.75,28635,28654.75,8699,7491,1,28535.645287648764,0,0
1785767280,28654.5,28673,28647.25,28656.5,6380,7296.2,1,28535.645287648764,0,0
1785767340,28656.25,28684.75,28654.25,28678.25,6226,7323.3,1,28535.645287648764,0,0
1785767400,28677.75,28683.5,28661,28669.75,6471,7243.15,1,28583.18019176584,0,0
1785767460,28669.25,28684.25,28666.25,28674.5,4932,7212,1,28583.18019176584,0,0
1785767520,28675,28685.75,28673,28677.75,3997,7028.45,1,28583.18019176584,0,0
1785767580,28677.75,28692.25,28675.75,28684,4792,6992.55,1,28583.18019176584,0,0
1785767640,28683.75,28689.25,28671,28685,3938,6742.65,1,28583.18019176584,0,0
1785767700,28685,28697.75,28683.25,28697.5,4906,6641.15,1,28583.18019176584,0,0
1785767760,28697.5,28712,28688.5,28706.25,8541,6610.5,1,28583.18019176584,0,0
1785767820,28706.5,28721,28704,28712,6050,6546.75,1,28583.18019176584,0,0
1785767880,28711.5,28717.5,28704.5,28709.25,3947,6315.55,1,28583.18019176584,0,0
1785767940,28709.25,28731.25,28707.75,28716.5,7663,6345.9,1,28583.18019176584,0,0
1785768000,28716.25,28730.25,28710.25,28726,4697,6170.25,1,28583.18019176584,0,0
1785768060,28725.75,28735.75,28715.5,28720.75,6081,6156.45,1,28583.18019176584,0,0
1785768120,28721,28723.25,28704.25,28718.25,5582,6036.6,1,28583.18019176584,0,0
1785768180,28718.5,28719.25,28702.5,28715,4133,5936.2,1,28583.18019176584,0,0
1785768240,28715.25,28721.5,28705.25,28707.75,3581,5748.75,1,28583.18019176584,0,0
1785768300,28707.5,28714.25,28699.5,28701.75,4730,5562.95,1,28624.70346117723,0,0
1785768360,28702,28733,28701.5,28727.5,6402,5587.4,1,28624.70346117723,0,0
1785768420,28728,28733.5,28714.75,28727,5448,5424.85,1,28624.70346117723,0,0
1785768480,28727,28744.5,28725.75,28729.5,7044,5458.05,1,28624.70346117723,0,0
1785768540,28729.5,28744.25,28726.5,28738.75,4498,5371.65,1,28624.70346117723,0,0
1785768600,28738.25,28754.25,28731.5,28754.25,6386,5367.4,1,28624.70346117723,0,0
1785768660,28753.25,28778.75,28748.5,28776,9644,5603,1,28624.70346117723,0,0
1785768720,28776,28784,28771.75,28780.5,6283,5717.3,1,28624.70346117723,0,0
1785768780,28780.75,28798.25,28780.75,28795.5,7253,5840.35,1,28624.70346117723,0,0
1785768840,28795.75,28798.5,28777.5,28779.5,5961,5941.5,1,28624.70346117723,0,0
1785768900,28779.5,28802,28779.5,28791.5,6148,6003.6,1,28624.70346117723,0,0
1785768960,28791.75,28801,28784.75,28787.25,3971,5775.1,1,28624.70346117723,0,0
1785769020,28787.5,28796,28781.75,28790.5,3221,5633.65,1,28624.70346117723,0,0
1785769080,28790.25,28796.5,28782.75,28795.75,2980,5585.3,1,28624.70346117723,0,0
1785769140,28795.5,28805,28792.5,28802,3820,5393.15,1,28624.70346117723,0,0
1785769200,28801.25,28802.25,28787.75,28792,3974,5357,1,28683.802307451486,0,0
1785769260,28792,28798.75,28784.5,28795.25,3411,5223.5,1,28683.802307451486,0,0
1785769320,28795,28798.75,28787.5,28791.25,2280,5058.4,1,28683.802307451486,0,0
1785769380,28791,28794.5,28790,28792.75,168,4860.15,1,28683.802307451486,0,0