time,open,high,low,close,EMA,Volume,Volume MA,EMA Direction (debug),HTF EMA Value (debug),SCRIPT VERSION: NPtMR 1.2,Order Sent Long,Order Sent Short
1785817500,29007.75,29010.5,29004.75,29005.25,,412,533.65,1,28976.427919911443,4,0,0
1785817560,29005,29016.75,29004.5,29013.75,,639,552.25,1,28976.427919911443,4,0,0
1785817620,29013,29014.75,29011,29012.75,,331,532.65,1,28976.427919911443,4,0,0
1785817680,29013,29013.25,29005.75,29007.5,,433,531.45,1,28976.427919911443,4,0,0
1785817740,29007.75,29009.5,29006.5,29007,28983.984304537942,180,527.15,1,28976.427919911443,4,0,0
1785817800,29007.75,29012.75,29007.25,29010.75,,312,519.3,1,28986.618613274295,4,0,0
1785817860,29011.25,29012.75,29009.25,29010.75,,240,495.15,1,28986.618613274295,4,0,0
1785817920,29011,29015,29008.25,29008.5,,309,477.2,1,28986.618613274295,4,0,0
1785817980,29009.25,29010.25,29005.5,29008.25,,415,469,1,28986.618613274295,4,0,0
1785818040,29008.5,29010.5,29005,29006.5,28986.128656486708,374,464.2,1,28986.618613274295,4,0,0
1785818100,29006,29009.25,29002.5,29005,,515,454.25,1,28986.618613274295,4,0,0
1785818160,29006,29007.5,28997,28997.5,,718,462.3,1,28986.618613274295,4,0,0
1785818220,28997.75,29002.25,28997.25,28998.5,,320,433.4,1,28986.618613274295,4,0,0
1785818280,28998.5,29003.25,28998.25,29002,,198,411.6,1,28986.618613274295,4,0,0
1785818340,29003.25,29004,28997.5,28997.5,28987.211641583213,296,377.65,1,28986.618613274295,4,0,0
1785818400,28998.5,29004.25,28996.25,29002,,312,366.5,1,28986.618613274295,4,0,0
1785818460,29001.75,29004.25,28999.25,28999.5,,233,349.5,1,28986.618613274295,4,0,0
1785818520,29000,29002.75,28996.5,28996.75,,431,351.4,1,28986.618613274295,4,0,0
1785818580,28997.25,29000.5,28995,28996.5,,310,356.05,1,28986.618613274295,4,0,0
1785818640,28996.5,29003.75,28995.75,28999,28988.334342384813,411,369.45,1,28986.618613274295,4,0,0
1785818700,28999,29010,28994.25,29009.5,,735,385.6,1,28990.745742182862,4,0,0
1785818760,29009,29010.5,29001,29001.5,,502,378.75,1,28990.745742182862,4,0,0
1785818820,29002,29009,29002,29008,,349,379.65,1,28990.745742182862,4,0,0
1785818880,29007.5,29008.75,29004.25,29007,,301,373.05,1,28990.745742182862,4,0,0
1785818940,29007,29011,29004.75,29010,28990.397738348165,429,385.5,1,28990.745742182862,4,0,0
1785819000,29009.75,29011.75,29006.25,29007.25,,331,386.45,1,28990.745742182862,4,0,0
1785819060,29007,29016.25,29003.75,29014.5,,533,401.1,1,28990.745742182862,4,0,0
1785819120,29014.75,29018.25,29013.75,29015,,533,412.3,1,28990.745742182862,4,0,0
1785819180,29015.25,29020.25,29013,29019.25,,479,415.5,1,28990.745742182862,4,0,0
1785819240,29019,29022.75,29016.5,29018.75,28993.097953743578,738,433.7,1,28990.745742182862,4,0,0
1785819300,29018.5,29020.75,29017.25,29020,,193,417.6,1,28990.745742182862,4,0,0
1785819360,29019.25,29023.5,29019.25,29021.5,,323,397.85,1,28990.745742182862,4,0,0
1785819420,29021,29021,29013.25,29013.25,,335,398.6,1,28990.745742182862,4,0,0
1785819480,29013.75,29014,29007.5,29008.75,,563,416.85,1,28990.745742182862,4,1,0
1785819540,29008.5,29016,29002,29015.75,28995.255291482285,692,436.65,1,28990.745742182862,4,0,0
1785819600,29016,29022.25,29002.25,29004,,975,469.8,1,28999.080494788574,4,0,0
1785819660,29004,29008.75,28999.5,29003,,505,483.4,1,28999.080494788574,4,0,0
1785819720,29002.25,29007.25,28993,29005.25,,827,503.2,1,28999.080494788574,4,0,0
1785819780,29005,29008.75,28993.25,28995,,526,514,-1,28999.080494788574,4,0,0
1785819840,28995.75,29006,28995,29003,28995.992882769686,404,513.65,1,28999.080494788574,4,0,0
1785819900,29003.25,29006.25,28996.5,28999,,283,491.05,-1,28999.080494788574,4,0,0
1785819960,28998.75,29001,28994.25,28999.25,,320,481.95,1,28999.080494788574,4,0,0
1785820020,28999.25,29006.25,28998.5,29003,,307,479.85,1,28999.080494788574,4,0,0
1785820080,29002.75,29004.5,28998.5,29002.5,,319,480.75,1,28999.080494788574,4,0,0
1785820140,29001.25,29009,29000.75,29006.25,28996.969751077333,382,478.4,1,28999.080494788574,4,0,0
1785820200,29005.25,29006.25,28990,28993.25,,858,504.75,-1,28999.080494788574,4,0,0
1785820260,28993,28994.5,28985.5,28988.5,,778,517,-1,28999.080494788574,4,0,0
1785820320,28988,28988.25,28978.5,28981,,888,534.75,-1,28999.080494788574,4,0,0
1785820380,28981.25,28990.5,28979.5,28984,,813,551.45,-1,28999.080494788574,4,0,0
1785820440,28984.5,28989.5,28983.75,28988,28996.11548906997,320,530.55,-1,28999.080494788574,4,0,0
1785820500,28987.5,29000.75,28982.75,28996.75,,1103,576.05,1,28995.386996525714,4,0,0
1785820560,28997,29000.5,28989.5,28991.75,,396,579.7,-1,28995.386996525714,4,0,0
1785820620,28991,28995.5,28985.5,28995.25,,397,582.8,-1,28995.386996525714,4,0,0
1785820680,28995.25,28997,28992,28993,,233,566.3,-1,28995.386996525714,4,0,0
1785820740,28992.25,29005,28990.25,29004.25,28996.890204396637,528,558.1,1,28995.386996525714,4,0,0
1785820800,29004.25,29015.5,29001.5,29011.25,,1376,578.15,1,28995.386996525714,4,0,0
1785820860,29011.25,29012.25,29006.75,29011.25,,380,571.9,1,28995.386996525714,4,0,0
1785820920,29012,29013,29008.75,29009.5,,287,544.9,1,28995.386996525714,4,0,0
1785820980,29009.5,29014.25,29008,29009.75,,392,538.2,1,28995.386996525714,4,0,0
1785821040,29010.25,29019.75,29009.5,29018.75,28998.972089692197,550,545.5,1,28995.386996525714,4,0,0
1785821100,29019.25,29021.25,29011.25,29011.5,,564,559.55,1,28995.386996525714,4,0,0
1785821160,29011.25,29017,29010.75,29016,,267,556.9,1,28995.386996525714,4,0,0
1785821220,29015.5,29018.75,29009.25,29018,,385,560.8,1,28995.386996525714,4,0,0
1785821280,29018.25,29024.25,29005.75,29022.5,,1091,599.4,1,28995.386996525714,4,0,0
1785821340,29023.25,29030.5,29022,29025.75,29001.52236686437,1305,645.55,1,28995.386996525714,4,0,0
1785821400,29026.5,29038.25,29024,29036,,1337,669.5,1,29005.50799768381,4,0,0
1785821460,29036.25,29039.25,29033.5,29036.75,,699,665.55,1,29005.50799768381,4,0,0
1785821520,29037,29040,29033.75,29038.75,,536,647.95,1,29005.50799768381,4,0,0
1785821580,29038.5,29039.5,29033,29033.75,,436,629.1,1,29005.50799768381,4,0,0
1785821640,29034.5,29045,29034,29041,29005.282141448715,888,657.5,1,29005.50799768381,4,0,0
1785821700,29041.5,29062.25,29041,29053.5,,2162,710.45,1,29005.50799768381,4,0,0
1785821760,29053.25,29066.25,29050,29061.75,,1215,751.4,1,29005.50799768381,4,0,0
1785821820,29061.75,29066.25,29060,29063.75,,803,771.7,1,29005.50799768381,4,0,0
1785821880,29063,29074.75,29060.25,29066.25,,1073,813.7,1,29005.50799768381,4,0,0
1785821940,29065,29065.5,29048.75,29049.5,29009.493366072646,968,835.7,1,29005.50799768381,4,0,0
1785822000,29049,29053.5,29045.75,29052.25,,692,801.5,1,29005.50799768381,4,0,0
1785822060,29051.25,29060,29051.25,29051.75,,492,807.1,1,29005.50799768381,4,0,0
1785822120,29052,29058,29050.75,29055.5,,379,811.7,1,29005.50799768381,4,0,0
1785822180,29055,29062.25,29053.5,29053.5,,521,818.15,1,29005.50799768381,4,0,0
1785822240,29053.75,29061,29053,29058.25,29014.136855018107,364,808.85,1,29005.50799768381,4,0,0
1785822300,29058,29058.5,29043.75,29053.75,,870,824.15,1,29023.08866512254,4,0,0
1785822360,29054.5,29054.5,29048,29052.5,,301,825.85,1,29023.08866512254,4,0,0
1785822420,29053,29058.75,29052,29053.5,,311,822.15,1,29023.08866512254,4,0,0
1785822480,29052.5,29053.75,29047.5,29052,,319,783.55,1,29023.08866512254,4,0,0
1785822540,29052.25,29053.5,29048.75,29050.25,29017.576202159238,172,726.9,1,29023.08866512254,4,0,0
1785822600,29049.5,29050.5,29043.5,29046.75,,453,682.7,1,29023.08866512254,4,0,0
1785822660,29046.75,29059.5,29044.5,29057,,578,676.65,1,29023.08866512254,4,0,0
1785822720,29057.75,29064.5,29056,29061,,621,680.9,1,29023.08866512254,4,0,0
1785822780,29061.5,29065,29060,29060.25,,367,677.45,1,29023.08866512254,4,0,0
1785822840,29060.25,29061.5,29058,29059.5,29021.56894481074,291,647.6,1,29023.08866512254,4,0,0
1785822900,29059,29063,29053.75,29062.25,,389,558.95,1,29023.08866512254,4,0,0
1785822960,29062.5,29066.5,29059.75,29061.25,,504,523.4,1,29023.08866512254,4,0,0
1785823020,29060.75,29069.25,29058.5,29068.75,,492,507.85,1,29023.08866512254,4,0,0
1785823080,29068.75,29073.5,29065.75,29070.75,,587,483.55,1,29023.08866512254,4,0,0
1785823140,29071.25,29074.5,29070.25,29072.75,29026.44333101924,368,453.55,1,29023.08866512254,4,0,0
1785823200,29073,29081.75,29070.5,29072,,1642,501.05,1,29039.64244341503,4,0,0
1785823260,29072.25,29074.25,29067,29074.25,,736,513.25,1,29039.64244341503,4,0,0
1785823320,29073.25,29080.25,29070.75,29076.5,,552,521.9,1,29039.64244341503,4,0,0
1785823380,29076.5,29081.5,29071.75,29075.5,,718,531.75,1,29039.64244341503,4,0,0
1785823440,29075.5,29080.25,29073.25,29075.75,29031.1392042555,373,532.2,1,29039.64244341503,4,0,0
1785823500,29075,29075.75,29068,29068.75,,435,510.45,1,29039.64244341503,4,0,0
1785823560,29068.5,29083.75,29068.25,29079.5,,620,526.4,1,29039.64244341503,4,0,0
1785823620,29080,29088,29075.5,29087.5,,707,546.2,1,29039.64244341503,4,0,0
1785823680,29087.5,29090,29077.5,29081.5,,715,566,1,29039.64244341503,4,0,0
1785823740,29081.5,29083,29078,29081.75,29035.959280040694,264,570.6,1,29039.64244341503,4,0,0
1785823800,29081.25,29086.5,29079.25,29085,,402,568.05,1,29039.64244341503,4,0,0
1785823860,29084.75,29087,29083.75,29085.25,,258,552.05,1,29039.64244341503,4,0,0
1785823920,29086,29090.5,29081.75,29089.5,,584,550.2,1,29039.64244341503,4,0,0
1785823980,29089,29094,29086.75,29087.5,,900,576.85,1,29039.64244341503,4,1,0
1785824040,29087.25,29089,29085,29089,29041.010777179676,457,585.15,1,29039.64244341503,4,0,0
1785824100,29089,29094,29087.25,29090.25,,681,599.75,1,29056.094962276686,4,0,0
1785824160,29090.25,29091,29084.5,29085.25,,485,598.8,1,29056.094962276686,4,0,0
1785824220,29085.5,29087.5,29082,29082.25,,384,593.4,1,29056.094962276686,4,0,0
1785824280,29082.25,29084.5,29077,29078.5,,420,585.05,1,29056.094962276686,4,0,0
1785824340,29078.25,29082.25,29076.25,29082.25,29044.938322210182,593,596.3,1,29056.094962276686,4,0,0
1785824400,29082.5,29085.25,29079.5,29084.25,,360,532.2,1,29056.094962276686,4,0,0
1785824460,29085,29091.75,29079.25,29089.75,,630,526.9,1,29056.094962276686,4,0,0
1785824520,29090,29095,29089.25,29089.75,,605,529.55,1,29056.094962276686,4,0,0
1785824580,29090,29095.5,29084,29084.75,,551,521.2,1,29056.094962276686,4,0,0
1785824640,29084.5,29086.5,29082.25,29086,29048.848958190167,512,528.15,1,29056.094962276686,4,0,0
1785824700,29085.75,29093.75,29083.75,29092,,406,526.7,1,29056.094962276686,4,0,0
1785824760,29092,29099,29089.5,29091.25,,969,544.15,1,29056.094962276686,4,0,0
1785824820,29090.5,29093,29088,29089.25,,199,518.75,1,29056.094962276686,4,0,0
1785824880,29089.5,29091.75,29081.75,29082.25,,538,509.9,1,29056.094962276686,4,0,0
1785824940,29082,29086.75,29079.5,29081.75,29051.982390743484,423,517.85,1,29056.094962276686,4,0,0
1785825000,29081.75,29082.25,29072,29075,,914,543.45,1,29064.64664151779,4,0,0
1785825060,29075.25,29089.5,29073.25,29086.5,,888,574.95,1,29064.64664151779,4,0,0
1785825120,29086.75,29088,29082.5,29083.5,,339,562.7,1,29064.64664151779,4,0,0
1785825180,29083.5,29084.25,29078,29079.25,,382,536.8,1,29064.64664151779,4,0,0
1785825240,29080,29080.25,29069.75,29070.5,29053.74597257744,833,555.6,1,29064.64664151779,4,0,0
1785825300,29071.25,29071.25,29060.75,29061,,1111,577.1,-1,29064.64664151779,4,0,0
1785825360,29061,29062.25,29054.75,29057.5,,906,598.15,-1,29064.64664151779,4,0,0
1785825420,29057.75,29059.75,29055,29058.25,,263,592.1,-1,29064.64664151779,4,0,0
1785825480,29058.5,29058.5,29050,29055.25,,721,607.15,-1,29064.64664151779,4,0,0
1785825540,29055.5,29062,29054.75,29056.5,29054.008260903396,577,606.35,-1,29064.64664151779,4,0,0
1785825600,29056.75,29060,29049,29050.75,,553,616,-1,29064.64664151779,4,0,0
1785825660,29050.5,29050.5,29046.75,29047.5,,483,608.65,-1,29064.64664151779,4,0,0
1785825720,29047.25,29048.5,29042.25,29045,,826,619.7,-1,29064.64664151779,4,0,0
1785825780,29045.75,29050.25,29044.75,29046.75,,536,618.95,-1,29064.64664151779,4,0,0
1785825840,29047,29055.5,29047,29054.5,29054.055093198313,486,617.65,-1,29064.64664151779,4,0,0
1785825900,29055.5,29056,29051,29054,,363,615.5,-1,29061.264427678525,4,0,0
1785825960,29055,29062,29053.5,29061,,709,602.5,-1,29061.264427678525,4,0,0
1785826020,29060.75,29063,29054,29058,,514,618.25,-1,29061.264427678525,4,0,0
1785826080,29057.25,29059.75,29053.5,29056.25,,313,607,-1,29061.264427678525,4,0,0
1785826140,29056.25,29058.25,29055.25,29057.5,29054.383179560376,194,595.55,-1,29061.264427678525,4,0,0
1785826200,29057,29061.5,29054.75,29060.25,,368,568.25,-1,29061.264427678525,4,0,0
1785826260,29059.75,29061.5,29059,29060,,193,533.5,-1,29061.264427678525,4,0,0
1785826320,29060.25,29060.75,29056,29057.25,,178,525.45,-1,29061.264427678525,4,0,0
1785826380,29057.25,29061.5,29056.5,29056.5,,184,515.55,-1,29061.264427678525,4,0,0
1785826440,29056.5,29065,29054.5,29061.25,29055.03716245939,492,498.5,-1,29061.264427678525,4,0,0
1785826500,29062.5,29066.25,29061,29064,,320,458.95,1,29061.264427678525,4,0,0
1785826560,29064,29064,29055.25,29056.75,,367,432,-1,29061.264427678525,4,0,0
1785826620,29056.75,29059.75,29052.25,29059,,308,434.25,-1,29061.264427678525,4,0,0
1785826680,29059.75,29061.25,29052.5,29055.5,,268,411.6,-1,29061.264427678525,4,0,0
1785826740,29055.25,29074.25,29055.25,29072.75,29056.72409936802,768,421.15,1,29061.264427678525,4,0,0
1785826800,29072,29079.75,29070,29077.25,,1456,466.3,1,29065.092951785682,4,0,0
1785826860,29076.75,29093.5,29074.75,29092.75,,1345,509.4,1,29065.092951785682,4,0,0
1785826920,29093,29100.75,29089.25,29097,,1515,543.85,1,29065.092951785682,4,0,0
1785826980,29096.25,29096.25,29082.75,29094,,984,566.25,1,29065.092951785682,4,0,0
1785827040,29094.5,29100.25,29091.75,29095.25,29060.393232761544,877,585.8,1,29065.092951785682,4,0,0
1785827100,29094.75,29096.25,29083.5,29095.5,,773,606.3,1,29065.092951785682,4,0,0
1785827160,29095.5,29095.5,29074.5,29074.5,,825,612.1,1,29065.092951785682,4,0,0
1785827220,29075.25,29077,29063.25,29064.75,,1314,652.1,-1,29065.092951785682,4,0,0
1785827280,29065.5,29067.5,29060,29061,,534,663.15,-1,29065.092951785682,4,0,0
1785827340,29061,29062.25,29053.25,29055,29059.87959154616,903,698.6,-1,29065.092951785682,4,0,0
1785827400,29053.75,29063.25,29051.5,29055.25,,927,726.55,-1,29065.092951785682,4,0,0
1785827460,29055.5,29059.75,29050,29052.25,,492,741.5,-1,29065.092951785682,4,0,0
1785827520,29052.5,29052.75,29037.25,29050.75,,1479,806.55,-1,29065.092951785682,4,0,0
1785827580,29050.5,29069,29048,29066.75,,1440,869.35,1,29065.092951785682,4,0,0
1785827640,29066.5,29070,29058.25,29069.25,29060.772011398905,762,882.85,1,29065.092951785682,4,0,0
1785827700,29069.75,29076.25,29062.5,29064.5,,929,913.3,-1,29066.478634523788,4,0,0
1785827760,29063.5,29088,29063.5,29086.5,,1094,949.65,1,29066.478634523788,4,0,0
1785827820,29085,29088.25,29080.75,29086.75,,575,963,1,29066.478634523788,4,0,0
1785827880,29085.75,29085.75,29064.75,29070,,1093,1004.25,1,29066.478634523788,4,0,0
1785827940,29070.25,29077.25,29068,29069.25,29061.579438884724,489,990.3,1,29066.478634523788,4,0,0
1785828000,29069.75,29081,29065.5,29080.5,,669,950.95,1,29066.478634523788,4,0,0
1785828060,29081.25,29083.25,29075,29081.5,,408,904.1,1,29066.478634523788,4,0,0
1785828120,29082.75,29084.25,29074.25,29077,,497,853.2,1,29066.478634523788,4,0,0
1785828180,29077.75,29084.5,29077.75,29080.5,,343,821.15,1,29066.478634523788,4,0,0
1785828240,29080.5,29091.75,29078.5,29090.5,29064.33377803856,491,801.85,1,29066.478634523788,4,0,0
1785828300,29091.25,29093.5,29088.25,29089.75,,525,789.45,1,29066.478634523788,4,0,0
1785828360,29090,29107,29089.5,29104.5,,1356,816,1,29066.478634523788,4,0,0
1785828420,29104.75,29108.5,29103,29103.5,,667,783.65,1,29066.478634523788,4,0,0
1785828480,29104,29109,29101,29105,,599,786.9,1,29066.478634523788,4,0,0
1785828540,29105,29106,29097.25,29099,29067.63532298727,425,763,1,29066.478634523788,4,0,0
1785828600,29099,29109,29097,29108,,652,749.25,1,29077.319089682525,4,0,0
1785828660,29108,29112.75,29103,29107,,922,770.75,1,29077.319089682525,4,0,0
1785828720,29106.5,29112.25,29101.75,29106,,705,732.05,1,29077.319089682525,4,0,0
1785828780,29105.25,29118.25,29105.25,29114,,968,708.45,1,29077.319089682525,4,0,0
1785828840,29114.5,29117.75,29103.75,29104,29071.09862555991,597,700.2,1,29077.319089682525,4,0,0
1785828900,29104,29106,29091.5,29092.25,,861,696.8,1,29077.319089682525,4,1,0
1785828960,29092.5,29095.5,29085,29090.75,,712,677.7,1,29077.319089682525,4,0,0
1785829020,29090.5,29091.75,29082.25,29083.25,,579,677.9,1,29077.319089682525,4,1,0
1785829080,29083.5,29085.75,29081,29082,,452,645.85,1,29077.319089682525,4,0,0
1785829140,29082.5,29088.75,29080,29088.25,29072.7320897923,523,647.55,1,29077.319089682525,4,0,0
1785829200,29088.25,29092.5,29086.75,29088.25,,565,642.35,1,29077.319089682525,4,0,0
1785829260,29088.25,29093,29081.75,29085,,344,639.15,1,29077.319089682525,4,0,0
1785829320,29085.25,29085.5,29074.75,29076,,719,650.25,-1,29077.319089682525,4,0,0
1785829380,29075.5,29082.75,29074.25,29075,,503,658.25,-1,29077.319089682525,4,0,0
1785829440,29075.25,29082.25,29074.5,29081.5,29073.567128859697,329,650.15,1,29077.319089682525,4,0,0
1785829500,29081.5,29086,29078.75,29084.75,,350,641.4,1,29078.712726455018,4,0,0
1785829560,29084,29088.75,29081.5,29087.5,,390,593.1,1,29078.712726455018,4,0,0
1785829620,29088,29092,29085.25,29088.75,,451,582.3,1,29078.712726455018,4,0,0
1785829680,29089.25,29105.75,29086.5,29103.75,,861,595.4,1,29078.712726455018,4,0,0
1785829740,29104.25,29109.75,29102,29104.75,29076.536926111155,640,606.15,1,29078.712726455018,4,0,0
1785829800,29104.25,29105.25,29088.5,29089,,745,610.8,1,29078.712726455018,4,0,0
1785829860,29089.75,29094.5,29087.5,29089.75,,609,595.15,1,29078.712726455018,4,0,0
1785829920,29089.25,29092.25,29081,29085.25,,637,591.75,1,29078.712726455018,4,0,0
1785829980,29085,29089.5,29085,29088,,300,558.35,1,29078.712726455018,4,0,0
1785830040,29088.25,29088.25,29074.5,29076.5,29076.533409338663,633,560.15,-1,29078.712726455018,4,0,0
1785830100,29076.5,29079.5,29073,29077,,395,536.85,-1,29078.712726455018,4,0,0
1785830160,29077.25,29078,29068.5,29069,,638,533.15,-1,29078.712726455018,4,0,0
1785830220,29069.5,29073.5,29065.75,29067.75,,523,530.35,-1,29078.712726455018,4,0,0
1785830280,29067,29072.25,29066.75,29069.25,,339,524.7,-1,29078.712726455018,4,0,0
1785830340,29069.75,29072.5,29065.75,29070.75,29075.982608449267,411,519.1,-1,29078.712726455018,4,0,0
1785830400,29072.25,29078.25,29067,29074.5,,1174,549.55,-1,29076.058484303347,4,0,0
1785830460,29074.75,29099,29072.25,29098.5,,1525,608.6,1,29076.058484303347,4,0,0
1785830520,29098.25,29099.75,29093.25,29097.5,,1158,630.55,1,29076.058484303347,4,0,0
1785830580,29098.25,29117.75,29096.75,29110.25,,1400,675.4,1,29076.058484303347,4,0,0
1785830640,29110.25,29116.75,29106.5,29109,29079.12712193029,721,695,1,29076.058484303347,4,0,0
1785830700,29110,29116.75,29106.5,29116.75,,606,707.8,1,29076.058484303347,4,0,0
1785830760,29116.25,29124.75,29111.25,29114.5,,1174,747,1,29076.058484303347,4,0,0
1785830820,29115.25,29123.75,29114.75,29117.5,,699,759.4,1,29076.058484303347,4,0,0
1785830880,29117.25,29120.75,29106.25,29117,,829,757.8,1,29076.058484303347,4,0,0
1785830940,29117.75,29123.5,29114.25,29119.25,29082.94834841312,670,759.3,1,29076.058484303347,4,0,0
1785831000,29118.5,29119.5,29103,29116.25,,910,767.55,1,29076.058484303347,4,0,0
1785831060,29116.25,29118.25,29106.5,29111,,577,765.95,1,29076.058484303347,4,0,0
1785831120,29111.25,29116.5,29108.75,29112.5,,343,751.25,1,29076.058484303347,4,0,0
1785831180,29111.75,29115.25,29104.5,29112.5,,511,761.8,1,29076.058484303347,4,0,0
1785831240,29113.75,29114.75,29100,29108.5,29085.38183904044,712,765.75,1,29076.058484303347,4,0,0
1785831300,29108.75,29120.5,29104.75,29117.75,,737,782.85,1,29086.872322868898,4,0,0
1785831360,29116.25,29125.75,29115.75,29122.25,,753,788.6,1,29086.872322868898,4,0,0
1785831420,29122,29123,29116.75,29120.25,,430,783.95,1,29086.872322868898,4,0,0
1785831480,29120.5,29124,29115.5,29120,,713,802.65,1,29086.872322868898,4,0,0
1785831540,29119.5,29123,29114.5,29118.5,29088.53594960802,416,802.9,1,29086.872322868898,4,0,0
1785831600,29119,29131,29118,29127.25,,1069,797.65,1,29086.872322868898,4,0,0
1785831660,29128.25,29132.25,29125.75,29129.5,,589,750.85,1,29086.872322868898,4,0,0
1785831720,29129.5,29130.75,29115,29117.25,,750,730.45,1,29086.872322868898,4,0,0
1785831780,29116.5,29119.5,29111.75,29113.5,,561,688.5,1,29086.872322868898,4,0,0
1785831840,29113.5,29114.25,29099,29103,29089.91347821678,1054,705.15,1,29086.872322868898,4,0,0
1785831900,29103.75,29109.25,29102,29104.5,,504,700.05,1,29086.872322868898,4,0,0
1785831960,29105,29108.25,29101.5,29108,,327,657.7,1,29086.872322868898,4,0,0
1785832020,29107.75,29108.25,29096.75,29099,,577,651.6,1,29086.872322868898,4,0,0
1785832080,29098.25,29108.5,29097.25,29108.5,,473,633.8,1,29086.872322868898,4,0,0
1785832140,29107.75,29112.5,29103.5,29111.5,29091.969337434228,697,635.15,1,29086.872322868898,4,0,0
1785832200,29110,29111,29098.25,29102.25,,634,621.35,1,29095.081548579266,4,0,0
1785832260,29102,29107.5,29097.25,29100.25,,558,620.4,1,29095.081548579266,4,0,0
1785832320,29100.25,29101,29082.75,29083.25,,960,651.25,-1,29095.081548579266,4,0,0
1785832380,29082.75,29085.25,29072,29075,,1004,675.9,-1,29095.081548579266,4,0,0
1785832440,29075.25,29078.5,29063.75,29076,29090.448448154777,971,688.85,-1,29095.081548579266,4,0,0
1785832500,29077,29081.25,29072.75,29074.5,,627,683.35,-1,29095.081548579266,4,0,0
1785832560,29075,29075.25,29062.25,29065,,713,681.35,-1,29095.081548579266,4,0,0
1785832620,29064.75,29071,29060,29069.25,,765,698.1,-1,29095.081548579266,4,0,0
1785832680,29069,29071.75,29062.5,29071.25,,611,693,-1,29095.081548579266,4,0,0
1785832740,29070.75,29075.75,29067,29074.75,29088.953357854323,588,701.6,-1,29095.081548579266,4,0,0
1785832800,29074.75,29076.5,29064,29064.5,,628,679.55,-1,29095.081548579266,4,0,0
1785832860,29064.75,29068.5,29061.5,29066.5,,435,671.85,-1,29095.081548579266,4,0,0
1785832920,29066.25,29067.75,29062,29064,,363,652.5,-1,29095.081548579266,4,0,0
1785832980,29065.25,29069.5,29060.75,29061.75,,376,643.25,-1,29095.081548579266,4,0,0
1785833040,29061.75,29070.75,29060,29068.75,29087.029228534862,534,617.25,-1,29095.081548579266,4,0,0
1785833100,29068.75,29069,29050,29054.25,,1283,656.2,-1,29086.304365719512,4,0,0
1785833160,29054,29054.25,29037.75,29042,,1718,725.75,-1,29086.304365719512,4,0,0
1785833220,29042.75,29059.25,29040.25,29058,,1789,786.35,-1,29086.304365719512,4,0,0
1785833280,29058.25,29066.25,29056,29064.75,,720,798.7,-1,29086.304365719512,4,0,0
1785833340,29064.25,29065,29059.5,29060.25,29084.478825817256,459,786.8,-1,29086.304365719512,4,0,0
1785833400,29060.75,29066,29056.5,29063,,554,782.8,-1,29086.304365719512,4,0,0
1785833460,29063,29064.75,29058.75,29061,,428,776.3,-1,29086.304365719512,4,0,0
1785833520,29059.5,29064.75,29057.5,29061.5,,393,747.95,-1,29086.304365719512,4,0,0
1785833580,29062.5,29067.5,29060,29060.5,,433,719.4,-1,29086.304365719512,4,0,0
1785833640,29060.75,29065.25,29060,29064,29082.52846145371,231,682.4,-1,29086.304365719512,4,0,0
1785833700,29063.25,29074.75,29063.25,29071,,810,691.55,-1,29086.304365719512,4,0,0
1785833760,29071,29077.25,29070,29076.75,,505,681.15,-1,29086.304365719512,4,0,0
1785833820,29076.75,29077.75,29074.25,29075.5,,244,655.1,-1,29086.304365719512,4,0,0
1785833880,29076,29077,29071.75,29073.25,,315,640.3,-1,29086.304365719512,4,0,0
1785833940,29073.75,29074.25,29060,29069.25,29081.263846077163,825,652.15,-1,29086.304365719512,4,0,0
1785834000,29069,29069,29057.5,29059.75,,591,650.3,-1,29080.619577146343,4,0,0
1785834060,29061,29069.25,29050.25,29065,,770,667.05,-1,29080.619577146343,4,0,0
1785834120,29064,29067,29043.75,29048.25,,744,686.1,-1,29080.619577146343,4,0,0
1785834180,29048.5,29053.25,29048,29048.5,,465,690.55,-1,29080.619577146343,4,0,0
1785834240,29047.75,29048.75,29039.5,29046,29077.905384546004,865,707.1,-1,29080.619577146343,4,0,0
1785834300,29045.5,29051.5,29042.75,29042.75,,453,665.6,-1,29080.619577146343,4,0,0
1785834360,29043.25,29045.5,29032.75,29034.75,,1258,642.6,-1,29080.619577146343,4,0,0
1785834420,29035.75,29036.25,29022.75,29026.5,,1122,609.25,-1,29080.619577146343,4,0,0
1785834480,29026.5,29028,29020.25,29020.25,,547,600.6,-1,29080.619577146343,4,0,0
1785834540,29020.75,29025.75,29016.5,29023.5,29072.723919351145,996,627.45,-1,29080.619577146343,4,0,0
1785834600,29022.5,29027,29020.25,29021.75,,594,629.45,-1,29080.619577146343,4,0,0
1785834660,29022.75,29028.25,29017.25,29017.5,,616,638.85,-1,29080.619577146343,4,0,0
1785834720,29017,29031.25,29015.5,29024.25,,707,654.55,-1,29080.619577146343,4,0,0
1785834780,29023.5,29025.25,29012,29019.25,,931,679.45,-1,29080.619577146343,4,0,0
1785834840,29019,29038.75,29017.75,29033.5,29068.988307984368,916,713.7,-1,29080.619577146343,4,0,0
1785834900,29033.25,29036.25,29027.5,29028.75,,544,700.4,-1,29064.913051430896,4,0,0
1785834960,29028.75,29029.5,29014,29015.25,,1061,728.2,-1,29064.913051430896,4,0,0
1785835020,29014.75,29019.75,29007.5,29017.75,,1111,771.55,-1,29064.913051430896,4,0,0
1785835080,29017.25,29020,29009,29019,,547,783.15,-1,29064.913051430896,4,0,0
1785835140,29019.25,29025,29014,29022.75,29064.584659604905,510,767.4,-1,29064.913051430896,4,0,1
1785835200,29022.75,29026.25,29017.25,29024.5,,443,760,-1,29064.913051430896,4,0,0
1785835260,29025,29025.5,29015.75,29018.25,,360,739.5,-1,29064.913051430896,4,0,0
1785835320,29018.25,29023,29014.75,29021,,606,732.6,-1,29064.913051430896,4,0,0
1785835380,29022,29030.75,29020.5,29027,,685,743.6,-1,29064.913051430896,4,0,0
1785835440,29027.25,29030.75,29026.5,29027.5,29061.052787261582,334,717.05,-1,29064.913051430896,4,0,0
1785835500,29026.5,29031,29021,29027.75,,547,721.75,-1,29064.913051430896,4,0,0
1785835560,29028.75,29032.25,29025.5,29032.25,,267,672.2,-1,29064.913051430896,4,0,0
1785835620,29031.75,29040.5,29029.25,29030,,970,664.6,-1,29064.913051430896,4,0,0
1785835680,29029.25,29044.5,29027.75,29039,,830,678.75,-1,29064.913051430896,4,0,0
1785835740,29040,29045.75,29037.25,29045.25,29059.547759903337,355,646.7,-1,29064.913051430896,4,0,0
1785835800,29046,29050.75,29042.25,29045.75,,871,660.55,-1,29058.35870095393,4,0,0
1785835860,29046.25,29054.25,29045,29049.5,,649,662.2,-1,29058.35870095393,4,0,0
1785835920,29049,29052.75,29047,29051,,289,641.3,-1,29058.35870095393,4,0,0
1785835980,29051.75,29057,29048,29053.75,,485,619,-1,29058.35870095393,4,0,0
1785836040,29053.75,29055,29049.5,29053,29058.924163722066,247,585.55,-1,29058.35870095393,4,0,0
1785836100,29053,29058.25,29050.75,29054.5,,466,581.65,-1,29058.35870095393,4,0,0
1785836160,29054.5,29058.25,29050.5,29056.25,,414,549.3,-1,29058.35870095393,4,0,0
1785836220,29055.75,29059.5,29051,29053.75,,486,518.05,-1,29058.35870095393,4,0,0
1785836280,29052.75,29063.5,29051,29062.5,,511,516.25,1,29058.35870095393,4,0,0
1785836340,29062.25,29066.25,29061.5,29065.75,29059.574243367584,473,514.4,1,29058.35870095393,4,0,0
1785836400,29065.75,29081,29065.75,29071.75,,1174,550.95,1,29058.35870095393,4,0,0
1785836460,29071.75,29080.5,29071.75,29080.5,,494,557.65,1,29058.35870095393,4,0,0
1785836520,29079.75,29080.25,29076.25,29078.5,,445,549.6,1,29058.35870095393,4,0,0
1785836580,29078.25,29080.5,29075.25,29075.75,,285,529.6,1,29058.35870095393,4,0,0
1785836640,29075.75,29079,29074.25,29077,29061.23383923734,269,526.35,1,29058.35870095393,4,0,0
1785836700,29076.75,29086,29065.75,29083,,2517,624.85,1,29064.57246730262,4,0,0
1785836760,29082.75,29084.5,29060.25,29063.75,,1026,662.8,-1,29064.57246730262,4,0,0
1785836820,29063.25,29079.75,29061.5,29073.75,,686,648.6,1,29064.57246730262,4,0,0
1785836880,29074.5,29080.25,29074.5,29076.25,,365,625.35,1,29064.57246730262,4,0,0
1785836940,29075.75,29085,29075.25,29082,29063.211568833784,493,632.25,1,29064.57246730262,4,0,0
1785837000,29081,29081.25,29069.75,29070.25,,442,610.8,1,29064.57246730262,4,0,0
1785837060,29070,29071.5,29058,29065.25,,777,617.2,1,29064.57246730262,4,0,0
1785837120,29065,29071.5,29062.5,29062.75,,394,622.45,-1,29064.57246730262,4,0,0
1785837180,29063.25,29068.75,29060,29062.75,,450,620.7,-1,29064.57246730262,4,0,0
1785837240,29062,29069,29060.5,29063.75,29063.26284799247,299,623.3,-1,29064.57246730262,4,0,0
1785837300,29063,29065,29058.25,29064,,388,619.4,-1,29064.57246730262,4,0,0
1785837360,29063.25,29068,29060.75,29064.75,,337,615.55,1,29064.57246730262,4,0,0
1785837420,29065,29067.75,29060,29065,,305,606.5,1,29064.57246730262,4,0,0
1785837480,29065,29074,29065,29073,,417,601.8,1,29064.57246730262,4,0,0
1785837540,29072.75,29077.75,29071.75,29077.75,29064.642576755094,338,595.05,1,29064.57246730262,4,0,0
1785837600,29077.5,29081,29066,29072.75,,705,571.6,1,29068.964978201748,4,0,0
1785837660,29073,29081,29072.5,29079.75,,476,570.7,1,29068.964978201748,4,0,0
1785837720,29079.5,29083.75,29078.75,29081.75,,425,569.7,1,29068.964978201748,4,0,0
1785837780,29083,29088.25,29073.25,29077.75,,752,593.05,1,29068.964978201748,4,0,0
1785837840,29078,29078.25,29074,29075.5,29065.67661706413,213,590.25,1,29068.964978201748,4,0,0
1785837900,29076.25,29084.25,29072.75,29082.75,,465,487.65,1,29068.964978201748,4,0,0
1785837960,29083.5,29091,29082,29088.75,,579,465.3,1,29068.964978201748,4,0,0
1785838020,29088.25,29094.25,29087,29091.75,,563,459.15,1,29068.964978201748,4,0,0
1785838080,29091.25,29095.25,29087.75,29092.25,,618,471.8,1,29068.964978201748,4,0,0
1785838140,29092.5,29097,29091.5,29095,29068.469320200882,565,475.4,1,29068.964978201748,4,0,0
1785838200,29095.25,29097.25,29090.5,29095.5,,524,479.5,1,29068.964978201748,4,0,0
1785838260,29095.5,29107,29095,29106.75,,941,487.7,1,29068.964978201748,4,0,0
1785838320,29107.25,29110.5,29104.25,29105,,888,512.4,1,29068.964978201748,4,0,0
1785838380,29104.5,29107.5,29099.5,29105.75,,589,519.35,1,29068.964978201748,4,0,0
1785838440,29105.75,29112,29104,29106,29072.043670657942,659,537.35,1,29068.964978201748,4,0,0
1785838500,29106.25,29107.25,29094.25,29094.75,,647,550.3,1,29081.309985467833,4,0,0
1785838560,29094.75,29102,29092.25,29095.5,,1052,586.05,1,29081.309985467833,4,0,0
1785838620,29096.25,29101.25,29086.5,29098.75,,1151,628.35,1,29081.309985467833,4,0,0
1785838680,29099,29101.5,29095.75,29099.75,,414,628.2,1,29081.309985467833,4,0,0
1785838740,29099.5,29102.75,29095.25,29095.75,29074.301416309565,405,631.55,1,29081.309985467833,4,0,0
1785838800,29096.5,29104.75,29089.75,29099.75,,816,637.1,1,29081.309985467833,4,0,0
1785838860,29100.25,29108.5,29094.5,29108,,535,640.05,1,29081.309985467833,4,0,0
1785838920,29108,29110.25,29104.75,29108.75,,387,638.15,1,29081.309985467833,4,0,0
1785838980,29108.25,29111.5,29107.5,29110.75,,382,619.65,1,29081.309985467833,4,0,0
1785839040,29110.75,29115.75,29108.75,29111.25,29077.820329041988,630,640.5,1,29081.309985467833,4,0,0
1785839100,29111,29114,29107.5,29109.75,,467,640.6,1,29081.309985467833,4,0,0
1785839160,29109.25,29110.75,29107.5,29109.25,,316,627.45,1,29081.309985467833,4,0,0
1785839220,29109,29112.75,29104.5,29105.75,,494,624,1,29081.309985467833,4,0,0
1785839280,29106.5,29106.75,29094.75,29094.75,,697,627.95,1,29081.309985467833,4,0,0
1785839340,29095.5,29099.5,29094,29095.5,29079.504107228466,329,616.15,1,29081.309985467833,4,0,0
1785839400,29096,29111.25,29094.25,29107,,2192,699.55,1,29086.03999031189,4,0,0
1785839460,29106.5,29108.5,29096.5,29098.75,,518,678.4,1,29086.03999031189,4,0,0
1785839520,29099,29106,29093,29104.25,,619,664.95,1,29086.03999031189,4,0,0
1785839580,29104,29105.25,29095.25,29102.25,,524,661.7,1,29086.03999031189,4,0,0
1785839640,29104,29107,29093.25,29093.5,29080.83704939718,563,656.9,1,29086.03999031189,4,0,0
1785839700,29093,29095.25,29091,29094,,475,648.3,1,29086.03999031189,4,0,0
1785839760,29094.5,29096,29075.5,29080.25,,1601,675.75,-1,29086.03999031189,4,0,0
1785839820,29080,29091.5,29078.75,29083,,698,653.1,-1,29086.03999031189,4,0,0
1785839880,29082.75,29085.5,29073.5,29077.25,,670,665.9,-1,29086.03999031189,4,0,0
1785839940,29078.5,29086.75,29077.25,29086.75,29081.400187549832,425,666.9,1,29086.03999031189,4,0,0
1785840000,29087,29092.5,29085.25,29092.25,,512,651.7,1,29086.03999031189,4,0,0
1785840060,29092.75,29093.25,29086.5,29089.25,,310,640.45,1,29086.03999031189,4,0,0
1785840120,29089.25,29089.25,29083,29085.5,,345,638.35,-1,29086.03999031189,4,0,0
1785840180,29086.25,29097,29084.75,29091.5,,855,662,1,29086.03999031189,4,0,0
1785840240,29091.25,29131.5,29084.75,29121.5,29085.219217306993,3835,822.25,1,29086.03999031189,4,0,0
1785840300,29120.5,29140.25,29113.25,29135.75,,3133,955.55,1,29097.85999354126,4,0,0
1785840360,29135.5,29143.75,29126.25,29136.5,,2061,1042.8,1,29097.85999354126,4,0,0
1785840420,29136.5,29143.75,29128.5,29136.5,,1586,1097.4,1,29097.85999354126,4,0,0
1785840480,29136,29142.75,29129,29135.5,,1012,1113.15,1,29097.85999354126,4,0,0
1785840540,29136,29145.5,29127.75,29132.5,29089.72214899204,1526,1173,1,29097.85999354126,4,0,0
1785840600,29132.25,29134.25,29116.25,29116.5,,1340,1130.4,1,29097.85999354126,4,0,0
1785840660,29116.75,29120.5,29111,29115.75,,915,1150.25,1,29097.85999354126,4,0,0
1785840720,29117,29132,29112.75,29129,,1078,1173.2,1,29097.85999354126,4,0,0
1785840780,29128.75,29129,29113.5,29114.75,,827,1188.35,1,29097.85999354126,4,0,0
1785840840,29115.25,29120.5,29111.25,29119.5,29092.558134802322,774,1198.9,1,29097.85999354126,4,0,0
1785840900,29119.5,29123.75,29117,29120,,461,1198.2,1,29097.85999354126,4,0,0
1785840960,29120.25,29121,29109,29112,,641,1150.2,1,29097.85999354126,4,0,0
1785841020,29111.25,29117.5,29103.75,29113.25,,777,1154.15,1,29097.85999354126,4,0,0
1785841080,29113.5,29123,29113.5,29118.5,,510,1146.15,1,29097.85999354126,4,0,0
1785841140,29118,29121,29112.5,29116.5,29094.838312440195,755,1162.65,1,29097.85999354126,4,0,0
1785841200,29116.75,29134.25,29114,29132.25,,2311,1252.6,1,29104.073329027506,4,0,0
1785841260,29132,29138,29122.75,29136.5,,1083,1291.25,1,29104.073329027506,4,0,0
1785841320,29136,29140,29131.5,29136.25,,860,1317,1,29104.073329027506,4,0,0
1785841380,29137.25,29147,29133.5,29142,,1380,1343.25,1,29104.073329027506,4,0,0
1785841440,29142.5,29145.75,29137.75,29142,29099.329901731606,653,1184.15,1,29104.073329027506,4,0,0
1785841500,29141.5,29147,29134.25,29145.25,,901,1072.55,1,29104.073329027506,4,0,0
1785841560,29144.5,29144.75,29135.25,29138.25,,836,1011.3,1,29104.073329027506,4,0,0
1785841620,29137.5,29140.75,29132.25,29133.75,,576,960.8,1,29104.073329027506,4,0,0
1785841680,29134,29140.75,29130,29132.5,,534,936.9,1,29104.073329027506,4,0,0
1785841740,29133,29134,29124.75,29128.75,29102.131815852405,842,902.7,1,29104.073329027506,4,0,0
1785841800,29129,29132.25,29124.5,29129.5,,752,873.3,1,29104.073329027506,4,0,0
1785841860,29129.25,29130.25,29119.75,29121,,748,864.95,1,29104.073329027506,4,0,0
1785841920,29121.25,29129.5,29120,29124.75,,795,850.8,1,29104.073329027506,4,0,0
1785841980,29124.5,29141.75,29124.25,29141.75,,792,849.05,1,29104.073329027506,4,0,0
1785842040,29141.75,29149.5,29140.5,29143.75,29106.09545243789,1105,865.6,1,29104.073329027506,4,0,0
1785842100,29144.5,29148.75,29141.5,29145.75,,762,880.65,1,29117.298886018336,4,0,0
1785842160,29146,29147.5,29139.5,29140.5,,706,883.9,1,29117.298886018336,4,0,0
1785842220,29140.75,29149,29140.25,29145.5,,656,877.85,1,29117.298886018336,4,0,0
1785842280,29145.75,29152,29142,29146.75,,884,896.55,1,29117.298886018336,4,0,0
1785842340,29147,29153.75,29147,29150.25,29110.300647443804,765,897.05,1,29117.298886018336,4,0,0
1785842400,29150.5,29156.75,29150.25,29153.75,,784,820.7,1,29117.298886018336,4,0,0
1785842460,29153.5,29166,29150,29164.25,,1467,839.9,1,29117.298886018336,4,0,0
1785842520,29163.75,29167.25,29162.5,29163,,1063,850.05,1,29117.298886018336,4,0,0
1785842580,29163,29165,29154.25,29161,,928,827.45,1,29117.298886018336,4,0,0
1785842640,29161,29162,29148.75,29149.25,29114.010109592014,684,829,1,29117.298886018336,4,0,0
1785842700,29150,29161.75,29147.75,29153.75,,860,826.95,1,29117.298886018336,4,0,0
1785842760,29153.75,29157.5,29150.25,29155.5,,487,809.5,1,29117.298886018336,4,0,0
1785842820,29156,29161,29151.5,29158.75,,774,819.4,1,29117.298886018336,4,0,0
1785842880,29159,29171.5,29157.75,29168.75,,1217,853.55,1,29117.298886018336,4,0,0
1785842940,29168,29171.25,29166.75,29170.5,29119.39009915468,657,844.3,1,29117.298886018336,4,0,0
1785843000,29170.75,29172.25,29161.5,29163.75,,792,846.3,1,29135.03259067889,4,0,0
1785843060,29163.75,29168.75,29161,29168,,576,837.7,1,29135.03259067889,4,0,0
1785843120,29168.5,29173.75,29164.25,29170.5,,670,831.45,1,29135.03259067889,4,0,0
1785843180,29170.5,29173.5,29163,29165.5,,698,826.75,1,29135.03259067889,4,0,0
1785843240,29165.25,29173.75,29164.25,29170,29124.210089711378,723,807.65,1,29135.03259067889,4,0,0
1785843300,29170,29170.75,29161.25,29170.5,,754,807.25,1,29135.03259067889,4,0,0
1785843360,29170.25,29173.5,29161.25,29163.25,,626,803.25,1,29135.03259067889,4,0,0
1785843420,29162,29167.25,29160.25,29164.25,,599,800.4,1,29135.03259067889,4,0,0
1785843480,29164.75,29167,29158.5,29162.75,,666,789.5,1,29135.03259067889,4,0,0
1785843540,29163.75,29174.5,29160.5,29167,29128.285319262675,802,791.35,1,29135.03259067889,4,0,0
1785843600,29166.75,29167,29151,29153,,1188,811.55,1,29135.03259067889,4,0,0
1785843660,29152.5,29155.5,29151,29153.75,,660,771.2,1,29135.03259067889,4,0,0
1785843720,29154,29160.75,29152.5,29160.5,,574,746.75,1,29135.03259067889,4,0,0
1785843780,29160.5,29203.5,29159.5,29194.25,,5403,970.5,1,29135.03259067889,4,0,0
1785843840,29193.25,29212.5,29172.25,29204.25,29135.520050761468,3967,1134.65,1,29135.03259067889,4,0,0
1785843900,29204.75,29205.5,29189.75,29199.5,,2288,1206.05,1,29158.10506045259,4,0,0
1785843960,29201.75,29204,29192.25,29194.25,,1234,1243.4,1,29158.10506045259,4,0,0
1785844020,29194,29206,29192.5,29197.5,,1403,1274.85,1,29158.10506045259,4,0,0
1785844080,29197.25,29207.5,29195.25,29204.75,,1252,1276.6,1,29158.10506045259,4,0,0
1785844140,29204.5,29217,29199,29215.75,29143.160998307994,1747,1331.1,1,29158.10506045259,4,0,0
1785844200,29215.25,29228.5,29214.75,29215.75,,2058,1394.4,1,29158.10506045259,4,0,0
1785844260,29216,29236.25,29216,29235.75,,1837,1457.45,1,29158.10506045259,4,0,0
1785844320,29236.25,29246,29234,29237,,2376,1542.75,1,29158.10506045259,4,0,0
1785844380,29237.5,29244,29234,29240,,1729,1594.3,1,29158.10506045259,4,0,0
1785844440,29240,29242.25,29233.25,29239.25,29152.31233180247,1221,1619.2,1,29158.10506045259,4,0,0
1785844500,29239.25,29243.5,29231.5,29241.5,,1071,1635.05,1,29158.10506045259,4,0,0
1785844560,29241.5,29243.25,29233,29237.75,,931,1650.3,1,29158.10506045259,4,0,0
1785844620,29237.5,29240,29223.5,29229.5,,1539,1697.3,1,29158.10506045259,4,0,0
1785844680,29229.75,29236.5,29227.5,29234.75,,939,1710.95,1,29158.10506045259,4,0,0
1785844740,29235.25,29240.25,29228,29237.75,29160.44925258319,982,1719.95,1,29158.10506045259,4,0,0
1785844800,29237.25,29238.5,29221,29221.75,,1861,1753.6,1,29184.65337363506,4,0,0
1785844860,29221.25,29223.75,29214.25,29216,,1499,1795.55,1,29184.65337363506,4,0,0
1785844920,29215.5,29221.5,29213.75,29221,,1016,1817.65,1,29184.65337363506,4,0,0
1785844980,29221.5,29223,29215,29218.5,,761,1585.55,1,29184.65337363506,4,0,0
1785845040,29218,29226.25,29216.25,29222.75,29166.382657099075,890,1431.7,1,29184.65337363506,4,0,0
1785845100,29222.5,29225.75,29210,29214.75,,1082,1371.4,1,29184.65337363506,4,0,0
1785845160,29214.75,29217.25,29211.75,29214.25,,870,1353.2,1,29184.65337363506,4,0,0
1785845220,29214.75,29218.5,29203.5,29216,,1257,1345.9,1,29184.65337363506,4,0,0
1785845280,29216.5,29220.75,29214.25,29217.25,,967,1331.65,1,29184.65337363506,4,0,0
1785845340,29217.5,29219,29207.25,29216,29171.108118327735,891,1288.85,1,29184.65337363506,4,0,0
1785845400,29216.25,29217.75,29210.25,29213.75,,544,1213.15,1,29184.65337363506,4,0,0
1785845460,29213,29217.25,29208.75,29213.75,,483,1145.45,1,29184.65337363506,4,0,0
1785845520,29214,29215.75,29208.25,29209.5,,730,1063.15,1,29184.65337363506,4,0,0
1785845580,29209.5,29218,29209,29212.25,,612,1007.3,1,29184.65337363506,4,0,0
1785845640,29213,29217.25,29199.75,29206,29174.431154677473,1081,1000.3,1,29184.65337363506,4,0,0
1785845700,29205.75,29209.5,29204.5,29206.5,,658,979.65,1,29191.768915756707,4,0,0
1785845760,29207.5,29211.75,29206.5,29211,,552,960.7,1,29191.768915756707,4,0,0
1785845820,29210.5,29216,29208,29209.25,,695,918.5,1,29191.768915756707,4,0,0
1785845880,29209,29218.25,29208,29217.75,,783,910.7,1,29191.768915756707,4,0,0
1785845940,29218.5,29227,29214.25,29224.75,29179.22342566057,1419,932.55,1,29191.768915756707,4,0,0
1785846000,29226,29230,29219,29221,,1274,903.2,1,29191.768915756707,4,0,0
1785846060,29221,29233.5,29219.5,29231,,1307,893.6,1,29191.768915756707,4,0,0
1785846120,29230.5,29233.5,29224.5,29233.5,,805,883.05,1,29191.768915756707,4,0,0
1785846180,29233,29234.25,29216.25,29221.5,,1033,896.65,1,29191.768915756707,4,0,0
1785846240,29221.5,29223.75,29216.5,29220.25,29183.130718454802,597,882,1,29191.768915756707,4,0,0
1785846300,29219.5,29223,29217.75,29223,,574,856.6,1,29191.768915756707,4,0,0
1785846360,29223,29224,29218.5,29223.75,,374,831.8,1,29191.768915756707,4,0,0
1785846420,29223.25,29226.25,29217.75,29218.25,,610,799.45,1,29191.768915756707,4,0,0
1785846480,29218.25,29223,29216.75,29223,,480,775.1,1,29191.768915756707,4,0,0
1785846540,29222.75,29223.25,29218,29222,29186.83255479244,374,749.25,1,29191.768915756707,4,0,0
1785846600,29222,29230.25,29215,29221.75,,836,763.85,1,29201.845943837805,4,0,0
1785846660,29221.5,29224.75,29200,29201.25,,1715,825.45,-1,29201.845943837805,4,0,0
1785846720,29201.25,29207.5,29197.75,29203.75,,1213,849.6,1,29201.845943837805,4,0,0
1785846780,29204,29215.5,29202.5,29209,,1321,885.05,1,29201.845943837805,4,0,0
1785846840,29208.75,29214,29203.25,29213.25,29189.348501955064,822,872.1,1,29201.845943837805,4,0,0
1785846900,29212.5,29213.5,29206.25,29212.25,,693,873.85,1,29201.845943837805,4,0,0
1785846960,29212,29218,29205.5,29211,,955,894,1,29201.845943837805,4,0,0
1785847020,29211,29213.75,29205.25,29213.25,,666,892.55,1,29201.845943837805,4,0,0
1785847080,29213.5,29215.5,29206.5,29211.5,,481,877.45,1,29201.845943837805,4,0,0
1785847140,29211.5,29222.25,29210.5,29215.25,29191.815311292678,1107,861.85,1,29201.845943837805,4,0,0
1785847200,29215.5,29222.75,29213,29219.75,,729,834.6,1,29201.845943837805,4,0,0
1785847260,29220.25,29220.5,29213.75,29215.5,,536,796.05,1,29201.845943837805,4,0,0
1785847320,29215.25,29216.25,29211,29214,,462,778.9,1,29201.845943837805,4,0,0
1785847380,29214.75,29220.75,29213.5,29213.5,,590,756.75,1,29201.845943837805,4,0,0
1785847440,29213.5,29222,29212.75,29219.25,29194.42813878861,419,747.85,1,29201.845943837805,4,0,0
1785847500,29219.5,29222.5,29217,29217,,469,742.6,1,29207.64729589187,4,0,0
1785847560,29218,29220.25,29205.75,29206.75,,776,762.7,-1,29207.64729589187,4,0,0
1785847620,29206.5,29209.75,29198.5,29202,,1082,786.3,-1,29207.64729589187,4,0,0
1785847680,29202,29204,29196.25,29198.5,,953,809.95,-1,29207.64729589187,4,0,0
1785847740,29198.75,29203.25,29194.5,29198,29194.76831604684,1061,844.3,-1,29207.64729589187,4,0,0
1785847800,29198.75,29202.25,29195.25,29200.75,,934,849.2,-1,29207.64729589187,4,0,0
1785847860,29200.5,29206.5,29197.5,29206,,1004,813.65,-1,29207.64729589187,4,0,0
1785847920,29205.75,29206,29195.75,29196.5,,715,788.75,-1,29207.64729589187,4,0,0
1785847980,29196.5,29199.25,29192,29199,,996,772.5,-1,29207.64729589187,4,0,0
1785848040,29198.5,29199,29191.5,29195,29194.790381185237,1106,786.7,-1,29207.64729589187,4,0,0
1785848100,29194.25,29200.75,29186.5,29199.75,,1645,834.3,-1,29207.64729589187,4,0,0
1785848160,29199.75,29204.5,29196.75,29200.5,,987,835.9,-1,29207.64729589187,4,0,0