time,open,high,low,close,EMA,Volume,Volume MA,EMA Direction (debug),Order Sent Long,Order Sent Short,Cancelled (Long side),Cancelled (Short side)
1785405720,27522.25,27523.75,27516.25,27518.5,,583,663.15,-1,0,0,0,0
1785405780,27519.25,27521.25,27512.75,27515.75,,488,641.95,-1,0,0,0,0
1785405840,27514.75,27521.75,27504.25,27506.25,,634,655.4,-1,0,0,0,0
1785405900,27506.75,27531.75,27505.25,27527.75,,987,684.75,1,0,0,0,0
1785405960,27528.5,27532.75,27524,27528,,577,693.15,1,0,0,0,0
1785406020,27528.5,27552,27523.25,27548,,1289,735.4,1,1,0,0,0
1785406080,27548.25,27549.5,27537.25,27542.75,,749,750.4,1,0,0,0,0
1785406140,27543.25,27561.5,27542.5,27553.25,,707,767.45,1,1,0,1,0
1785406200,27553.5,27564,27549,27550.25,,727,786.35,1,0,0,0,0
1785406260,27550.25,27557.75,27545.75,27552.5,,1020,815.7,1,0,0,0,0
1785406320,27551.75,27552.25,27537.75,27545.75,,518,818.85,1,0,0,0,0
1785406380,27545.5,27546.25,27535,27539.75,,519,824.55,1,0,0,0,0
1785406440,27540,27543.25,27536.75,27542.25,27528.67437107798,261,808.2,1,0,0,0,0
1785406500,27543,27557,27541,27557,,521,817.3,1,0,0,0,0
1785406560,27556.75,27572.25,27552.75,27563.5,,972,831.75,1,0,0,0,0
1785406620,27563,27576.25,27561.25,27575.75,,672,848.3,1,0,0,0,0
1785406680,27576,27595.5,27576,27593.25,,1091,859.6,1,0,0,0,0
1785406740,27594,27599,27588,27596,,1164,833.75,1,0,0,0,0
1785406800,27596,27604.5,27595.25,27601.25,,991,775.25,1,0,0,0,0
1785406860,27601.25,27617,27597.25,27612.75,,1221,784.55,1,0,0,0,0
1785406920,27612.75,27614,27604,27611.5,,737,792.25,1,0,0,0,0
1785406980,27611.5,27615.5,27604,27605.25,,713,803.5,1,0,0,0,0
1785407040,27606.75,27610.25,27596,27604.5,,894,816.5,1,0,0,0,0
1785407100,27604.75,27616.75,27602.5,27615.5,,842,809.25,1,0,0,0,0
1785407160,27616,27629.5,27616,27622,,1287,844.75,1,0,0,0,0
1785407220,27621.25,27624.5,27611.25,27613,,579,809.25,1,0,0,0,0
1785407280,27613.25,27616.5,27607.75,27615,,648,804.2,1,0,0,0,0
1785407340,27615.25,27620,27609.75,27617.25,27558.199580718654,726,805.15,1,0,0,0,0
1785407400,27617,27627.5,27612,27620,,631,800.35,1,0,0,0,0
1785407460,27620,27638,27616.25,27628,,1167,807.7,1,0,0,0,0
1785407520,27628.5,27630.75,27622.25,27626.75,,596,811.6,1,0,0,0,0
1785407580,27627,27631.5,27616,27616.5,,736,822.45,1,0,0,0,0
1785407640,27615,27618.75,27606,27613.25,,853,852.05,1,0,0,0,0
1785407700,27613.5,27625.5,27610.25,27620.5,,913,871.65,1,0,0,0,0
1785407760,27621,27632.25,27620,27626,,550,850.55,1,0,0,0,0
1785407820,27626.25,27630,27617.5,27620.5,,669,850.4,1,0,0,0,0
1785407880,27620.75,27630.75,27616.5,27616.5,,670,829.35,1,0,0,0,0
1785407940,27616.25,27624,27612.25,27620.5,,570,799.65,1,0,0,0,0
1785408000,27621,27643.75,27617.5,27636,,1140,807.1,1,0,0,0,0
1785408060,27635.75,27637,27618,27625,,1084,800.25,1,0,0,0,0
1785408120,27624.75,27627,27615.5,27618.5,,713,799.05,1,0,0,0,0
1785408180,27619.75,27646.75,27619.25,27636.75,,1107,818.75,1,0,0,0,0
1785408240,27635.75,27639.75,27623.5,27631.75,27582.71638714577,811,814.6,1,0,0,0,0
1785408300,27631,27644,27626.25,27637.25,,796,812.3,1,0,0,0,0
1785408360,27636.5,27646.25,27636.5,27644,,565,776.2,1,0,0,0,0
1785408420,27643.75,27648,27638,27646,,581,776.3,1,0,0,0,0
1785408480,27646,27648,27640.25,27642,,689,778.35,1,0,0,0,0
1785408540,27640.75,27645.5,27629.5,27633,,1000,792.05,1,0,0,0,0
1785408600,27633.75,27645.75,27629.75,27645.5,,1096,815.3,1,0,0,0,0
1785408660,27644.5,27644.5,27634.25,27640.25,,555,784.7,1,0,0,0,0
1785408720,27639.5,27647.25,27638.5,27644,,730,791.4,1,0,0,0,0
1785408780,27644,27647.25,27624.25,27624.75,,1021,805.65,1,0,0,0,0
1785408840,27625.25,27628.5,27613.25,27614.75,,1019,813.95,1,0,0,0,0
1785408900,27615,27625.75,27613.75,27623.5,,769,806.75,1,0,0,0,0
1785408960,27625,27625,27610.5,27614.75,,784,818.45,1,0,0,0,0
1785409020,27614.5,27622,27613.5,27616.75,,474,808.7,1,0,0,0,0
1785409080,27617.25,27622.75,27613.5,27615.25,,286,789.5,1,0,0,0,0
1785409140,27616,27621.25,27614.75,27618.25,27594.560924763846,317,776.85,1,0,0,0,0
1785409200,27618.5,27643.75,27612.75,27637.75,,2173,828.5,1,0,0,0,0
1785409260,27637.5,27646,27629.75,27644.5,,965,822.55,1,0,0,0,0
1785409320,27643.75,27656,27642.25,27645.5,,1722,873,1,0,0,0,0
1785409380,27646.25,27657.5,27638.75,27654.5,,1252,880.25,1,0,0,0,0
1785409440,27655,27660.5,27650.5,27658.25,,1141,896.75,1,0,0,0,0
1785409500,27658,27668.5,27655.25,27663.75,,1115,912.7,1,0,0,0,0
1785409560,27663.25,27679.25,27659.5,27678,,1304,949.65,1,0,0,0,0
1785409620,27677.75,27684.25,27675.5,27676.75,,1265,983.85,1,0,0,0,0
1785409680,27676.75,27680.25,27668.75,27674.25,,900,994.4,1,0,0,0,0
1785409740,27673.75,27683.5,27673,27679,,572,973,1,0,0,0,0
1785409800,27678.5,27686.5,27670,27670.75,,949,965.65,1,1,0,0,0
1785409860,27670.75,27671.25,27663.5,27670,,941,984.95,1,0,0,0,0
1785409920,27670,27681.5,27668,27674.75,,847,990.8,1,0,0,0,0
1785409980,27674.5,27674.5,27655.25,27661,,818,980.65,1,0,0,0,0
1785410040,27660,27666.75,27659.25,27665.75,27618.29061650923,436,951.5,1,0,0,0,0
1785410100,27665.75,27673.25,27661,27671.25,,750,950.55,1,0,0,0,0
1785410160,27671.25,27688.5,27668,27684.25,,861,954.4,1,0,0,0,0
1785410220,27685,27693.75,27682,27689.75,,1216,991.5,1,0,0,0,0
1785410280,27689.75,27702,27688.25,27689.25,,1524,1053.4,1,0,0,0,0
1785410340,27689.25,27693.25,27680.25,27682,,897,1082.4,1,0,0,0,0
1785410400,27682.25,27687.25,27676.25,27679.75,,729,1010.2,1,0,0,0,0
1785410460,27680,27682.75,27674.5,27678.5,,613,992.6,1,0,0,0,0
1785410520,27678.75,27682,27670.25,27680,,612,937.1,1,0,0,0,0
1785410580,27680,27684.5,27675.75,27681.75,,764,912.7,1,0,0,0,0
1785410640,27682.25,27705,27679.75,27701.5,,1351,923.2,1,0,0,0,0
1785410700,27701,27709,27697.75,27707.25,,1149,924.9,1,0,0,0,0
1785410760,27707.25,27712,27705.25,27709.5,,911,905.25,1,0,0,0,0
1785410820,27709,27713.75,27704,27709.5,,965,890.25,1,0,0,0,0
1785410880,27709,27723.75,27707.5,27709.75,,1451,917.8,1,0,0,0,0
1785410940,27709.5,27715.25,27706.5,27714.5,27650.360411006153,666,922.5,1,0,0,0,0
1785411000,27715.25,27717,27707,27709,,807,915.4,1,0,0,0,0
1785411060,27709.25,27711.5,27697.25,27699.25,,1166,926.65,1,0,0,0,0
1785411120,27698.75,27705.75,27679.25,27679.25,,2045,986.55,1,0,0,0,0
1785411180,27680.25,27682.25,27673.5,27678.75,,1355,1013.4,1,0,0,0,0
1785411240,27677.5,27688.75,27674,27681,,1074,1045.3,1,0,0,0,0
1785411300,27680.5,27692.5,27679.75,27688.75,,951,1055.35,1,0,0,0,0
1785411360,27688.5,27704.5,27688,27702.75,,1251,1074.85,1,0,0,0,0
1785411420,27703.75,27717,27700.5,27715.25,,1189,1073.5,1,0,0,0,0
1785411480,27715.25,27725,27714.25,27724.5,,1144,1054.5,1,0,0,0,0
1785411540,27724.25,27727,27699.75,27699.75,,1268,1073.05,1,0,0,0,0
1785411600,27699.25,27710,27697,27707.25,,905,1081.85,1,0,0,0,0
1785411660,27707.75,27711.75,27689.25,27691.75,,1373,1119.85,1,0,0,0,0
1785411720,27691.25,27711.25,27688.25,27705.5,,1312,1154.85,1,0,0,0,0
1785411780,27707.25,27723,27705,27719,,958,1164.55,1,0,0,0,0
1785411840,27718.5,27719,27699.75,27700.75,27667.156940670768,1260,1160,1,0,0,0,0
1785411900,27701.5,27720.5,27700.5,27719.75,,1065,1155.8,1,0,0,0,0
1785411960,27719.5,27719.75,27711,27716.75,,580,1139.25,1,0,0,0,0
1785412020,27716.75,27724,27711.75,27714,,1106,1146.3,1,0,0,0,0
1785412080,27713.5,27730.5,27713.5,27728,,1127,1130.1,1,0,0,0,0
1785412140,27728.75,27733.5,27726.25,27728.25,,1102,1151.9,1,0,0,0,0
1785412200,27728.75,27739,27725.75,27736.5,,1046,1163.85,1,1,0,0,0
1785412260,27737,27739.75,27719,27723.25,,1291,1170.1,1,0,0,0,0
1785412320,27723.5,27734.25,27720.75,27723,,907,1113.2,1,0,0,0,0
1785412380,27722.5,27735.5,27722,27734.25,,662,1078.55,1,0,0,0,0
1785412440,27734,27744,27732.25,27740.25,,1180,1083.85,1,0,0,0,0
1785412500,27740.25,27745,27729.25,27730.25,,809,1076.75,1,0,0,0,0
1785412560,27730.25,27736.25,27726.25,27726.25,,664,1047.4,1,0,0,0,0
1785412620,27726.5,27730.75,27722.75,27729,,550,1015.45,1,0,0,0,0
1785412680,27728.25,27737.75,27727.25,27730,,725,994.5,1,0,0,0,0
1785412740,27730.25,27731.25,27721,27724.25,27686.18796044718,551,958.65,1,0,0,0,0
1785412800,27724.25,27734,27716,27718.5,,1321,979.45,1,0,0,0,0
1785412860,27719,27721.25,27695.5,27699,,2166,1019.1,1,0,0,0,0
1785412920,27699.5,27727.75,27698.75,27723.25,,1517,1029.35,1,0,0,0,0
1785412980,27722.75,27749,27719.5,27747.25,,1916,1077.25,1,0,0,0,0
1785413040,27747.5,27753,27739.75,27745.75,,1420,1085.25,1,0,0,0,0
1785413100,27745.5,27754,27738,27753.25,,1291,1096.55,1,1,0,0,0
1785413160,27752.5,27757.5,27747.25,27754.25,,1162,1125.65,1,0,0,0,0
1785413220,27753.75,27755.75,27745.5,27754.5,,998,1120.25,1,0,0,0,0
1785413280,27753.75,27758.25,27746,27746.25,,979,1112.85,1,0,0,0,0
1785413340,27746,27759.75,27744,27754.75,,1225,1119,1,0,0,0,0
1785413400,27755.25,27760.5,27752.25,27757.5,,966,1115,1,0,0,0,0
1785413460,27758.25,27758.5,27745,27746,,967,1098.8,1,0,0,0,0
1785413520,27747,27756.75,27735.75,27748,,1605,1133.7,1,0,0,0,0
1785413580,27747.75,27760.5,27745.25,27758.25,,878,1144.5,1,0,0,0,0
1785413640,27758.25,27766,27753.75,27762.5,27711.625306964786,1001,1135.55,1,0,0,0,0
1785413700,27762.75,27766,27751.75,27751.75,,844,1137.3,1,0,0,0,0
1785413760,27751.5,27757,27745,27750.5,,1170,1162.6,1,0,0,0,0
1785413820,27750.75,27751,27741,27746,,755,1172.85,1,0,0,0,0
1785413880,27745,27748.5,27737,27748,,1059,1189.55,1,0,0,0,0
1785413940,27748,27754.25,27740.25,27742.75,,1074,1215.7,1,0,0,0,0
1785414000,27742.75,27743,27714.25,27724.25,,1951,1247.2,1,0,0,0,0
1785414060,27724.25,27734,27721.75,27724.75,,1201,1198.95,1,0,0,0,0
1785414120,27724.5,27729.25,27719.25,27724.25,,888,1167.5,1,0,0,0,0
1785414180,27724.75,27742,27722.75,27742,,930,1118.2,1,0,0,0,0
1785414240,27742,27752,27739.25,27746.25,,1415,1117.95,1,0,0,0,0
1785414300,27746.75,27756.5,27740.5,27744,,1083,1107.55,1,0,0,0,0
1785414360,27743.25,27759.25,27739.25,27752,,1341,1116.5,1,0,0,0,0
1785414420,27751.25,27752.75,27735.25,27737.25,,870,1110.1,1,0,0,0,0
1785414480,27737,27737.25,27723.25,27728.5,,846,1103.45,1,0,0,0,0
1785414540,27727.25,27748.75,27721,27741,27721.41687130986,927,1088.55,1,0,0,0,0
1785414600,27738.75,27790.75,27733.5,27774,,4242,1252.35,1,0,0,0,0
1785414660,27772.5,27774,27736.75,27742.5,,2493,1328.65,1,0,0,0,0
1785414720,27743.75,27748.25,27724.5,27735.75,,2336,1365.2,1,0,0,0,0
1785414780,27735.75,27746,27730.25,27732.25,,1278,1385.2,1,0,0,0,0
1785414840,27732.5,27745,27715,27742.5,,2546,1462.45,1,0,0,0,0
1785414900,27742.25,27771.5,27733,27771,,2728,1556.65,1,0,0,0,0
1785414960,27771.5,27787.25,27762.25,27774.75,,2803,1638.3,1,0,0,0,0
1785415020,27774.5,27778.75,27754.25,27757.5,,1514,1676.25,1,0,0,0,0
1785415080,27757.75,27773.75,27755.75,27772,,1358,1691.2,1,0,0,0,0
1785415140,27772,27785,27762.5,27784.5,,1813,1728.15,1,0,0,0,0
1785415200,27783.5,27786.25,27764,27769.25,,1670,1714.1,1,0,0,0,0
1785415260,27769.25,27796.75,27769.25,27786.5,,2676,1787.85,1,0,0,0,0
1785415320,27787,27805,27780.5,27795.25,,2460,1866.45,1,0,0,0,0
1785415380,27795.75,27796.75,27777.75,27790.75,,1894,1914.65,1,0,0,0,0
1785415440,27790.25,27791.25,27774.75,27776.75,27739.861247539906,1360,1911.9,1,0,0,0,0
1785415500,27776.5,27781.25,27766.25,27773.75,,1830,1949.25,1,0,0,0,0
1785415560,27774.5,27780.5,27765,27772.75,,1499,1957.15,1,0,0,0,0
1785415620,27772,27782.5,27762.75,27778,,1826,2004.95,1,0,0,0,0
1785415680,27779.5,27795,27774,27794.75,,1439,2034.6,1,0,0,0,0
1785415740,27795,27798.75,27785,27794.75,,1303,2053.4,1,0,0,0,0
1785415800,27794.25,27798.25,27780,27793.75,,1325,1907.55,1,1,0,0,0
1785415860,27794.5,27797,27785,27795.5,,1125,1839.15,1,0,0,0,0
1785415920,27796.5,27803.75,27789.25,27793.25,,2074,1826.05,1,0,0,0,0
1785415980,27793,27797.25,27783.5,27796.75,,1199,1822.1,1,0,0,0,0
1785416040,27796.75,27805,27791.75,27799,,1732,1781.4,1,0,0,0,0
1785416100,27798,27800.5,27788.25,27790,,1141,1702.05,1,0,0,0,0
1785416160,27790,27797.5,27783,27795.75,,1369,1630.35,1,0,0,0,0
1785416220,27794.5,27813.5,27790.5,27807.5,,2798,1694.55,1,0,0,0,0
1785416280,27808.5,27819.75,27805,27815.5,,2065,1729.9,1,0,0,0,0
1785416340,27815.75,27818.25,27803.75,27806.25,27761.99083169327,1863,1732.4,1,0,0,0,0
1785416400,27806,27833.75,27793.25,27827.5,,5891,1943.45,1,0,0,0,0
1785416460,27827.25,27854.25,27823.5,27847.5,,4627,2041,1,0,0,0,0
1785416520,27847.5,27849.25,27841.75,27843.25,,1954,2015.7,1,0,0,0,0
1785416580,27843.25,27856.75,27835.25,27852.5,,3684,2105.2,1,1,0,0,0
1785416640,27853.25,27860,27846.75,27848.75,,2237,2149.05,1,0,0,0,0
1785416700,27849,27859.5,27847,27855.5,,1794,2147.25,1,0,0,0,0
1785416760,27855,27860.25,27846.75,27854.5,,2007,2172.65,1,0,0,0,0
1785416820,27854.5,27876.75,27849,27850.5,,4896,2326.15,1,0,0,0,0
1785416880,27850.5,27851.75,27840.5,27844.75,,2695,2388.95,1,0,0,0,0
1785416940,27844.75,27848.75,27838.25,27841,,2489,2448.25,1,0,0,0,0
1785417000,27840.25,27843,27829.25,27830.75,,2646,2514.3,1,0,0,0,0
1785417060,27831.25,27839.25,27827,27831.75,,1705,2543.3,1,0,0,0,0
1785417120,27831.5,27852,27829,27844.25,,2349,2557.05,1,0,0,0,0
1785417180,27844.5,27864.25,27841,27854.25,,2558,2625,1,0,0,0,0
1785417240,27854.75,27855.5,27835.25,27840,27787.993887795514,1845,2630.65,1,0,0,0,0
1785417300,27839.75,27847,27831.25,27844.5,,1797,2663.45,1,0,0,0,0
1785417360,27844.75,27853,27841,27844.5,,1565,2673.25,1,0,0,0,0
1785417420,27844.75,27850.75,27842.75,27849.75,,957,2581.2,1,0,0,0,0
1785417480,27849.75,27855,27841,27851.25,,1681,2562,1,0,0,0,0
1785417540,27851,27860.25,27847.5,27850.75,,2100,2573.85,1,0,0,0,0
1785417600,27851.25,27851.75,27839.5,27845.75,,1496,2354.1,1,0,0,0,0
1785417660,27845.75,27847.25,27838.25,27842,,983,2171.9,1,0,0,0,0
1785417720,27841.75,27844.5,27834.75,27839,,1350,2141.7,1,0,0,0,0
1785417780,27838.75,27849.25,27836.25,27843.25,,1678,2041.4,1,0,0,0,0
1785417840,27843.25,27846.75,27839.25,27842.25,,996,1979.35,1,0,0,0,0
1785417900,27843,27868,27840,27843,,3285,2053.9,1,0,0,0,0
1785417960,27842.5,27859.5,27836.75,27859,,1566,2031.85,1,0,0,0,0
1785418020,27859,27865.5,27844.5,27856.75,,2763,1925.2,1,0,0,0,0
1785418080,27857.25,27877.75,27855,27863.5,,3698,1975.35,1,0,0,0,0
1785418140,27864.25,27883.75,27858.75,27876,27817.329258530342,4059,2053.85,1,0,0,0,0
1785418200,27876.75,27892.75,27835,27859.25,,15592,2701.15,1,0,0,0,0
1785418260,27859.5,27892,27853,27879.5,,9282,3080,1,0,0,0,0
1785418320,27879,27885.5,27850,27862.5,,8923,3408.7,1,0,0,0,0
1785418380,27863,27863.75,27813.25,27842.75,,12461,3903.85,1,0,0,0,0
1785418440,27842.5,27881.5,27831.5,27871,,10964,4359.8,1,0,0,0,0
1785418500,27871,27904.5,27848.25,27890.75,,13483,4944.1,1,0,0,0,0
1785418560,27890.75,27919.75,27864,27895.25,,14582,5594.95,1,0,0,0,0
1785418620,27895.5,27902,27846.25,27884.5,,10925,6093.35,1,0,0,0,0
1785418680,27884.5,27908.75,27853.5,27890.75,,10144,6516.5,1,0,0,0,0
1785418740,27891,27901.75,27866.25,27889.5,,8413,6832.15,1,0,0,0,0
1785418800,27888,27901,27849.5,27882.5,,10871,7300.9,1,0,0,0,0
1785418860,27881.5,27905,27867.25,27887,,8814,7692.45,1,0,0,0,0
1785418920,27886.5,27940.5,27882.5,27934,,13451,8297.5,1,0,0,0,0
1785418980,27934.75,27966.25,27929.25,27965,,12140,8820.6,1,0,0,0,0
1785419040,27965,27996.25,27964.25,27977,27870.552839020227,12856,9413.6,1,0,0,0,0
1785419100,27977,28016.75,27973.25,28014.5,,11723,9835.5,1,0,0,0,0
1785419160,28013.75,28037,28006.5,28029.25,,10488,10281.6,1,0,0,0,0
1785419220,28029.25,28039.5,28009.75,28036.75,,10518,10669.35,1,0,0,0,0
1785419280,28038,28050,28027,28040.5,,8740,10921.45,1,0,0,0,0
1785419340,28040.5,28067.25,28039.75,28065,,8763,11156.65,1,0,0,0,0
1785419400,28065,28113.75,28043,28105,,15305,11142.3,1,0,0,0,0
1785419460,28104.5,28126.25,28091.25,28093.5,,13149,11335.65,1,0,0,0,0
1785419520,28093.25,28094.75,28050.5,28063,,11879,11483.45,1,0,0,0,0
1785419580,28062.75,28098,28055,28079.5,,9698,11345.3,1,0,0,0,0
1785419640,28079.5,28111.75,28077.25,28103.25,,7536,11173.9,1,1,0,0,0
1785419700,28102.25,28133.25,28083,28127,,10673,11033.4,1,0,0,0,0
1785419760,28127.25,28138.25,28100.75,28108,,9162,10762.4,1,0,0,0,0
1785419820,28107.75,28119.25,28091,28110.5,,7785,10605.4,1,0,0,0,0
1785419880,28110.5,28123.25,28095,28122.5,,6333,10414.85,1,0,0,0,0
1785419940,28122.75,28155,28115.75,28151.25,27964.118559346818,10633,10525.85,1,0,0,0,0
1785420000,28150.5,28158,28127,28155.75,,9058,10435.2,1,0,0,0,0
1785420060,28155.5,28169,28151.5,28167.5,,10285,10508.75,1,0,0,0,0
1785420120,28167.75,28183.75,28150.75,28159.25,,11015,10386.95,1,0,0,0,0
1785420180,28159.5,28175,28137.75,28168,,9737,10266.8,1,0,0,0,0
1785420240,28168.5,28177.75,28159,28160.25,,5195,9883.75,1,0,0,0,0
1785420300,28159.75,28166,28134.75,28146.5,,8627,9728.95,1,0,0,0,0
1785420360,28145,28152.75,28119,28131.5,,9660,9687.55,1,0,0,0,0
1785420420,28130.5,28139.5,28104.25,28106.25,,7601,9541.7,1,0,0,0,0
1785420480,28106,28111,28080.5,28089,,11323,9670.85,1,0,0,0,0
1785420540,28088.75,28096,28073.5,28086.25,,7937,9629.55,1,0,0,0,0
1785420600,28085.75,28108.25,28067,28083.5,,11263,9427.45,1,0,0,0,0
1785420660,28083.5,28107.5,28068.75,28105.25,,7694,9154.7,1,0,0,0,0
1785420720,28105.5,28117.5,28092.5,28113,,9166,9019.05,1,0,0,0,0
1785420780,28113,28116.25,28083.25,28090,,6546,8861.45,1,0,0,0,0
1785420840,28090.25,28114,28083.25,28107.75,28011.995706231213,5496,8759.45,1,0,0,0,0
1785420900,28107.25,28131.5,28099.5,28111.5,,8734,8662.5,1,0,0,0,0
1785420960,28112,28131,28095.75,28128.5,,6093,8509.05,1,0,0,0,0
1785421020,28129,28140.25,28115.75,28117.25,,7576,8498.6,1,0,0,0,0
1785421080,28117.5,28120.5,28080,28108.25,,10379,8700.9,1,0,0,0,0
1785421140,28108.5,28125.25,28094,28113.75,,6988,8518.65,1,0,0,0,0
1785421200,28113.5,28127,28102,28124.5,,5292,8330.35,1,0,0,0,0
1785421260,28124.5,28164.75,28124.5,28154.5,,9876,8309.9,1,0,0,0,0
1785421320,28154.25,28162.25,28135.5,28156.75,,6912,8104.75,1,0,0,0,0
1785421380,28156.5,28173.75,28155.25,28160.25,,6230,7929.4,1,1,0,0,0
1785421440,28160.25,28175,28148.5,28163.25,,6940,8016.65,1,0,0,0,0
1785421500,28164,28176.5,28159.5,28172.5,,5528,7861.7,1,0,0,0,0
1785421560,28172.5,28178.75,28149.25,28172,,6152,7686.3,1,0,0,0,0
1785421620,28170.75,28213.75,28168.75,28209.75,,11827,7897.6,1,0,0,0,0
1785421680,28209.75,28240,28209.25,28223.75,,10322,7847.55,1,0,0,0,0
1785421740,28223.75,28231,28218,28225.75,28083.247137487477,5193,7710.35,1,0,0,0,0
1785421800,28226,28227.25,28188.5,28219,,10976,7696,1,0,0,0,0
1785421860,28219,28245.75,28206.5,28234.5,,8071,7714.85,1,1,0,1,0
1785421920,28233.75,28241.5,28217.5,28240,,6379,7575.5,1,0,0,0,0
1785421980,28239.5,28242.75,28224.75,28237.25,,5729,7534.65,1,0,0,0,0
1785422040,28237.25,28240,28215.5,28234.75,,6250,7572.35,1,0,0,0,0
1785422100,28234.5,28237.75,28204,28207.5,,6326,7451.95,1,0,0,0,0
1785422160,28207.25,28241,28202,28235.5,,6590,7476.8,1,0,0,0,0
1785422220,28236,28244,28227.25,28237.25,,5573,7376.65,1,0,0,0,0
1785422280,28237.25,28238,28212.5,28213.25,,5490,7132.2,1,0,0,0,0
1785422340,28214,28221.75,28209.75,28219.5,,4579,7011.75,1,0,0,0,0
1785422400,28220.25,28232.75,28212.25,28227.5,,4914,6992.85,1,0,0,0,0
1785422460,28227,28240.5,28223.75,28231,,4010,6699.55,1,0,0,0,0
1785422520,28230.75,28240.5,28205,28206.75,,4938,6600.85,1,1,0,0,0
1785422580,28206,28207.5,28183.25,28184.5,,7909,6684.8,1,0,0,0,0
1785422640,28184.5,28185.75,28160.25,28175.25,28113.914758324983,8515,6763.55,1,0,0,0,0
1785422700,28175.25,28189.75,28157.75,28187.75,,6739,6824.1,1,0,0,0,0
1785422760,28188,28196,28154,28161,,8172,6925.1,1,0,0,0,0
1785422820,28160.5,28173,28151,28160.5,,6142,6640.85,1,0,0,0,0
1785422880,28160.5,28163.75,28130.5,28160,,8600,6554.75,1,0,0,0,0
1785422940,28159.75,28174.75,28142,28166,,7208,6655.5,1,0,0,0,0
1785423000,28166.5,28177.25,28140,28142,,6336,6423.5,1,0,0,0,0
1785423060,28142.75,28155.5,28113,28122.75,,8765,6458.2,1,0,0,0,0
1785423120,28122.75,28128.75,28103,28104.25,,5843,6431.4,1,0,0,0,0
1785423180,28104.5,28111.25,28085.5,28091.25,,7076,6498.75,1,0,0,0,0
1785423240,28091.25,28092.75,28063.25,28069,,9116,6642.05,-1,0,0,0,0
1785423300,28069,28071.5,28042.5,28054.25,,10469,6849.2,-1,0,0,0,0
1785423360,28055,28061,28024.75,28035.25,,9362,6987.8,-1,0,0,0,0
1785423420,28035.75,28063.25,28022.75,28057.25,,8361,7127.2,-1,0,0,0,0
1785423480,28056.5,28075,28043.75,28074.75,,8399,7272.65,-1,0,0,0,0
1785423540,28074,28095.5,28065.5,28070.75,28099.526505549988,10606,7574,-1,0,0,0,0
1785423600,28070.75,28077.75,28013,28027.25,,12894,7973,-1,0,0,0,0
1785423660,28026.5,28039.75,28012,28020.5,,9714,8258.2,-1,0,0,0,0
1785423720,28020.25,28069.25,28016,28068.25,,9231,8472.85,-1,0,1,0,0
1785423780,28068.25,28106.25,28067.5,28103.25,,11675,8661.15,-1,0,0,0,0
1785423840,28103.75,28114.25,28078.75,28104.5,,8079,8639.35,-1,0,0,0,0
1785423900,28104.75,28122.75,28096.75,28114,,7120,8658.4,1,1,0,0,0
1785423960,28115.5,28123.25,28087.25,28094.5,,7283,8613.95,-1,0,0,1,0
1785424020,28094.5,28101,28063.5,28072,,8339,8723.8,-1,0,0,0,0
1785424080,28072,28099,28055,28098,,7064,8647,-1,0,0,0,0
1785424140,28097.5,28138,28094,28134.75,,9809,8777.05,1,0,0,0,0
1785424200,28134.25,28137,28069.25,28079.5,,9279,8924.2,-1,0,0,0,0
1785424260,28079.5,28085,28037.25,28045,,9118,8941.85,-1,0,0,0,0
1785424320,28045,28064.75,28034.5,28060.75,,6613,8980.35,-1,0,0,0,0
1785424380,28060.75,28061.25,28020,28033,,7125,8982.8,-1,0,1,0,0
1785424440,28033,28046.25,28018.5,28024.25,28074.434337033326,5926,8823.3,-1,0,0,0,0
1785424500,28024.5,28061.75,28007.75,28060.5,,8861,8742.9,-1,0,0,0,0
1785424560,28060,28076,28050.25,28054.25,,7193,8634.45,-1,0,0,0,0
1785424620,28054.5,28069,28024.5,28030.25,,6529,8542.85,-1,0,0,0,0
1785424680,28029.75,28048.75,28021.5,28045.75,,5178,8381.8,-1,0,0,0,0
1785424740,28045.25,28056.25,28037.5,28046.75,,3932,8048.1,-1,0,1,0,0
1785424800,28046.75,28060,28037.75,28055.25,,4629,7634.85,-1,0,0,0,0
1785424860,28055.25,28099.5,28053.5,28077.25,,8199,7559.1,-1,0,0,0,0
1785424920,28077,28088.25,28061.5,28074.75,,4985,7346.8,-1,0,0,0,0
1785424980,28074.75,28077.25,28030.5,28057.5,,6802,7103.15,-1,0,0,0,0
1785425040,28057.25,28062.75,28035.75,28049.75,,4256,6912,-1,0,0,0,0
1785425100,28050,28079.5,28030,28037.5,,6271,6869.55,-1,0,0,0,0
1785425160,28037,28043.25,27995.5,28041.25,,10090,7009.9,-1,0,0,0,0
1785425220,28040.75,28053.25,28017.25,28020.25,,5588,6872.35,-1,0,0,0,0
1785425280,28019,28025.75,28003.75,28021.5,,5308,6784.55,-1,0,0,0,0
1785425340,28022.25,28033.25,28007.5,28010.25,28052.789558022218,4641,6526.15,-1,0,0,0,0
1785425400,28010.25,28023.5,28001,28008,,6105,6367.45,-1,0,0,0,0
1785425460,28007.5,28042.25,28005.25,28030.75,,5639,6193.5,-1,0,0,0,0
1785425520,28031,28055.25,28029.75,28038.25,,5112,6118.45,-1,0,0,0,0
1785425580,28038.5,28051,28028,28050.5,,3886,5956.5,-1,0,0,0,0
1785425640,28049.5,28074,28030,28073.5,,5997,5960.05,-1,0,0,0,0
1785425700,28073.75,28090,28055.5,28059.75,,7022,5868.1,-1,0,0,0,0
1785425760,28060,28088,28059,28087.25,,4353,5726.1,1,1,0,0,0
1785425820,28086.75,28088,28041.5,28043.5,,5660,5682.65,-1,0,0,1,0
1785425880,28044,28056.25,28036.5,28049.25,,4619,5654.7,-1,0,0,0,0
1785425940,28049.75,28073.25,28042.5,28072,,4061,5661.15,-1,0,1,0,0
1785426000,28072.25,28087,28058.75,28075.75,,5725,5715.95,1,0,0,0,1
1785426060,28075,28084,28062.75,28078.25,,3152,5463.6,1,0,0,0,0
1785426120,28078.5,28080.25,28055,28076.5,,4250,5426.85,1,0,0,0,0
1785426180,28076.75,28089.75,28066,28088.25,,4391,5306.3,1,0,0,0,0
1785426240,28088,28109.25,28086,28089.5,28065.19303868148,5784,5382.7,1,0,0,0,0
1785426300,28090,28114,28089.25,28109,,3801,5259.2,1,1,0,0,0
1785426360,28109.25,28133.75,28106.25,28123.5,,4885,4998.95,1,0,0,0,0
1785426420,28123.75,28131.5,28120.5,28122.5,,2725,4855.8,1,0,0,0,0
1785426480,28122.5,28123.75,28100.75,28106.5,,3947,4787.75,1,0,0,0,0
1785426540,28106.75,28117,28090,28114.25,,3903,4750.85,1,0,0,0,0
1785426600,28113.75,28121.75,28087,28090,,4054,4648.3,1,0,0,0,0
1785426660,28089.25,28106.75,28074,28106.5,,5420,4637.35,1,0,0,0,0
1785426720,28106,28106,28048.5,28068.25,,6174,4690.45,1,0,0,0,0
1785426780,28068.5,28093.5,28063.25,28087.25,,4482,4720.25,1,0,0,0,0
1785426840,28087.75,28111.25,28077.5,28108.25,,4017,4621.25,1,0,0,0,0
1785426900,28108.5,28130.25,28108.5,28122.5,,4641,4502.2,1,0,0,0,0
1785426960,28122.5,28131.5,28114.75,28116.5,,3391,4454.1,1,1,0,0,0
1785427020,28117.25,28120.5,28105,28112.5,,3345,4338.35,1,0,0,0,0
1785427080,28112.25,28115.5,28087.75,28094,,4295,4322.15,1,0,0,0,0
1785427140,28094,28094,28071,28078.5,28069.62869245432,3966,4317.4,1,0,0,0,0
1785427200,28079,28082.25,28059.5,28069.75,,5778,4320.05,1,0,0,0,0
1785427260,28069.5,28072.25,28060.5,28066.75,,1125,4218.7,-1,0,0,0,0