time,open,high,low,close,TheStrat Label 1,TheStrat Label 2,TheStrat Label 3,2-1-2 BLR,2-1-2 BLC,3-1-2 BLR,3-2-2 BLR,Rev Strat 1-2-2 BLR,2-2 BLR,2-1-2 BRR,2-1-2 BRC,3-1-2 BRR,3-2-2 BRR,Rev Strat 1-2-2 BRR,2-2 BRR,Double Inside,PMG BLR,PMG BRR,Volume
1748988000,21685.75,21802.75,21641,21747.5,0,1,,0,0,0,0,0,0,0,0,0,0,0,0,0,0,0,1122220
1749074400,21745.25,21936.25,21503.5,21513.5,0,,1,0,0,0,0,0,0,0,0,0,0,0,0,0,0,0,1122220
1749160800,21487.5,21880,21471,21809.75,0,1,,0,0,0,1,0,0,0,0,0,0,0,0,0,0,0,1218834
1749420000,21799.25,21892.5,21716.5,21821.5,0,1,,0,0,0,0,0,0,0,0,0,0,0,0,0,0,0,989760
1749506400,21822,21992.25,21732,21951.5,0,1,,0,0,0,0,0,0,0,0,0,0,0,0,0,0,0,1237939
1749592800,21950.75,22094,21790.25,21882.75,0,1,,0,0,0,0,0,0,0,0,0,0,0,0,0,0,0,1525033
1749679200,21871,21977.5,21716.5,21908.25,0,1,,0,0,0,0,0,0,0,0,0,0,0,0,0,0,0,1242122
1749765600,21911,21920,21470.5,21654,0,1,,0,0,0,0,0,1,0,0,0,0,0,0,0,0,0,1677396
1750024800,21784,22224.5,21722,22163.25,0,1,,0,0,0,0,0,0,0,0,0,0,0,0,0,0,0,716281
1750111200,22163.5,22177.5,21908,21953.25,1,,,0,0,0,0,0,0,0,0,0,0,0,0,0,0,0,1234778
1750197600,21937.5,22098.75,21862.75,21961.25,0,1,,0,0,0,0,0,0,0,0,0,0,0,0,0,0,0,0
1750284000,21960.25,22130.75,21650.25,21874,0,,1,0,0,0,0,0,0,0,0,0,0,0,0,0,0,0,2056763
1750629600,21648.25,22093,21562,22072,0,1,,0,0,0,1,0,0,0,0,0,0,0,0,0,0,0,1569238
1750716000,22077.25,22447.75,22064.5,22409.5,0,1,,0,0,0,0,0,0,0,0,0,0,0,0,0,0,0,1143081
1750802400,22410.75,22548.25,22385,22472.75,0,1,,0,0,0,0,0,0,0,0,0,0,0,0,0,0,0,1038793
1750888800,22466,22692.75,22438,22672.75,0,1,,0,0,0,0,0,0,0,0,0,0,0,0,0,0,0,1038793
1750975200,22676.5,22823.75,22600,22740.25,0,1,,0,0,0,0,0,0,0,0,0,0,0,0,0,0,1,1223538
1751234400,22751.25,22934,22750,22865.75,0,1,,0,0,0,0,0,0,0,0,0,0,0,1,0,0,1,1136495
1751320800,22866.75,22915,22593.75,22691.5,0,1,,0,0,0,0,0,0,0,0,0,0,0,0,0,0,0,1297870
1751407200,22696.5,22858.75,22584.75,22853.25,0,1,,0,0,0,0,0,0,0,0,0,0,0,0,0,0,0,1006562
1751493600,22846.75,23101.25,22827,23059,0,1,,0,0,0,0,0,0,0,0,0,0,0,1,0,0,0,0
1751580000,22968.5,23027.25,22780.25,22838,0,1,,0,0,0,0,0,0,0,0,0,0,0,0,0,0,0,1538854
1751925600,22840.25,22972,22809.5,22903.5,1,,,1,0,0,0,0,0,0,0,0,0,0,0,0,0,0,1091436
1752012000,22909,23111.25,22843.25,23043.25,0,1,,0,0,0,0,0,0,0,0,0,0,0,0,0,0,0,1124401
1752098400,23043.25,23089.75,22901,23009.75,1,,,0,0,0,0,0,0,1,0,0,0,0,0,0,0,0,1043294
1752184800,23010.75,23048.75,22830.75,22937.25,0,1,,0,0,0,0,0,0,0,0,0,0,0,0,0,0,0,1201512
1752444000,22864.5,23067.75,22802.25,23036.25,0,,1,0,0,0,0,0,0,0,0,0,0,0,0,0,0,0,1016215
1752530400,23036.5,23222.75,22996.25,23018,0,1,,0,0,0,0,0,0,0,0,0,0,0,0,0,0,0,1359771
1752616800,23018.75,23100,22835.75,23063,0,1,,0,0,0,0,0,0,0,0,0,0,0,0,0,0,0,1385121
1752703200,23069.25,23281,23017,23265.5,0,1,,0,0,0,0,0,0,0,0,0,0,0,0,0,0,0,1034301
1752789600,23260,23320.5,23170,23228.75,0,1,,0,0,0,0,0,0,0,0,0,0,0,0,0,0,0,1037669
1753048800,23240,23425,23204.5,23346.75,0,1,,0,0,0,0,0,0,0,0,0,0,0,1,0,0,0,950184
1753135200,23338,23367.75,23105,23198.5,0,1,,0,0,0,0,0,1,0,0,0,0,0,0,0,0,0,1222714
1753221600,23190,23416.5,23142.5,23410.75,0,1,,0,0,0,0,0,0,0,0,0,0,0,0,0,0,0,1246579
1753308000,23401,23425,23298.5,23395,0,1,,0,0,0,0,0,0,0,0,0,0,0,0,0,0,0,1032714
1753394400,23391.25,23477,23330.25,23447.25,0,1,,0,0,0,0,0,0,0,0,0,0,0,0,0,0,0,901587
1753653600,23516,23585,23437,23509,0,1,,0,0,0,0,0,0,0,0,0,0,0,0,0,0,0,947135
1753740000,23505.25,23652.25,23422,23451.5,0,,1,0,0,0,0,0,0,0,0,0,0,0,0,0,0,0,1132932
1753826400,23451.5,23688,23355,23662.25,0,,1,0,0,0,0,0,0,0,0,0,0,0,0,0,0,0,1213505
1753912800,23698,23848,23286.5,23329.25,0,,1,0,0,0,0,0,0,0,0,0,0,0,0,0,0,0,1745547
1753999200,23323.5,23347.5,22788.25,22869,0,1,,0,0,0,0,0,1,0,0,0,0,0,0,0,0,0,1915717
1754258400,22850.5,23353.75,22822,23351.5,0,1,,0,0,0,0,0,0,0,0,0,0,0,0,0,0,0,1216468
1754344800,23352.5,23404.25,23082,23090.75,0,1,,0,0,0,0,0,0,0,0,0,0,0,0,0,0,0,1524897
1754431200,23092,23444.75,23045.25,23413,0,,1,0,0,0,0,0,0,0,0,0,0,0,0,0,0,0,1355010
1754517600,23416.75,23671.25,23330,23521.5,0,1,,0,0,0,0,0,0,0,0,0,0,0,0,0,0,0,1629043
1754604000,23519.5,23768.5,23503.25,23767.25,0,1,,0,0,0,0,0,0,0,0,0,0,0,0,0,0,0,1107057
1754863200,23767.25,23804.5,23587,23630,0,1,,0,0,0,0,0,0,0,0,0,0,0,0,0,0,0,1087690
1754949600,23632,23952.5,23596,23948.75,0,1,,0,0,0,0,0,0,0,0,0,0,0,0,0,0,0,1181459
1755036000,23947.25,24069,23886,23927.75,0,1,,0,0,0,0,0,0,0,0,0,0,0,0,0,0,0,1110148
1755122400,23930,24005.5,23793.25,23891,0,1,,0,0,0,0,0,0,0,0,0,0,0,0,0,0,0,1186696
1755208800,23891.25,23962.75,23734.75,23796.5,0,1,,0,0,0,0,0,0,0,0,0,0,0,0,0,0,0,1142014
1755468000,23795,23882,23718.75,23789.5,0,1,,0,0,0,0,0,0,0,0,0,0,0,0,0,0,0,1008220
1755554400,23799,23839.75,23425.25,23473.25,0,1,,0,0,0,0,0,0,0,0,0,0,0,0,0,1,0,1395287
1755640800,23456,23489,23035.25,23318.75,0,1,,0,0,0,0,0,0,0,0,0,0,0,0,0,1,0,1754326
1755727200,23322,23369.5,23119.5,23222.5,1,,,0,0,0,0,0,0,0,0,0,0,0,0,0,1,0,1591730
1755813600,23228,23650,23074.25,23582.75,0,,1,0,0,0,0,0,0,0,0,0,0,0,0,0,0,0,1526213
1756072800,23600,23616.75,23445,23502.25,1,,,0,0,0,0,0,0,0,0,0,0,0,0,0,0,0,1137735
1756159200,23510.25,23611,23371.25,23607.25,0,1,,0,0,0,0,0,0,0,0,0,0,0,0,0,0,0,1261635
1756245600,23607.25,23685,23429,23542.25,0,1,,0,0,0,0,0,0,0,0,0,0,0,0,0,0,0,1159053
1756332000,23543,23803.75,23486.75,23761.25,0,1,,0,0,0,0,0,0,0,0,0,0,0,1,0,0,0,1362059
1756418400,23761,23762.75,23401.5,23454.5,0,1,,0,0,0,0,0,0,0,0,0,0,0,0,0,0,0,0
1756677600,23478.5,23555.25,23025,23379.25,0,1,,0,0,0,0,0,0,0,0,0,0,0,0,0,0,0,2078811
1756850400,23381.5,23526,23299.75,23455.5,1,,,1,0,0,0,0,0,0,0,0,0,0,0,0,0,0,1521114
1756936800,23456,23709,23410,23683.75,0,1,,0,0,0,0,0,0,0,0,0,0,0,0,0,0,0,1290556
1757023200,23694,23902.5,23505,23673,0,1,,0,0,0,0,0,0,0,0,0,0,0,0,0,0,0,1822583
1757282400,23676.5,23888,23650.5,23798.5,1,,,0,0,0,0,0,0,0,0,0,0,0,0,0,0,0,1252781
1757368800,23799.75,23918,23726.5,23889,0,1,,0,0,0,0,0,0,0,0,0,0,0,0,0,0,0,1178914
1757455200,23900.25,24041,23785,23859,0,1,,0,0,0,0,0,0,0,0,0,0,0,0,0,0,0,1327641
1757541600,23856.75,24048.75,23845,24006.5,0,1,,0,0,0,0,0,0,0,0,0,0,0,0,0,0,0,1159813
1757628000,24028,24159,23968.75,24114.5,0,1,,0,0,0,0,0,0,0,0,0,0,0,0,0,0,0,1030823
1757887200,24112.25,24315.75,24075.5,24295.75,0,1,,0,0,0,0,0,0,0,0,0,0,0,0,0,0,0,513118
1757973600,24536,24646.75,24499,24531,0,1,,0,0,0,0,0,0,0,0,0,0,0,0,0,0,0,766212
1758060000,24531,24553,24241.75,24501.25,0,1,,0,0,0,0,0,1,0,0,0,0,0,0,0,0,0,1323524
1758146400,24504,24815.75,24492.5,24713.75,0,1,,0,0,0,0,0,0,0,0,0,0,0,0,0,0,0,1257187
1758232800,24715,24888,24655,24861.25,0,1,,0,0,0,0,0,0,0,0,0,0,0,0,0,0,0,1121790
1758492000,24851.5,25027.25,24748.5,24996.5,0,1,,0,0,0,0,0,0,0,0,0,0,0,0,0,0,0,1050833
1758578400,24999.75,25026.25,24779.25,24834.25,1,,,0,0,0,0,0,0,1,0,0,0,0,0,0,0,0,1258663
1758664800,24839.75,24913.25,24628,24747.75,0,1,,0,0,0,0,0,0,0,0,0,0,0,0,0,0,0,1262698
1758751200,24747,24792.5,24422,24635.25,0,1,,0,0,0,0,0,0,0,0,0,0,0,0,0,0,0,1797039
1758837600,24640,24747.25,24520,24727.5,1,,,1,0,0,0,0,0,0,0,0,0,0,0,0,0,0,1562392
1759096800,24727.25,24975,24723.75,24811.5,0,1,,0,0,0,0,0,0,0,0,0,0,0,0,0,0,0,1275661
1759183200,24812,24913.75,24722.5,24838.5,0,1,,0,0,0,0,0,0,0,0,0,0,0,0,0,0,0,1464289
1759269600,24844.5,25037,24633.75,25009,0,,1,0,0,0,0,0,0,0,0,0,0,0,0,0,0,0,1343193
1759356000,25009.5,25180,24993.75,25105.5,0,1,,0,0,0,0,0,0,0,0,0,0,0,0,0,0,0,1279352
1759442400,25105,25197,24923,24981.5,0,,1,0,0,0,0,0,0,0,0,0,0,0,0,0,0,0,1388150
1759701600,24994,25253,24994,25184,0,1,,0,0,0,0,0,0,0,0,0,0,0,0,0,0,0,1125795
1759788000,25184,25274.75,24985.25,25055,0,,1,0,0,0,0,0,0,0,0,0,0,0,0,0,0,0,1492282
1759874400,25055,25364.75,25026.25,25354.5,0,1,,0,0,0,0,0,0,0,0,0,0,0,0,0,0,0,1147206
1759960800,25354.5,25393,25160.75,25287.5,0,1,,0,0,0,0,0,0,0,0,0,0,0,0,0,0,0,1399246
1760047200,25284.75,25388,24157.75,24188.25,0,1,,0,0,0,0,0,0,0,0,0,0,0,0,0,0,0,2417422
1760306400,24482,24965,24482,24905,1,,,0,0,0,0,0,0,0,0,0,0,0,0,0,0,0,2417422
1760392800,24905,25044.5,24423.25,24755.75,0,,1,0,0,0,0,0,0,0,0,0,0,0,0,0,0,0,2344010
1760479200,24752.5,25117.75,24663.5,24942,0,1,,0,0,0,0,0,0,0,0,0,0,0,0,0,0,0,2123740
1760565600,24939,25179.75,24643.25,24793.75,0,,1,0,0,0,0,0,0,0,0,0,0,0,0,0,0,0,2575757
1760652000,24793.75,25054.25,24410.25,25033,0,1,,0,0,0,1,0,0,0,0,0,0,0,0,0,0,0,2575701
1760911200,25067,25355,24956,25326.25,0,1,,0,0,0,0,0,0,0,0,0,0,0,0,0,0,0,1327737
1760997600,25326.25,25368,25203,25265,0,1,,0,0,0,0,0,0,0,0,0,0,0,0,0,0,0,1379441
1761084000,25277,25338.5,24805.25,25040,0,1,,0,0,0,0,0,0,0,0,0,0,0,0,0,0,0,2087106
1761170400,25014.75,25295,24933.25,25277.25,1,,,1,0,0,0,0,0,0,0,0,0,0,0,0,0,0,1546949
1761256800,25285,25569,25275.5,25510.25,0,1,,0,0,0,0,0,0,0,0,0,0,0,0,0,0,0,1227416
1761516000,25698.5,26026,25698.5,26004,0,1,,0,0,0,0,0,0,0,0,0,0,0,0,0,0,0,980676
1761602400,26002.5,26232,25942.25,26172.5,0,1,,0,0,0,0,0,0,0,0,0,0,0,0,0,0,1,1147214
1761688800,26180.25,26378.5,26047.5,26223.75,0,1,,0,0,0,0,0,0,0,0,0,0,0,0,0,0,1,1667881
1761775200,26160.5,26399.5,25853,26149,0,,1,0,0,0,0,0,0,0,0,0,0,0,0,0,0,0,2111173
1761861600,26156,26273,25887.75,25983.75,1,,,0,0,0,0,0,0,0,0,0,0,0,0,1,0,0,1778075
1762124400,26026,26265.75,26012.5,26103.25,1,,,0,0,0,0,0,0,0,0,0,0,0,0,0,0,0,1425204
1762210800,26105.5,26105.5,25517,25575.5,0,1,,0,0,0,0,0,0,0,0,0,0,0,0,0,0,0,2019607
1762297200,25545,25878.5,25282.75,25728.75,0,1,,0,0,0,0,0,0,0,0,0,0,0,0,0,0,0,1765749
1762383600,25732,25823.75,25197.25,25310.5,0,1,,0,0,0,0,0,0,0,0,0,0,0,0,0,0,0,2273397
1762470000,25311,25354.75,24709,25227.25,0,1,,0,0,0,0,0,1,0,0,0,0,0,0,0,0,0,2570614
1762729200,25319.75,25760,25268.75,25721,0,1,,0,0,0,0,0,0,0,0,0,0,0,0,0,0,0,1760959
1762815600,25721,25768.75,25478.5,25659.25,0,1,,0,0,0,0,0,0,0,0,0,0,0,0,0,0,0,1584949
1762902000,25676.5,25830.5,25488.75,25625.5,0,1,,0,0,0,0,0,0,0,0,0,0,0,0,0,0,0,1747671
1762988400,25626.25,25721.75,25002,25088,0,1,,0,0,0,0,0,0,0,0,0,0,0,0,0,0,0,2598189
1763074800,25100,25293.5,24626,25147.5,0,1,,0,0,0,0,0,0,0,0,0,0,0,0,0,0,0,2708210
1763334000,25144,25362,24732,24905.75,0,1,,0,0,0,0,0,0,0,0,0,0,0,0,0,0,0,2602375
1763420400,24904.75,24959.75,24380,24531.75,0,1,,0,0,0,0,0,1,0,0,0,0,0,0,0,0,0,3083683
1763506800,24547,24988,24446.5,24959.75,0,1,,0,0,0,0,0,0,0,0,0,0,0,0,0,0,0,2874160
1763593200,24968.75,25310,24204.5,24278.5,0,,1,0,0,0,0,0,0,0,0,0,0,0,0,0,0,0,2730809
1763679600,24096.75,24596.5,23904,24349.25,0,1,,0,0,0,1,0,0,0,0,0,0,0,0,0,0,0,2949003
1763938800,24449.75,24993.25,24361.25,24962.5,0,1,,0,0,0,0,0,0,0,0,0,0,0,0,0,0,0,1913851
1764025200,24973.25,25135.75,24602,25064.5,0,1,,0,0,0,0,0,0,0,0,0,0,0,0,0,0,0,2107568
1764111600,25070,25375.5,25061.75,25314.5,0,1,,0,0,0,0,0,0,0,0,0,0,0,0,0,0,0,1666472
1764198000,25316.75,25500.25,25285.75,25484.75,0,1,,0,0,0,0,0,0,0,0,0,0,0,0,0,0,1,578323
1764543600,25484,25542.25,25193.5,25400.25,0,,1,0,0,0,0,0,0,0,0,0,0,0,0,0,0,0,1823784
1764630000,25422.75,25670,25324,25606.75,0,1,,0,0,0,0,0,0,0,0,0,0,0,0,0,0,0,1829989
1764716400,25613.5,25685.75,25420.75,25645.75,0,1,,0,0,0,0,0,0,0,0,0,0,0,0,0,0,0,1571511
1764802800,25649.75,25732.5,25487,25632.25,0,1,,0,0,0,0,0,0,0,0,0,0,0,0,0,0,0,1614386
1764889200,25631,25867.75,25579,25735,0,1,,0,0,0,0,0,0,0,0,0,0,0,1,0,0,0,1534182
1765148400,25748.5,25860.75,25563.75,25706.5,0,1,,0,0,0,0,0,0,0,0,0,0,0,0,0,0,0,1391778
1765234800,25713,25738.5,25560,25676.5,0,1,,0,0,0,0,0,0,0,0,0,0,0,0,0,0,0,1201427
1765321200,25681,25869.75,25528.25,25800.25,0,,1,0,0,0,0,0,0,0,0,0,0,0,0,0,0,0,1702452
1765407600,25777.75,25862.5,25382,25835,0,1,,0,0,0,0,0,0,0,0,0,0,0,0,0,0,0,1951454
1765494000,25719.5,25733.75,25117.75,25203,0,1,,0,0,0,0,0,0,0,0,0,0,0,0,0,0,0,2196739
1765753200,25214.5,25410,25034.5,25102.5,0,1,,0,0,0,0,0,0,0,0,0,0,0,0,0,0,0,916589
1765839600,25356,25444,25073.75,25321.5,0,1,,0,0,0,0,0,0,0,0,0,0,0,0,0,0,0,1713149
1765926000,25333,25508,24887.75,24951.75,0,,1,0,0,0,0,0,0,0,0,0,0,0,0,0,0,0,1815939
1766012400,24980,25417,24901.25,25219,1,,,0,0,1,0,0,0,0,0,0,0,0,0,0,0,0,1888275
1766098800,25237.5,25601,25209,25598.25,0,1,,0,0,0,0,0,0,0,0,0,0,0,0,0,0,0,1365859
1766358000,25635,25795,25629.5,25700.5,0,1,,0,0,0,0,0,0,0,0,0,0,0,0,0,0,0,1049079
1766444400,25701.25,25822.25,25608.5,25811.5,0,,1,0,0,0,0,0,0,0,0,0,0,0,0,0,0,0,901913
1766530800,25812,25892.25,25777.5,25861.75,0,1,,0,0,0,0,0,0,0,0,0,0,0,0,0,0,0,425607
1766703600,25870,25935,25834.25,25857,0,1,,0,0,0,0,0,0,0,0,0,0,0,0,0,0,0,656010
1766962800,25869,25893.5,25647.75,25744.5,0,1,,0,0,0,0,0,0,0,0,0,0,0,0,0,0,0,1110632
1767049200,25747.5,25794,25668.25,25676.5,1,,,0,0,0,0,0,0,0,1,0,0,0,0,0,0,0,899902
1767135600,25678.25,25718.25,25426.5,25434.5,0,1,,0,0,0,0,0,0,0,0,0,0,0,0,0,0,0,1010770
1767308400,25460,25803.5,25265.25,25393.75,0,,1,0,0,0,0,0,0,0,0,0,0,0,0,0,0,0,1683007
1767567600,25430,25708,25406,25578.5,1,,,0,0,1,0,0,0,0,0,0,0,0,0,0,0,0,1366657
1767654000,25581,25837.75,25527,25831.25,0,1,,0,0,0,0,0,0,0,0,0,0,0,0,0,0,0,1369044
1767740400,25834.5,25998,25727,25836.5,0,1,,0,0,0,0,0,0,0,0,0,0,0,1,0,0,0,1384630
1767826800,25839.25,25850.25,25569.5,25711.5,0,1,,0,0,0,0,0,1,0,0,0,0,0,0,0,0,0,1641094
1767913200,25720.5,25986,25615.75,25931.5,0,1,,0,0,0,0,0,0,0,0,0,0,0,0,0,0,0,1603394
1768172400,25946.5,26020.5,25632.75,25942.25,0,1,,0,0,0,0,0,0,0,0,0,0,0,0,0,0,0,1367059
1768258800,25948,26046.25,25803.25,25898.25,0,1,,0,0,0,0,0,0,0,0,0,0,0,0,0,0,0,1820023
1768345200,25900,25926,25421.25,25610.5,0,1,,0,0,0,0,0,1,0,0,0,0,0,0,0,0,0,2143334
1768431600,25597.25,25954.25,25562.5,25705.75,0,1,,0,0,0,0,0,0,0,0,0,0,0,0,0,0,0,1813787
1768518000,25720,25891.25,25590.25,25681.75,1,,,0,0,0,0,0,0,1,0,0,0,0,0,0,0,0,1531448
1768777200,25556,25559,25095.25,25143.25,0,1,,0,0,0,0,0,0,0,0,0,0,0,0,0,0,0,3184431
1768950000,25147,25653.25,25026,25509,0,,1,0,0,0,0,0,0,0,0,0,0,0,0,0,0,0,2702002
1769036400,25529,25739.75,25483.25,25630,0,1,,0,0,0,0,0,0,0,0,0,0,0,0,0,0,0,1737345
1769122800,25609.75,25845.5,25540,25679,0,1,,0,0,0,0,0,0,0,0,0,0,0,0,0,0,0,1714161
1769382000,25590.25,25932.75,25399.5,25861.75,0,,1,0,0,0,0,0,0,0,0,0,0,0,0,0,0,0,1519899
1769468400,25857.25,26119,25839.75,26109.5,0,1,,0,0,0,0,0,0,0,0,0,0,0,0,0,0,0,1274636
1769554800,26112,26349,25996.25,26268.5,0,1,,0,0,0,0,0,0,0,0,0,0,0,1,0,0,0,1659482
1769641200,26278,26294.5,25536,25982.5,0,1,,0,0,0,0,0,0,0,0,0,0,0,0,0,0,0,2448955
1769727600,25994.5,26019,25568.75,25638.75,1,,,0,0,0,0,0,0,0,0,0,0,0,0,0,0,0,2636811
1769986800,25530,25949,25180.25,25873,0,1,,0,0,0,0,0,0,0,0,0,0,0,0,0,0,0,2006621
1770073200,25873.25,26027.75,25218,25421.5,0,1,,0,0,0,0,0,0,0,0,0,0,0,0,0,0,0,2612137
1770159600,25390.25,25514.5,24784,25118.25,0,1,,0,0,0,0,0,0,0,0,0,0,0,0,0,0,0,2640891
1770246000,25067.25,25169.25,24407,24425.75,0,1,,0,0,0,0,0,0,0,0,0,0,0,0,0,0,0,2643618
1770332400,24410,25221.5,24240.5,25107.75,0,,1,0,0,0,0,0,0,0,0,0,0,0,0,0,0,0,2139926
1770591600,25150.25,25429,24955.5,25361.5,0,1,,0,0,0,0,0,0,0,0,0,0,0,0,0,0,0,1672804
1770678000,25361.25,25447,25197.5,25257.75,0,1,,0,0,0,0,0,0,0,0,0,0,0,0,0,0,0,1927991
1770764400,25254,25465.5,25058,25277.75,0,,1,0,0,0,0,0,0,0,0,0,0,0,0,0,0,0,2197224
1770850800,25281.75,25420,24721.5,24822,0,1,,0,0,0,0,0,0,0,0,0,0,0,0,0,0,0,2462115
1770937200,24838.75,24995.5,24578.75,24772.75,0,1,,0,0,0,0,0,0,0,0,0,0,0,0,0,0,0,2524741
1771196400,24789.25,24922.25,24449.25,24770.25,0,1,,0,0,0,0,0,1,0,0,0,0,0,0,0,0,0,3058438
1771369200,24786,25128.5,24702,24937,0,1,,0,0,0,0,0,0,0,0,0,0,0,0,0,0,0,1828804
1771455600,24940.25,25054.25,24748,24836.25,1,,,0,0,0,0,0,0,0,0,0,0,0,0,0,0,0,2096712
1771542000,24844,25139.75,24677,25078.5,0,,1,0,0,0,0,0,0,0,0,0,0,0,0,0,0,0,2194523
1771801200,25036,25059.25,24667.75,24787,0,1,,0,0,0,0,0,1,0,0,0,0,0,0,0,0,0,1987399
1771887600,24787,25080.75,24694,25017,0,1,,0,0,0,0,0,0,0,0,0,0,0,0,0,0,0,1786191
1771974000,25020.5,25495,24992.25,25460.75,0,1,,0,0,0,0,0,0,0,0,0,0,0,1,0,0,0,1417789
1772060400,25398.75,25418.5,24862,25028.75,0,1,,0,0,0,0,0,0,0,0,0,0,0,0,0,0,0,2203085
1772146800,25026,25098.75,24780,24952.5,0,1,,0,0,0,0,0,0,0,0,0,0,0,0,0,0,0,2133533
1772406000,24684.75,25100,24477,24997.5,0,,1,0,0,0,0,0,0,0,0,0,0,0,0,0,0,0,2361144
1772492400,25002.75,25011.25,24350.75,24711.5,0,1,,0,0,0,0,0,1,0,0,0,0,0,0,0,0,0,2854224
1772578800,24711.5,25217,24498.5,25137.75,0,1,,0,0,0,0,0,0,0,0,0,0,0,0,0,0,0,2207013
1772665200,25154.5,25243,24774,25010.5,0,1,,0,0,0,0,0,0,0,0,0,0,0,0,0,0,0,2530935
1772751600,25015.75,25141.5,24605,24660.75,0,1,,0,0,0,0,0,0,0,0,0,0,0,0,0,0,0,2678222
1773007200,24500,25055,23999,24958.25,0,1,,0,0,0,0,0,0,0,0,0,0,0,0,0,0,0,2646800
1773093600,24978,25217.75,24832.5,25008.75,0,1,,0,0,0,0,0,0,0,0,0,0,0,0,0,0,0,2339646
1773180000,25015,25180,24873.75,24947.5,1,,,0,0,0,0,0,0,1,0,0,0,0,0,0,0,0,1932042
1773266400,24940,24949.75,24517,24567.25,0,1,,0,0,0,0,0,0,0,0,0,0,0,0,0,0,0,2185306
1773352800,24565,24805,24333.75,24335.25,0,1,,0,0,0,0,0,0,0,0,0,0,0,0,0,0,0,2334187
1773612000,24287.75,24816.25,24270,24659.5,0,,1,0,0,0,0,0,0,0,0,0,0,0,0,0,0,0,996531
1773698400,24876,25114.5,24729,25027,0,1,,0,0,0,0,0,0,0,0,0,0,0,0,0,0,0,1340392
1773784800,25026,25210.75,24564,24606.25,0,,1,0,0,0,0,0,0,0,0,0,0,0,0,0,0,0,1645583
1773871200,24615,24725.25,24324.25,24617,0,1,,0,0,0,0,0,0,0,0,0,0,0,0,0,0,0,2322070
1773957600,24629.25,24660.75,23970.75,24217,0,1,,0,0,0,0,0,0,0,0,0,0,0,0,0,0,0,2029725
1774216800,23914,24763.5,23772.75,24400.25,0,,1,0,0,0,0,0,0,0,0,0,0,0,0,0,0,0,2361567
1774303200,24408.25,24547.75,24134.75,24403.5,1,,,0,0,0,0,0,0,0,0,0,0,0,0,1,0,0,2222602
1774389600,24422.5,24540,24287.25,24368.25,1,,,0,0,0,0,0,0,0,0,0,0,0,0,0,0,0,1982378
1774476000,24368.25,24421.25,23762,23821.25,0,1,,0,0,0,0,0,0,0,0,0,0,0,0,0,0,0,2157119
1774562400,23830,23975.75,23231,23255,0,1,,0,0,0,0,0,0,0,0,0,0,0,0,0,1,0,1927328
1774821600,23191.5,23580,23024.25,23106,0,1,,0,0,0,0,0,0,0,0,0,0,0,0,0,1,0,2036342
1774908000,23112,23974,22960.5,23904.75,0,,1,0,0,0,0,0,0,0,0,0,0,0,0,0,0,0,2523175
1774994400,23895,24349,23880.25,24188.25,0,1,,0,0,0,0,0,0,0,0,0,0,0,0,0,0,0,1979699
1775080800,24181.5,24267.75,23666.5,24219.75,0,1,,0,0,0,0,0,0,0,0,0,0,0,0,0,0,0,2289039
1775167200,24213.75,24255.5,24105.75,24132.25,1,,,0,0,0,0,0,0,0,0,0,0,0,0,0,0,0,220971
1775426400,24093.25,24453,23981,24349.75,0,,1,0,0,0,0,0,0,0,0,0,0,0,0,0,0,0,1759639
1775512800,24342,24451.5,23941.5,24397.75,0,1,,0,0,0,0,0,0,0,0,0,0,0,0,0,0,0,2458048
1775599200,24490,25257.25,24360,25038.75,0,1,,0,0,0,0,0,0,0,0,0,0,0,0,0,0,0,2283227
1775685600,25038.75,25273.25,24953,25242.25,0,1,,0,0,0,0,0,0,0,0,0,0,0,0,0,0,0,1754720
1775772000,25242.25,25393.5,25193.25,25333,0,1,,0,0,0,0,0,0,0,0,0,0,0,0,0,0,0,1522308
1776031200,25004.25,25590.25,24914.5,25585.25,0,,1,0,0,0,0,0,0,0,0,0,0,0,0,0,0,0,1739203
1776117600,25581,26005.25,25559.5,25990.75,0,1,,0,0,0,0,0,0,0,0,0,0,0,0,0,0,0,1499468
1776204000,25986.75,26377.25,25934.5,26360,0,1,,0,0,0,0,0,0,0,0,0,0,0,0,0,0,0,1610796
1776290400,26345.25,26562.75,26275.75,26464.75,0,1,,0,0,0,0,0,0,0,0,0,0,0,0,0,0,0,1878624
1776376800,26464.25,26883,26443.25,26842,0,1,,0,0,0,0,0,0,0,0,0,0,0,0,0,0,1,1902307
1776636000,26603.25,26826,26534.75,26774.25,1,,,0,0,0,0,0,0,0,0,0,0,0,0,0,0,1,1705525
1776722400,26776.5,26902,26551.75,26722,0,1,,0,0,0,0,0,0,0,0,0,0,0,0,0,0,0,2109366
1776808800,26735,27138,26728,27105.75,0,1,,0,0,0,0,0,0,0,0,0,0,0,0,0,0,0,1610299
1776895200,27080.75,27156,26680,26942.25,0,,1,0,0,0,0,0,0,0,0,0,0,0,0,0,0,0,2301810
1776981600,26990.75,27462.75,26990.75,27440.75,0,1,,0,0,0,0,0,0,0,0,0,0,0,0,0,0,0,1876032
1777240800,27404,27542,27298,27418.25,0,1,,0,0,0,0,0,0,0,0,0,0,0,1,0,0,0,1606346
1777327200,27425.75,27512.5,27006.25,27191,0,1,,0,0,0,0,0,0,0,0,0,0,0,0,0,0,0,2043543
1777413600,27196,27411,27089,27150.5,1,,,1,0,0,0,0,0,0,0,0,0,0,0,0,0,0,1758174
1777500000,27202.75,27624.5,27163,27597.25,0,1,,0,0,0,0,0,0,0,0,0,0,0,0,0,0,0,2308743
1777586400,27630,27917.5,27535,27782.75,0,1,,0,0,0,0,0,0,0,0,0,0,0,0,0,0,0,1718960
1777845600,27888,27966.5,27614.25,27743.5,0,1,,0,0,0,0,0,0,0,0,0,0,0,0,0,0,0,2018696
1777932000,27754,28247,27727.5,28208,0,1,,0,0,0,0,0,0,0,0,0,0,0,0,0,0,0,1458637
1778018400,28246.5,28800,28245.25,28713,0,1,,0,0,0,0,0,0,0,0,0,0,0,0,0,0,0,1971782
1778104800,28663.75,28945,28553.5,28643,0,1,,0,0,0,0,0,0,0,0,0,0,0,0,0,0,0,2328279
1778191200,28588,29383.25,28542,29335.5,0,,1,0,0,0,0,0,0,0,0,0,0,0,0,0,0,0,1736339
1778450400,29294.5,29480.5,29222.25,29398.75,0,1,,0,0,0,0,0,0,0,0,0,0,0,1,0,0,0,1952443
1778536800,29399.75,29456.5,28741.25,29133.5,0,1,,0,0,0,0,0,1,0,0,0,0,0,0,0,0,0,2347840
1778623200,29148,29565.25,29056.25,29537,0,1,,0,0,0,0,0,0,0,0,0,0,0,0,0,0,0,2058883
1778709600,29537,29783.75,29448.25,29689,0,1,,0,0,0,0,0,0,0,0,0,0,0,1,0,0,0,2228586
1778796000,29695.25,29733.5,29089.5,29172.75,0,1,,0,0,0,0,0,0,0,0,0,0,0,0,0,0,0,2834424
1779055200,29135.25,29419.75,28814.25,29075.25,0,1,,0,0,0,0,0,0,0,0,0,0,0,0,0,0,0,2781899
1779141600,29100,29190,28663,28899,0,1,,0,0,0,0,0,1,0,0,0,0,0,0,0,0,0,2699047
1779228000,28930,29397,28796,29278.25,0,1,,0,0,0,0,0,0,0,0,0,0,0,0,0,0,0,2443463
1779314400,29260,29553.75,29113,29455,0,1,,0,0,0,0,0,0,0,0,0,0,0,0,0,0,0,2544344
1779400800,29450,29747.75,29437.5,29520,0,1,,0,0,0,0,0,0,0,0,0,0,0,0,0,0,0,2008310
1779660000,29675.75,30119,29672,30043.5,0,1,,0,0,0,0,0,0,0,0,0,0,0,0,0,0,1,2666509
1779832800,30053.75,30380,29876,30125,0,1,,0,0,0,0,0,0,0,0,0,0,0,0,0,0,1,2396066
1779919200,30114,30342,29763.25,30313.5,0,1,,0,0,0,0,0,0,0,0,0,0,0,0,0,0,0,2151550
1780005600,30323,30535.75,30216.25,30386.75,0,1,,0,0,0,0,0,0,0,0,0,0,0,0,0,0,0,2310112
1780264800,30416.5,30692,30291,30523.75,0,1,,0,0,0,0,0,0,0,0,0,0,0,0,0,0,0,2173896
1780351200,30542.75,30763.5,30317.75,30743,0,1,,0,0,0,0,0,0,0,0,0,0,0,0,0,0,0,2024577
1780437600,30743,30807.75,30477.75,30494.25,0,1,,0,0,0,0,0,0,0,0,0,0,0,0,0,0,0,2621104
1780524000,30460.5,30603.25,30152.25,30400.25,0,1,,0,0,0,0,0,0,0,0,0,0,0,0,0,0,0,2769526
1780610400,30410,30423,28778.5,28828.25,0,1,,0,0,0,0,0,0,0,0,0,0,0,0,0,0,0,3853096
1780869600,28843.5,29743,28821,29436.75,1,,,0,0,0,0,0,0,0,0,0,0,0,0,0,0,0,3082400
1780956000,29436.75,29847,28227.25,29139.75,0,,1,0,0,0,0,0,0,0,0,0,0,0,0,0,0,0,4325108
1781042400,29102,29251,28410,28471.5,1,,,0,0,0,0,0,0,0,0,0,0,0,0,0,0,0,3684456
1781128800,28458,29542.25,28264.25,29432.25,0,,1,0,0,0,0,0,0,0,0,0,0,0,0,0,0,0,3672678
1781215200,29450,29759.25,29231.25,29677,0,1,,0,0,0,0,0,0,0,0,0,0,0,0,0,0,0,2526079
1781474400,30100,30918.5,30100,30831.25,0,1,,0,0,0,0,0,0,0,0,0,0,0,0,0,0,0,1734783
1781560800,30833,30975.5,30273.75,30300.25,0,1,,0,0,0,0,0,0,0,0,0,0,0,0,0,0,0,2786760
1781647200,30314,30584.25,29922,30140.75,0,1,,0,0,0,0,0,1,0,0,0,0,0,0,0,0,0,3087548
1781733600,30146,30783.25,30092.25,30726.5,0,1,,0,0,0,0,0,0,0,0,0,0,0,0,0,0,0,2585832
1781820000,30580.75,30967.75,30336.75,30662,0,1,,0,0,0,0,0,0,0,0,0,0,0,1,0,0,0,3687681
1782165600,30662,30699.75,29577.25,29750.25,0,1,,0,0,0,0,0,0,0,0,0,0,0,0,0,0,0,3543816
1782252000,29766.25,30158.75,29263,30099,0,1,,0,0,0,0,0,0,0,0,0,0,0,0,0,0,0,3617726
1782338400,30095.75,30264.25,29296.5,29760.5,0,1,,0,0,0,0,0,0,0,0,0,0,0,0,0,0,0,3710126
1782424800,29748,29893.75,29160,29290,0,1,,0,0,0,0,0,1,0,0,0,0,0,0,0,0,0,3305616
1782684000,29280.5,30069,29274,29995.5,0,1,,0,0,0,0,0,0,0,0,0,0,0,0,0,0,0,3164850
1782770400,30005.5,30600,29935.25,30501,0,1,,0,0,0,0,0,0,0,0,0,0,0,0,0,0,0,2411012
1782856800,30502.5,30555.75,30009.25,30064.5,1,,,0,0,0,0,0,0,1,0,0,0,0,0,0,0,0,2788525
1782943200,30084.75,30319.75,29328.5,29551.75,0,1,,0,0,0,0,0,0,0,0,0,0,0,0,0,0,0,3979892
1783029600,29566,30094,29522.5,29946.5,1,,,0,0,0,0,0,0,0,1,0,0,0,0,0,0,0,3262845
1783375200,29960,29974,29209.75,29419.5,0,1,,0,0,0,0,0,0,0,0,0,0,0,0,0,0,0,3230554
1783461600,29387,29558,28910.25,29390,0,1,,0,0,0,0,0,0,0,0,0,0,0,0,0,0,0,3388004
1783548000,29410,29993.25,29395,29930.75,0,1,,0,0,0,0,0,0,0,0,0,0,0,0,0,0,0,2609276
1783634400,29936.5,30076.75,29677.5,30069,0,1,,0,0,0,0,0,0,0,0,0,0,0,1,0,0,0,2394096
1783893600,29956.75,30042.5,29386.5,29430.75,0,1,,0,0,0,0,0,0,0,0,0,0,0,0,0,0,0,2907915
1783980000,29440,29922,29303.25,29794.75,0,1,,0,0,0,0,0,0,0,0,0,0,0,0,0,0,0,2726821
1784066400,29798,30062.5,29396.75,29708,0,1,,0,0,0,0,0,0,0,0,0,0,0,0,0,0,0,2864508
1784152800,29707.75,29796.5,29079,29178.5,0,1,,0,0,0,0,0,0,0,0,0,0,0,0,0,0,0,2799036
1784239200,29186.75,29220,28408.25,28768.75,0,1,,0,0,0,0,0,0,0,0,0,0,0,0,0,0,0,3381677
1784498400,28747.5,29192.5,28706.75,28777.75,1,,,0,0,0,0,0,0,0,0,0,0,0,0,0,0,0,2796448
1784584800,28783.25,29363.5,28700,29290,0,,1,0,0,0,0,0,0,0,0,0,0,0,0,0,0,0,2335858
1784671200,29309,29342.5,28961.25,29169,1,,,0,0,0,0,0,0,0,0,1,0,0,0,0,0,0,2334726
1784757600,29107.5,29283,28432.5,28740.75,0,1,,0,0,0,0,0,0,0,0,0,0,0,0,0,0,0,3112330
1784844000,28708,28734.75,28212.5,28306.75,0,1,,0,0,0,0,0,0,0,0,0,0,0,0,0,0,0,3082698
1785103200,28501.5,28763.75,27938.5,28210.25,0,,1,0,0,0,0,0,0,0,0,0,0,0,0,0,0,0,3152714
1785189600,28210.5,28229,27603.25,27959.75,0,1,,0,0,0,0,0,0,0,0,0,0,0,0,0,0,0,2811132
1785276000,27962.25,28177.25,27200,27259.75,0,1,,0,0,0,0,0,1,0,0,0,0,0,0,0,0,0,3386100
1785362400,27208,28410,27204.75,28333.5,0,1,,0,0,0,0,0,0,0,0,0,0,0,0,0,0,0,3032020
1785448800,28317.25,28725.75,28079.75,28284,0,1,,0,0,0,0,0,0,0,0,0,0,0,0,0,0,0,2828966
1785708000,28567.5,28965,28313,28929.25,0,1,,0,0,0,0,0,0,0,0,0,0,0,0,0,0,0,2377171
1785794400,28930,29956.5,28831.5,29819,0,1,,0,0,0,0,0,0,0,0,0,0,0,0,0,0,0,2629496
1785880800,29781.25,30073.25,29530.75,29594.75,0,1,,0,0,0,0,0,0,0,0,0,0,0,0,0,0,0,2669547
1785967200,29576,29686.25,29241,29504.5,0,1,,0,0,0,0,0,1,0,0,0,0,0,0,0,0,0,2853916
1786053600,29515,29867.25,29455,29841,0,1,,0,0,0,0,0,0,0,0,0,0,0,0,0,0,0,2447370
1786312800,29851.5,29985,29719,29763.75,0,1,,0,0,0,0,0,0,0,0,0,0,0,0,0,0,0,2219597
1786399200,29764.25,29887,29533.5,29647.25,0,1,,0,0,0,0,0,1,0,0,0,0,0,0,,0,0,2245217
1786485600,29663,30001.5,29625,29916,0,1,,,,,,,,,,,,,,,0,0,1675114