time,open,high,low,close
1557093600,7865,7865,7668.75,7741
1557180000,7745.25,7804,7581.5,7672
1557266400,7668.5,7697.75,7600.75,7641.5
1557352800,7640,7644.25,7481.25,7592.5
1557439200,7592,7653.5,7435.5,7610.25
1557698400,7601,7601,7304.75,7314.25
1557784800,7315.25,7459.5,7286,7426
1557871200,7427,7538.5,7353.75,7527.25
1557957600,7517,7641.25,7473.25,7603
1558044000,7598,7619.75,7506.5,7512
1558303200,7512.75,7559.5,7361.5,7405.5
1558389600,7406,7485.25,7400.75,7461.5
1558476000,7459.25,7474.75,7391,7425.75
1558562400,7427.75,7434.5,7268.25,7317
1558648800,7316.75,7379.5,7296.75,7312
1558908000,7314.75,7371.5,7280.75,7291.75
1559080800,7290.75,7296,7183.25,7214.25
1559167200,7211.75,7271.25,7208.75,7255
1559253600,7253.5,7256,7129.5,7136.25
1559512800,7114.75,7132.5,6940.5,7009.5
1559599200,7008.25,7187.25,6981.5,7187.25
1559685600,7188.25,7245.25,7150,7230.5
1559772000,7220.5,7299.5,7180.75,7265.25
1559858400,7265.5,7452.5,7258,7428.75
1560117600,7461.25,7578.25,7431.5,7519.5
1560204000,7516,7601,7492.5,7518.75
1560290400,7519,7531,7461,7476.5
1560376800,7477,7536,7421.5,7512
1560463200,7509.75,7521,7451.75,7484.25
1560722400,7483.75,7550.75,7480.75,7542
1560808800,7568.25,7721.75,7541.25,7671
1560895200,7667.25,7713.5,7630,7697.5
1560981600,7701.75,7820.75,7693.25,7764.75
1561068000,7765,7803.5,7725.75,7746.5
1561327200,7744,7794,7716.75,7755.5
1561413600,7754.75,7779.75,7609.5,7635
1561500000,7635.5,7719,7616,7642.5
1561586400,7642,7716.75,7642,7686.75
1561672800,7686.5,7726,7664.25,7724
1561932000,7750.25,7850.25,7750.25,7791
1562018400,7794.5,7843.25,7762.75,7840.75
1562104800,7842.5,7893,7824.75,7887.5
1562191200,7888.5,7909.25,7797,7854.75
1562536800,7855,7864.25,7777.75,7802
1562623200,7802,7858.75,7743.25,7847.75
1562709600,7847.5,7949.5,7811.5,7926.5
1562796000,7924.75,7963.25,7894.25,7918.75
1562882400,7915.75,7967.75,7912,7958
1563141600,7956.25,7992,7941.25,7984.25
1563228000,7983.25,8001.5,7924,7937.5
1563314400,7937.5,7966.5,7868.25,7869.25
1563400800,7868,7954.75,7833,7947.5
1563487200,7950,7980.5,7815,7819
1563746400,7826.75,7936.25,7825.5,7927.75
1563832800,7928,7985.75,7908.25,7941.5
1563919200,7945,8051.75,7925.75,8001.75
1564005600,8003.75,8034.25,7917.25,7982
1564092000,7991,8040.5,7987.75,8015
1564351200,8015.5,8031.75,7951.5,8005.75
1564437600,8002.25,8019.75,7928.25,7989
1564524000,7990.75,8001.75,7782,7839
1564610400,7835,8014.5,7777,7790.5
1564696800,7796.25,7805.5,7650,7708.25
1564956000,7706,7706,7359.75,7368.5
1565042400,7352,7548.75,7225,7517.5
1565128800,7514.5,7577.25,7387.75,7550.5
1565215200,7550.25,7738.5,7526.25,7728.75
1565301600,7714,7724,7596.75,7669.25
1565560800,7654,7709.75,7534.75,7571
1565647200,7569.25,7789.25,7513.75,7751
1565733600,7749.5,7767.5,7477.25,7477.5
1565820000,7477.25,7573.25,7388.5,7507
1565906400,7511.25,7632.25,7502.25,7612.75
1566165600,7615,7750.25,7613,7719.75
1566252000,7720,7752.5,7655.5,7657
1566338400,7657.5,7765.75,7651.5,7759
1566424800,7757,7782.25,7653.75,7707
1566511200,7704.25,7762,7448,7493.25
1566770400,7454,7626,7311.75,7588
1566856800,7590.5,7648.75,7536.75,7565
1566943200,7568.5,7605.75,7503.75,7580.5
1567029600,7583.25,7730.25,7548.5,7704.5
1567116000,7705.75,7770.25,7646,7676
1567375200,7644,7695.75,7581.5,7616.5
1567548000,7617.5,7729.75,7608.25,7723
1567634400,7720.25,7886.5,7717.75,7851.5
1567720800,7853.25,7895.5,7838.5,7865.75
1567980000,7858.25,7887.25,7798.5,7833.25
1568066400,7833,7857.75,7744.25,7818.5
1568152800,7818.25,7899.75,7786.5,7892
1568239200,7892,7982,7886.75,7910.75
1568325600,7915.75,7958.25,7881.25,7887.75
1568584800,7864.25,7873.25,7776.5,7864.75
1568671200,7886.75,7921.5,7850.5,7917
1568757600,7913.5,7929,7813.25,7922.25
1568844000,7922,7974,7852.75,7919.25
1568930400,7919.5,7952.25,7811.25,7832.5
1569189600,7834.5,7897,7807.75,7868.5
1569276000,7866.5,7904.25,7701.75,7738
1569362400,7735.25,7844.25,7663.75,7823.25
1569448800,7822,7842.5,7735,7785.75
1569535200,7787,7822,7640.75,7715.75
1569794400,7727.75,7788.75,7705.5,7785.25
1569880800,7781,7841.5,7691,7710
1569967200,7710.75,7730.5,7525.5,7554.5
1570053600,7559.5,7660,7474.75,7658.75
1570140000,7659.5,7773.75,7616.25,7767
1570399200,7733.25,7799.75,7698.75,7739
1570485600,7740,7784.5,7613.25,7623.5
1570572000,7622.5,7731.75,7605,7704.5
1570658400,7702,7798.25,7583,7785
1570744800,7783.25,7918.25,7767,7859
1571004000,7853.5,7894.5,7807,7859.5
1571090400,7858.75,7971.75,7858.75,7959.75
1571176800,7961.25,7961.25,7907.75,7953.75
1571263200,7954,7994.75,7922.75,7952.25
1571349600,7951.25,7958.25,7835.5,7884.5
1571608800,7875.75,7951.25,7865,7948
1571695200,7948.25,7988.5,7837.5,7842
1571781600,7850,7918,7810.5,7916.25
1571868000,7920,7985,7912.75,7927.5
1571954400,7929.5,8041.5,7918.25,8038.5
1572213600,8048,8126.75,8048,8110.75
1572300000,8106,8119,8050.5,8056
1572386400,8056.75,8142,8020.75,8117.5
1572472800,8127.25,8139,8046,8091.75
1572559200,8093,8167.75,8084.75,8163
1572822000,8164,8233.75,8164,8218.25
1572908400,8218.25,8248.25,8193.25,8212
1572994800,8209.25,8228,8161.25,8212.5
1573081200,8213.25,8282.25,8190.25,8231.75
1573167600,8230,8264.25,8190.25,8260
1573426800,8258.5,8262,8206.5,8252.75
1573513200,8250.25,8300,8228.75,8271
1573599600,8271.25,8281.75,8220,8270.25
1573686000,8265,8285.25,8216.5,8269.75
1573772400,8266.5,8323.75,8261.5,8323.75
1574031600,8319.5,8366,8279.25,8334.25
1574118000,8335.75,8379.75,8312.75,8334.75
1574204400,8334.5,8348,8230.75,8288.5
1574290800,8277.5,8307.75,8239.5,8278.5
1574377200,8279,8313.25,8233.25,8282
1574636400,8287.5,8379.75,8287.5,8374.25
1574722800,8372.5,8421,8366.5,8402.75
1574809200,8400.75,8458.75,8397.25,8456.75
1574895600,8455.25,8458,8406.25,8421.25
1575241200,8424,8456.75,8276,8309.75
1575327600,8308,8337.25,8168.5,8255.5
1575414000,8257.75,8319.5,8220.75,8297
1575500400,8295,8340,8273.25,8310.5
1575586800,8310,8409.25,8307.5,8403.25
1575846000,8401.5,8427.25,8346.25,8351
1575932400,8353.75,8398.25,8297,8368.5
1576018800,8365.25,8410.75,8345,8408.25
1576105200,8406,8497,8381,8472
1576191600,8480,8523,8436,8494
1576450800,8507.25,8588.25,8503,8578.75
1576537200,8606,8626.25,8592.75,8602.25
1576623600,8601,8641,8595.25,8624.75
1576710000,8624,8682.75,8608.5,8673.5
1576796400,8680,8724.75,8665.5,8710.25
1577055600,8710.25,8743.5,8705,8728.5
1577142000,8728,8736,8707.5,8729.5
1577314800,8730,8805.75,8726,8802.5
1577401200,8800,8843.25,8769.75,8778.75
1577660400,8780.5,8809.75,8691,8732
1577746800,8732,8772,8692.25,8771.5
1577919600,8773,8901.5,8769.25,8901.25
1578006000,8898,8907.75,8735.25,8810.25
1578265200,8784.5,8872.5,8723,8852.5
1578351600,8851.75,8894.5,8825,8844
1578438000,8843,8972.5,8678.25,8946.25
1578524400,8948.5,9022.25,8932.5,9008.5
1578610800,9008.5,9055.25,8966.5,8978.25
1578870000,8978.75,9096.5,8978.75,9089.75
1578956400,9088.5,9114.75,9035,9063
1579042800,9062.5,9096,9023,9061.75
1579129200,9060.5,9140.25,9060.5,9138
1579215600,9136.5,9189.25,9130,9171.25
1579474800,9173.75,9199.75,9114.5,9175
1579647600,9179,9254,9174.5,9187.5
1579734000,9189.25,9253.75,9151.75,9251.25
1579820400,9251,9287.5,9109.75,9137.25
1580079600,9098.25,9098.25,8926,8960.25
1580166000,8954,9136,8952.5,9124
1580252400,9120.75,9158.75,9072.25,9105.75
1580338800,9110.5,9240,9003.75,9237.5
1580425200,9226.5,9249,8965,9012.5
1580684400,8983.75,9155.75,8975,9105.75
1580770800,9100.25,9369,9073.25,9361.25
1580857200,9355.5,9464.25,9318.25,9388.5
1580943600,9392,9463.5,9363,9463.25
1581030000,9464.5,9477,9385,9400
1581289200,9401.25,9531.75,9330.75,9526.75
1581375600,9523,9609.5,9501.5,9532.5
1581462000,9536,9628,9524.25,9623.25
1581548400,9621.25,9644.75,9511.25,9625.5
1581634800,9625.25,9659.25,9588.25,9630.75
1581894000,9632,9687.25,9534,9640.5
1582066800,9642.5,9748.75,9640.5,9733.75
1582153200,9740,9763,9516.25,9618.25
1582239600,9618.25,9623.5,9411.5,9456.25
1582498800,9365.75,9365.75,9041,9096.75
1582585200,9092.75,9224.5,8810,8873.5
1582671600,8867.5,9037.75,8709.25,8822.5
1582758000,8817.5,8878.25,8334,8346.75
1582844400,8353.75,8575,8124.25,8547.5
1583103600,8376.25,8883,8248.5,8819.5
1583190000,8830.25,9003,8510.75,8559.75
1583276400,8559,8950,8507.25,8889
1583362800,8889.75,8899.75,8610.75,8674
1583449200,8675.5,8726,8312,8503.75
1583704800,8418.25,8418.25,7801,7913.25
1583791200,7894.5,8380,7815.5,8356.5
1583877600,8324.25,8334.5,7892.75,8005.5
1583964000,7999,8108.25,7131.75,7161.75
1584050400,7167.75,7980,6942.5,7821
1584309600,7900.5,7902.25,6926.75,7056.75
1584396000,7054,7537,6931.25,7351.25
1584482400,7343.5,7379.75,6810,7240.25
1584568800,7235.5,7502,6874.75,7185
1584655200,7183,7629,6890.5,6929.5
1584914400,6852.75,7319.25,6628.75,6972.75
1585000800,7005.25,7572.75,7005.25,7557.25
1585087200,7550.75,7762.25,7372.5,7478
1585173600,7486,7893.5,7310,7863.75
1585260000,7875.5,7900.25,7551,7559.25
1585519200,7446.25,7884.75,7391.25,7855
1585605600,7855.25,7995,7747.25,7780.5
1585692000,7771.75,7778.75,7403.75,7463.25
1585778400,7473,7656.5,7375.5,7622.25
1585864800,7624.5,7660.5,7423.5,7524
1586124000,7531,8099,7531,8037.25
1586210400,8034.25,8303.75,7947.75,8000.25
1586296800,8012.75,8242,7953,8201.25
1586383200,8193.75,8327,8102,8239.75
1586728800,8276,8337.75,8075,8336.5
1586815200,8335.75,8708.5,8319,8703.5
1586901600,8705.75,8706,8486.5,8579
1586988000,8577.75,8842.75,8500.5,8836.5
1587074400,8879.75,8967.75,8689,8808
1587333600,8800.75,8846,8686.25,8715
1587420000,8698.25,8763,8342,8437
1587506400,8444.75,8699.25,8399.5,8632.25
1587592800,8634.25,8787,8582.25,8601.5
1587679200,8587,8804,8498,8767.25
1587938400,8766.75,8898,8728.75,8816.75
1588024800,8818.5,8946,8654.25,8699.25
1588111200,8757.75,9119.25,8733.5,9118.5
1588197600,9109.75,9144.75,8856,8870.25
1588284000,8847.25,8878.5,8671.75,8702
1588543200,8654.25,8827.5,8556.75,8808.5
1588629600,8805.5,9019.75,8796.75,8933
1588716000,8930,9056.5,8877.75,8946.25
1588802400,8949.75,9126,8930,9118
1588888800,9115,9238,9102.75,9221.25
1589148000,9199,9338.75,9118.75,9280.25
1589234400,9281.25,9345.75,9040.25,9043.25
1589320800,9047.75,9202.5,8878.25,9012.75
1589407200,9011.5,9105,8846.5,9088.25
1589493600,9085.75,9148.75,8925.25,9119.75
1589752800,9121.5,9361.5,9110,9318
1589839200,9317,9417.25,9283,9294.25
1589925600,9291,9497.75,9273.25,9494
1590012000,9496.25,9510.5,9352.25,9359.25
1590098400,9361,9422.75,9241.25,9422.75
1590357600,9404.5,9604,9373,9412.5
1590530400,9409.75,9508,9173.25,9442.5
1590616800,9437,9565.5,9320.5,9460.25
1590703200,9454.75,9590.5,9372,9589
1590962400,9541,9606,9450,9594.25
1591048800,9589,9669.75,9505,9658.25
1591135200,9657,9728.25,9635.25,9689.5
1591221600,9684,9742.5,9572.5,9643.5
1591308000,9642.25,9846.75,9602,9807.5
1591567200,9819,9901,9746.75,9884.25
1591653600,9887.25,10007.5,9811.5,9961.75
1591740000,9960,10155.5,9957.5,10088
1591826400,10086.25,10107,9584.5,9618.25
1591912800,9618,9849,9495,9642.25
1592172000,9540.25,9817,9381,9813.5
1592258400,9800.5,10002.25,9786,9959.25
1592344800,9951,10047.5,9915,9986.5
1592431200,9983,10029.25,9867,9986.5
1592517600,9985,10112.5,9912.75,9924.5
1592776800,9884.5,10134.5,9841.25,10120.5
1592863200,10120.5,10296,9972.5,10177.5
1592949600,10183.5,10241.75,9927.25,10015.5
1593036000,10005.75,10107.25,9885.5,10097
1593122400,10088,10120.5,9824,9844
1593381600,9796.5,9997.25,9729,9986
1593468000,9984,10171.5,9940,10138.5
1593554400,10141,10309,10075.75,10255.5
1593640800,10256.25,10422.5,10247.75,10350.25
1593727200,10334,10614.25,10334,10598.25
1594072800,10599,10694.5,10506,10527
1594159200,10527.75,10673.25,10505.25,10671.5
1594245600,10674,10774.25,10560.25,10723.75
1594332000,10727.5,10847.25,10625.5,10842.75
1594591200,10847.5,11058.25,10562,10601.5
1594677600,10601.25,10693,10358.75,10642.5
1594764000,10686.5,10766.5,10551.5,10688.5
1594850400,10692.75,10698.5,10475.5,10535
1594936800,10534,10669,10523.5,10623.5
1595196000,10622,10964,10545.5,10947.25
1595282400,10952.25,11057.75,10784.75,10845.75
1595368800,10850.5,10916.25,10761.75,10844.5
1595455200,10849.75,10938.5,10514.5,10564.75
1595541600,10566.25,10597.75,10301.25,10463
1595800800,10488.25,10684.25,10400.5,10682.75
1595887200,10683,10758.5,10513.75,10548.5
1595973600,10557.75,10699.75,10512,10699.5
1596060000,10699.5,10896.5,10502.75,10891.75
1596146400,10905,10939.25,10691,10915.5
1596405600,10928.75,11073,10876.25,11052
1596492000,11052.5,11094.75,10982.75,11078.5
1596578400,11079.25,11143.5,11055.75,11096.25
1596664800,11093.5,11271.5,11051.5,11259
1596751200,11260.25,11283.25,11035.25,11131
1597010400,11140,11159.25,10928.5,11080
1597096800,11072.5,11157.5,10845.25,10910.25
1597183200,10923.25,11184.5,10878.25,11117.5
1597269600,11115.75,11265.75,11094.25,11181.75
1597356000,11181,11237.25,11096,11145.75
1597615200,11145.25,11300.5,11145,11287.25
1597701600,11285.25,11415,11268.5,11414
1597788000,11413.5,11444.75,11298.75,11321.5
1597874400,11327.5,11496.5,11221.5,11481.25
1597960800,11479,11573.5,11407,11563
1598220000,11580,11722.5,11528.25,11633
1598306400,11634.75,11744.25,11574.75,11735.75
1598392800,11739.25,12002,11726.5,11984
1598479200,11983.75,12046.25,11834.5,11945.5
1598565600,11951.75,12018,11920.25,12003.75
1598824800,12003,12165,11988.25,12106.5
1598911200,12109,12330,12093,12329.25
1598997600,12326.75,12466,12172.25,12406.5
1599084000,12408.25,12438.5,11658.25,11801
1599170400,11748.75,11843.25,11141.25,11540.5
1599429600,11531.5,11585.5,11041.5,11044
1599602400,11014.25,11478.75,10935,11370.25
1599688800,11374.75,11567,11087.75,11174.75
1599775200,11187.25,11356.75,10937.5,11073
1600034400,11094.75,11362.25,11094.75,11273
1600120800,11262.5,11481.5,11233.5,11447.75
1600207200,11450.25,11536.75,11223.25,11251
1600293600,11257,11289.5,10903.5,11066
1600380000,11069,11162.5,10742,10938
1600639200,10927,11010,10656.75,10985
1600725600,10972.75,11192.25,10897.25,11152.75
1600812000,11160.25,11222.5,10786,10819
1600898400,10803.25,11011.75,10657.75,10908.75
1600984800,10910.75,11169,10813.75,11135.75
1601244000,11140,11404.5,11136,11395.75
1601330400,11388.5,11449,11289.75,11319.75
1601416800,11321.25,11525.25,11167.5,11357.75
1601503200,11372.25,11598.75,11372.25,11572.75
1601589600,11567.75,11604.75,11205,11254.25
1601848800,11285.25,11496.75,11268,11468.75
1601935200,11475,11524.25,11197.5,11208.25
1602021600,11217.25,11507.5,11208.5,11475
1602108000,11474.5,11578.25,11470,11561
1602194400,11561,11740,11553,11724.25
1602453600,11728.75,12197,11691.75,12089.25
1602540000,12098.75,12249,12018,12080
1602626400,12080,12177.75,11901.75,11943.25
1602712800,11951,11983.75,11737,11882.75
1602799200,11891.25,12021.75,11792.25,11793.25
1603058400,11815.75,11950.75,11592,11693.5
1603144800,11697.75,11792,11598.75,11652.5
1603231200,11673,11779.25,11581.25,11688
1603317600,11686.25,11723.75,11511,11657.25
1603404000,11666.75,11691.5,11550.5,11669.5
1603663200,11650.25,11695.75,11343.25,11497.75
1603749600,11497.5,11623,11478,11554
1603836000,11560.75,11566.5,11124,11177.5
1603922400,11181.75,11457.75,11145,11245
1604008800,11218.5,11281.25,10944.25,11087.25
1604271600,11039,11212,10942.25,11074.5
1604358000,11075.25,11347.25,11065,11246.5
1604444400,11256.5,11845.25,11230,11814.25
1604530800,11817.75,12118.5,11771.25,12091.75
1604617200,12087.75,12109,11869.5,12095.5
1604876400,12134.75,12408,11812.75,11845.25
1604962800,11863.25,11901.25,11503,11625.75
1605049200,11634.75,11919.5,11575,11898.75
1605135600,11899.75,11975,11775.75,11862.5
1605222000,11861.25,11952.75,11801.75,11947
1605481200,11953.5,12065.25,11853.25,12040
1605567600,12060.25,12093,11954.25,11969.25
1605654000,11973,12027.75,11862.5,11874.25
1605740400,11876.75,12000,11804.5,11965
1605826800,11960.25,12021.5,11873.25,11912
1606086000,11907.75,12001.75,11808.25,11916.25
1606172400,11915,12105.25,11872.5,12101.75
1606258800,12099,12177.75,12078.5,12168.25
1606345200,12168.25,12307.75,12126.5,12274.5
1606690800,12286.25,12336.75,12085.75,12319.75
1606777200,12327.5,12512.5,12312,12458.25
1606863600,12458.25,12475,12313.75,12462.75
1606950000,12471.75,12540.25,12443.5,12488
1607036400,12488,12535.5,12448.5,12511
1607295600,12523.75,12612.25,12475,12571.75
1607382000,12572.25,12652.25,12502.5,12648
1607468400,12657.5,12674.75,12306.5,12351.75
1607554800,12344,12449,12218,12390.5
1607641200,12393.75,12414.5,12234.25,12368.25
1607900400,12392.75,12549.25,12386.5,12464.5
1607986800,12476,12609,12423.5,12598
1608073200,12600.75,12704.75,12571.25,12678.5
1608159600,12682,12766.75,12672,12754
1608246000,12748.25,12789.25,12610,12749
1608505200,12756,12783.5,12461,12691
1608591600,12697.5,12760,12593.75,12706.25
1608678000,12706,12739,12621.5,12656.75
1608764400,12660,12724,12631.5,12704.75
1609110000,12677,12855.75,12651.75,12842
1609196400,12843,12918.25,12807.75,12858
1609282800,12860,12909.75,12820.5,12842
1609369200,12840,12895.5,12796.25,12885
1609714800,12888.25,12960,12522,12688.75
1609801200,12684.5,12808.5,12611.75,12804.5
1609887600,12801.25,12844.5,12491.25,12658.25
1609974000,12659.25,12958.75,12646.25,12925.25
1610060400,12927,13125.25,12919.25,13125.25
1610319600,13098.75,13105.5,12872,12905.25
1610406000,12915,12959,12767,12883
1610492400,12885.75,13003,12820.5,12975.25
1610578800,12975.25,13028.75,12880.75,12900
1610665200,12908,12930.75,12743.25,12764.5
1610924400,12774,13031.75,12727,13031
1611097200,13029.75,13327.25,13018,13290.25
1611183600,13290.25,13423.75,13283,13396.5
1611270000,13394.75,13400.5,13300,13352.5
1611529200,13366,13555,13189,13463.25
1611615600,13460.25,13599.75,13380.75,13553.5
1611702000,13553,13586.75,12882.5,13058.75
1611788400,13053.75,13394,12906.25,13152.75
1611874800,13159.25,13187.25,12830,12871.5
1612134000,12850,13271.75,12726.75,13234.75
1612220400,13232.75,13509,13230,13499.75
1612306800,13503.75,13584.25,13387,13415.25
1612393200,13427.5,13572,13345.75,13563.75
1612479600,13563,13638.5,13519.25,13603.75
1612738800,13620.75,13692.5,13596,13685
1612825200,13685,13735.25,13634,13696.25
1612911600,13698.75,13769.25,13517.25,13666
1612998000,13667.25,13744,13613.5,13710.5
1613084400,13710.25,13822.5,13646,13821.75
1613343600,13829,13900.75,13715.75,13754.25
1613516400,13757.75,13785.5,13543,13699
1613602800,13699,13724.75,13468.75,13640.25
1613689200,13638.5,13729,13534.25,13572
1613948400,13584.5,13629,13215,13221
1614034800,13226.5,13335.75,12757.5,13158.25
1614121200,13171.5,13333,12958,13314.75
1614207600,13308.25,13354.25,12764,12789.5
1614294000,12800.5,13089.75,12663.25,12912
1614553200,12955.75,13318,12946.75,13312.5
1614639600,13311.75,13328,13048,13055
1614726000,13061,13191,12662.5,12678.75
1614812400,12682.75,12797,12306.25,12431.75
1614898800,12437,12697.75,12207.5,12659.25
1615158000,12714,12761.25,12283.75,12332
1615244400,12346.5,12867.25,12325.5,12788.75
1615330800,12811.5,12993,12704.25,12789
1615417200,12794.5,13119.5,12724.25,13044.25
1615503600,13051.75,13095,12767.75,12934.25
1615759200,12939,13099,12872.75,13085.25
1615845600,13071.25,13287.25,13047.75,13155.75
1615932000,13159.25,13271,12934.25,13170.5
1616018400,13187.5,13266.75,12762,12789.75
1616104800,12795,12898,12681.75,12825.75
1616364000,12820.75,13157,12789.5,13064.25
1616450400,13068.75,13172,12978.75,13030.5
1616536800,13050,13145,12784.25,12797.5
1616623200,12804,12859.5,12609.75,12791.75
1616709600,12799.25,12988.5,12675.75,12961.25
1616968800,12967,13002.75,12807,12965.5
1617055200,12974.75,12984,12776.75,12890.5
1617141600,12891.75,13158.25,12858.5,13089
1617228000,13093.75,13333,13090,13327.5
1617573600,13344,13614.75,13304.25,13600
1617660000,13603,13654.25,13524.5,13584.5
1617746400,13580,13641.25,13513,13621.75
1617832800,13621.75,13789.75,13614.75,13788.25
1617919200,13787,13841,13648.5,13809
1618178400,13817.25,13832,13731.75,13823.25
1618264800,13825.5,13993.75,13772.5,13973.5
1618351200,13977,14029,13772.75,13828.5
1618437600,13827.5,14034.25,13789.5,13999.25
1618524000,13999.75,14059,13953,14022.25
1618783200,13989.25,14052.5,13821,13893.75
1618869600,13899.5,13933.75,13719,13735.25
1618956000,13742.25,13926.75,13700.25,13891
1619042400,13895.25,13944,13701.75,13763
1619128800,13757.25,13981.25,13738,13905.5
1619388000,13915,14038,13865.75,14022.75
1619474400,14023.25,14050,13912.75,13951
1619560800,13954,13993.5,13878,13968.75
1619647200,13970.75,14064,13818.25,13944
1619733600,13948,13957,13819.5,13865.75
1619992800,13879.25,13947.5,13771.5,13786.25
1620079200,13786.25,13792.5,13380.75,13521
1620165600,13526.75,13665.5,13462.5,13485
1620252000,13486,13611.75,13389,13605
1620338400,13605.75,13818,13588.25,13717.5
1620597600,13718.25,13751.75,13302.25,13310.25
1620684000,13316,13375.75,13065.5,13317.5
1620770400,13321.5,13352,12959.75,12964.5
1620856800,12968.5,13225,12914.75,13092.25
1620943200,13095.5,13426,13071,13400
1621202400,13380.5,13452.5,13182.5,13313.75
1621288800,13310,13433,13178,13187.75
1621375200,13182.25,13242.75,12954.25,13219.75
1621461600,13221,13524,13151.25,13488
1621548000,13493.25,13569.75,13395.5,13411.75
1621807200,13390,13686.25,13356.25,13652
1621893600,13654.5,13738.5,13606.5,13669.25
1621980000,13671,13728.25,13656,13704
1622066400,13703.75,13720.75,13620.25,13693.25
1622152800,13694.5,13763.25,13662.5,13684.5
1622412000,13698.75,13773,13592.75,13647.75
1622584800,13653,13712.5,13603,13678.25
1622671200,13678.5,13707,13462.25,13530.5
1622757600,13530,13784,13467.75,13764.25
1623016800,13772.25,13825.25,13691.5,13823.5
1623103200,13823.5,13916.75,13742,13811.75
1623189600,13813,13904,13803.5,13812
1623276000,13815.75,13976.5,13726.5,13973.25
1623362400,13974.5,13998.5,13931.75,13993.25
1623621600,13996.5,14133.5,13965,13994.25
1623708000,14110.5,14155.25,14000.5,14117.25
1623794400,14039.5,14095.5,13830,14021.75
1623880800,13940.75,14199.25,13842,14176.75
1623967200,14179.75,14205.75,14010,14018
1624226400,14022.25,14144,13958.75,14136.25
1624312800,14137,14279.25,14066.25,14268.75
1624399200,14273.5,14316.75,14231.75,14274.5
1624485600,14274.25,14422,14263,14359
1624572000,14364.75,14394.25,14313.25,14331.25
1624831200,14347.75,14519.5,14333.25,14502.75
1624917600,14506.75,14585,14468.75,14582.25
1625004000,14584,14599,14518,14555.75
1625090400,14558,14606.5,14470.75,14539.25
1625176800,14542.25,14728.75,14513.5,14700.5
1625436000,14702.25,14789.75,14625.25,14763
1625608800,14758.5,14883.75,14726.25,14809.25
1625695200,14811.75,14821.75,14540,14712.75
1625781600,14712.75,14832,14640.5,14814.5
1626040800,14823.75,14888.75,14785.25,14875
1626127200,14880,14994.5,14794.25,14864.25
1626213600,14868,14996,14841,14896.75
1626300000,14896.25,14962.5,14708.25,14776
1626386400,14778,14869.5,14657.25,14670.75
1626645600,14675.75,14683.25,14444.25,14592.25
1626732000,14593.5,14782.25,14516.75,14727.5
1626818400,14729.5,14841.75,14666.75,14837.75
1626904800,14838,14982.75,14823.25,14976.25
1626991200,14978.25,15117.5,14934.25,15093
1627250400,15098,15134.25,15038.75,15124.75
1627336800,15125,15131.5,14774.5,14884
1627423200,14876.25,15074.75,14866.5,14983.25
1627509600,14984.25,15084,14904.25,14913.25
1627596000,14910,14979.75,14811.5,14967.25
1627855200,14972.25,15056,14932.5,14960.5
1627941600,14963.75,15050,14848.75,15034.5
1628028000,15039,15108,14996.75,15081
1628114400,15081,15172.25,15069.5,15171.25
1628200800,15168,15170,15047.5,15092.75
1628460000,15091.25,15146,15003.5,15126
1628546400,15127.75,15157.25,14994.75,15047.75
1628632800,15045.25,15119,14963,15007.25
1628719200,15007.75,15090.5,14941,15077.25
1628805600,15077,15141.5,15055.25,15123.75
1629064800,15120,15139,14917,15134.5
1629151200,15133.75,15134.75,14897,14968.25
1629237600,14971,15037,14806.5,14837.5
1629324000,14840.75,14999,14711,14944.25
1629410400,14943,15100,14851.75,15095
1629669600,15092.25,15338,15087.5,15328.75
1629756000,15327.5,15384,15309.25,15362.25
1629842400,15361.25,15397,15333,15365.75
1629928800,15367,15368.5,15255.5,15287.25
1630015200,15286.5,15443.75,15265.5,15428
1630274400,15431.75,15617.75,15420,15607.25
1630360800,15603.75,15677.25,15514,15599.75
1630447200,15601.25,15698,15577.75,15611
1630533600,15609,15682.25,15551.25,15600.5
1630620000,15599.25,15677.5,15552,15653.5
1630879200,15653.75,15708.75,15607,15670.75
1631052000,15671,15691,15523.5,15609.25
1631138400,15610,15676.5,15545.75,15562.5
1631224800,15561.25,15667.5,15433.5,15443.5
1631484000,15449.75,15565,15350.5,15452.75
1631570400,15446,15523.75,15344.25,15389.25
1631656800,15392,15514.5,15308,15508.5
1631743200,15509.75,15533,15359,15496.75
1631829600,15499,15528.25,15276,15285
1632088800,15285,15338,14807.5,14991
1632175200,14991.25,15163.5,14963.75,14991.75
1632261600,14992.25,15227,14929.25,15179.25
1632348000,15177.75,15346.75,15174.5,15296
1632434400,15298.75,15334,15176.75,15317.25
1632693600,15318.75,15399.5,15084,15172.25
1632780000,15172.5,15192.25,14740.75,14767.25
1632866400,14770,14926.25,14711,14764.75
1632952800,14762,14884,14670,14691.75
1633039200,14700.5,14818,14537,14779.5
1633298400,14781,14835.75,14367.75,14488.5
1633384800,14488.5,14754.5,14410,14661.25
1633471200,14661.75,14770,14422.25,14766.75
1633557600,14767,15001.25,14765,14891
1633644000,14894,14998,14791,14804.5
1633903200,14810,14896.75,14676.75,14684.75
1633989600,14688.25,14783.25,14585.5,14598.25
1634076000,14595,14796,14590.25,14768
1634162400,14770,15071.5,14766.75,15066.25
1634248800,15064.5,15145,15020.75,15145
1634508000,15146.25,15300,15038.5,15289
1634594400,15290.25,15428.5,15269.5,15410.75
1634680800,15410.5,15446.75,15319.25,15357.25
1634767200,15358.25,15483.75,15300.75,15380
1634853600,15385.5,15463.75,15273.75,15324
1635112800,15325.5,15545.75,15296.5,15543.75
1635199200,15543.5,15701,15502.75,15526.25
1635285600,15523.25,15717.25,15507.25,15591.75
1635372000,15596,15777.75,15591.25,15668.5
1635458400,15677,15869,15595,15869
1635717600,15875,15914.75,15768.75,15888.5
1635804000,15891.25,15980.25,15849.5,15958.75
1635890400,15958.5,16146,15935,16131.5
1635976800,16130,16378.5,16128,16338
1636063200,16335.5,16448.5,16292.25,16343.25
1636326000,16300,16394.25,16265,16322.75
1636412400,16313.25,16391.75,16160,16197
1636498800,16202.25,16243,15897.75,15986.25
1636585200,15990.25,16113.5,15976,16036.75
1636671600,16042,16213.5,16001.75,16201.75
1636930800,16211,16276.5,16082.75,16196.25
1637017200,16199,16323.75,16142.5,16293.25
1637103600,16296.75,16398.75,16269.75,16322.25
1637190000,16322,16509,16303.75,16505.5
1637276400,16505.5,16628.5,16490,16588.25
1637535600,16599.75,16767.5,16364.75,16398.75
1637622000,16399.75,16418.75,16118.5,16298
1637708400,16299,16368.5,16102,16355
1637794800,16361,16435.75,15988,16044.75
1638140400,16046.25,16437.75,16037,16413.5
1638226800,16418.75,16456.5,16068.25,16237.25
1638313200,16235.75,16427.75,15826.5,15861
1638399600,15890.5,16066.5,15763.25,16016.5
1638486000,16019,16121.75,15538,15686
1638745200,15703.75,15897,15559.25,15850
1638831600,15849,16375,15825,16366.75
1638918000,16363.75,16436,16251.5,16382
1639004400,16380.75,16420,16120.25,16155.25
1639090800,16159,16336,16127.5,16318.25
1639350000,16321,16411.75,16064,16094.25
1639436400,16090,16133,15734.5,15929
1639522800,15925.75,16300,15740.25,16286
1639609200,16287.5,16457,15792.75,15879.25
1639695600,15878.25,15956.75,15651,15830
1639954800,15810,15851.75,15491.75,15674
1640041200,15679.25,15987,15605.25,15974.5
1640127600,15980.25,16183.25,15882.25,16179.5
1640214000,16181.5,16355.75,16145.25,16302.5
1640559600,16304.25,16580.75,16304.25,16570.25
1640646000,16569.25,16658.5,16453.25,16511.25
1640732400,16518.25,16564,16387.75,16480.25
1640818800,16487.5,16567.5,16411.25,16430.25
1640905200,16430.25,16464,16313.25,16333.5
1641164400,16355,16507.75,16291.5,16494.5
1641250800,16496.5,16564,16139.75,16261
1641337200,16265.75,16270,15751.75,15753.5
1641423600,15761.5,15895.75,15598.5,15792.75
1641510000,15800.75,15853.25,15510.25,15572.75
1641769200,15589.5,15668.75,15152.5,15616.75
1641855600,15616.75,15840,15474.5,15825.75
1641942000,15826.75,16009.5,15762.5,15895.25
1642028400,15901.5,15979.25,15458.25,15499.75
1642114800,15506,15620,15312.25,15619.75
1642374000,15616.75,15653.75,15170.75,15239.75
1642546800,15240,15372.25,15011,15035
1642633200,15042,15340.5,14646.75,14725.5
1642719600,14737,14858.5,14408.25,14412.5
1642978800,14409.75,14579.75,13706.25,14502.75
1643065200,14494.25,14499.25,13890,13921.5
1643151600,13945,14642.25,13943.75,14151.75
1643238000,14178.25,14409.75,13845.25,14114
1643324400,14142,14442.5,13830.75,14429.5
1643583600,14450,14914.5,14353.5,14867
1643670000,14865.75,15138,14729.25,15116.75
1643756400,15128.5,15261.5,14825.25,14863.25
1643842800,14857,14870,14456.5,14803.75
1643929200,14776.75,14825.75,14363.25,14645
1644188400,14674.5,14806.5,14511.25,14603.75
1644274800,14603,14775.75,14467.75,14746
1644361200,14744.75,15068,14740,15053.25
1644447600,15058.75,15061.5,14622,14696.25
1644534000,14700,14766.75,14181,14252.75
1644793200,14250.25,14394,14030.75,14259.25
1644879600,14250.25,14615,14223.25,14581.75
1644966000,14594,14668.5,14381,14593.5
1645052400,14593.25,14619.75,14133.5,14156
1645138800,14156,14299,13906,13993.75
1645398000,13953.25,14157,13592.25,13921
1645570800,13925.5,14069,13471.25,13484.75
1645657200,13484.75,13983.5,13025.75,13911
1645743600,13911,14198,13759.25,14191.25
1646002800,14005,14292.5,13691,14217.75
1646089200,14218,14327.5,13900,14028.25
1646175600,14026.5,14293.25,13912,14196.75
1646262000,14195.25,14391.25,13955,14059.75
1646348400,14065.25,14086,13733.5,13802.75
1646607600,13778.5,13879.75,13265,13270.5
1646694000,13282.5,13666.25,13105.25,13199.75
1646780400,13194.25,13822.5,13192,13772.25
1646866800,13774.25,13780,13396.25,13572.5
1646953200,13575.25,13861.5,13282,13306.75
1647208800,13330.75,13446.5,13013,13082
1647295200,13086.25,13486.75,12941.75,13443.25
1647381600,13442.75,14025.75,13417,13999.25
1647468000,13995,14132.5,13819,14050.5
1647554400,14052.75,14441.25,13967.25,14434.5
1647813600,14404.5,14466.75,14183.75,14394
1647900000,14389,14692,14292.5,14653
1647986400,14652.75,14682.75,14441.5,14463
1648072800,14463.5,14770,14433.25,14762.25
1648159200,14763,14841.25,14572.5,14752.5
1648418400,14755.25,14996.5,14658.75,14981.75
1648504800,14982.25,15269,14956.25,15222.25
1648591200,15220,15262.5,15012,15106
1648677600,15100,15181,14855.5,14917.25
1648764000,14921.5,14959.25,14725.5,14853.25
1649023200,14847.5,15174,14802,15159.25
1649109600,15160,15199.25,14780,14861.25
1649196000,14860.75,14864,14395.5,14497
1649282400,14492,14634,14318.25,14534.5
1649368800,14534.5,14642.5,14310.5,14328.25
1649628000,14334,14379.75,13984.5,14003.5
1649714400,14004.5,14284,13880,13953.75
1649800800,13954,14266.75,13921.5,14211
1649887200,14210.5,14296,13876,13894
1650232800,13894,14002.25,13729.25,13965
1650319200,13960.75,14240.75,13828,14094.25
1650405600,14099,14298,13958.25,14070.25
1650492000,14070.25,14283,13667.25,13715.5
1650578400,13719,13779,13295.75,13308
1650837600,13323.5,13550,13183.75,13528.75
1650924000,13528,13584.5,12803,12813.25
1651010400,12861.75,13255,12860,13171.25
1651096800,13188,13542.25,13033.5,13308.75
1651183200,13250,13433.5,12831.75,12892.5
1651442400,12892.5,13084.5,12709.5,13051.5
1651528800,13055.5,13184,12968,13116.5
1651615200,13120.25,13555.25,12882,13496.25
1651701600,13496.75,13547.75,12704,12898
1651788000,12890,12929.25,12519.25,12663.5
1652047200,12606.5,12636.75,12131.5,12204.25
1652133600,12205,12547.25,12101.75,12331.75
1652220000,12330.5,12553.75,11938.5,12011
1652306400,12003.25,12132.75,11689.25,11874.25
1652392800,11890.25,12432,11890,12363.5
1652652000,12410,12499,12189.75,12237.25
1652738400,12238,12578.75,12230,12574.25
1652824800,12574.25,12593.5,11863.25,11893.5
1652911200,11904.25,12077,11704.25,11899.5
1652997600,11899.25,12096.5,11491.25,11841
1653256800,11858.5,12075.5,11783.75,12054.75
1653343200,11934,11936,11576.25,11811.5
1653429600,11810.5,12033.25,11671,11885
1653516000,11882.25,12343.5,11848.5,12258.25
1653602400,12251.75,12723.75,12222,12723
1653861600,12705.5,12882.5,12480,12654
1654034400,12646.5,12823.25,12454.75,12546.75
1654120800,12549.25,12903.75,12442.25,12896
1654207200,12894.5,12945,12503,12550
1654466400,12548,12810.5,12527,12606.5
1654552800,12604.75,12740.5,12412,12680.75
1654639200,12683.75,12783.5,12579,12620.5
1654725600,12617.75,12726,12255.5,12297.25
1654812000,12298.25,12339.5,11822.75,11861.75
1655071200,11803.75,11803.75,11254.5,11331.25
1655157600,11367.75,11534.5,11236,11361.5
1655244000,11364,11794.25,11359.25,11626.75
1655330400,11651,11774,11068.75,11204.5
1655416800,11200,11396.25,11120.25,11321.5
1655676000,11331.25,11678.5,11274,11581.75
1655848800,11579,11746.5,11320.5,11544
1655935200,11543.5,11767.25,11460.5,11688
1656021600,11690,12149,11684.25,12132.75
1656280800,12140,12262.75,11994.25,12075
1656367200,12075,12174.25,11661.5,11680.75
1656453600,11680.75,11749,11564,11692.25
1656540000,11695,11697,11350.75,11510.25
1656626400,11511,11629.75,11381.75,11613.25
1656885600,11613,11817,11388.75,11812
1657058400,11813.75,11974,11728.25,11903
1657144800,11903.5,12168.75,11837.25,12119
1657231200,12115.75,12211,11952.75,12161.25
1657490400,12148.75,12155,11853,11901.5
1657576800,11900,12025.5,11712,11780
1657663200,11779.5,11998,11478,11733
1657749600,11730.5,11834.75,11511,11807.75
1657836000,11808,12021.75,11741,12019.5
1658095200,12040.75,12186.75,11857.75,11917.25
1658181600,11911.5,12328.75,11889.5,12319.75
1658268000,12333.25,12517.5,12236,12428
1658354400,12431.25,12655.5,12373.5,12573.5
1658440800,12560,12697,12344.5,12427
1658700000,12440,12498.75,12266.5,12325.5
1658786400,12318.5,12334,12070,12197.25
1658872800,12192.75,12690,12190.25,12582
1658959200,12582.75,12948,12449.25,12924.25
1659045600,12923.75,13012.5,12744.25,12974.5
1659304800,12980,13108.5,12851.25,12980
1659391200,12975.25,13097,12816.25,12921.5
1659477600,12921.5,13310.5,12867.25,13248
1659564000,13248,13356,13184.5,13327.5
1659650400,13322,13385,13085.5,13214.75
1659909600,13226,13419.5,13120.5,13212.5
1659996000,13210.75,13233.5,12963.25,13056
1660082400,13048.5,13408,12981.75,13381.25
1660168800,13380.25,13575.75,13284.75,13346.5
1660255200,13347.5,13583,13312.25,13580.5
1660514400,13572,13705.75,13495.75,13679
1660600800,13673.5,13740.5,13522.75,13662.75
1660687200,13663,13673.25,13406.25,13510.5
1660773600,13502.5,13575.5,13411.25,13539.25
1660860000,13534.75,13535,13227,13249.75
1661119200,13227.5,13229,12875.5,12933.25
1661205600,12935.5,13019,12823.5,12888.75
1661292000,12890.5,13012,12825.75,12955
1661378400,12945.25,13161.5,12925,13144.75
1661464800,13155.5,13220,12555.25,12558.25
1661724000,12484.25,12610,12401.5,12505
1661810400,12502,12659,12247.5,12359
1661896800,12360.5,12513,12276.25,12305.75
1661983200,12290,12300,12018.25,12291.75
1662069600,12300,12462,12040.5,12129.75
1662328800,12111.5,12244.75,11930,12019.5
1662501600,12019.25,12306.25,11922.25,12263.75
1662588000,12262.75,12379.5,12117,12346.25
1662674400,12346.25,12614.25,12329.25,12591.25
1662933600,12614.75,12774,12573.25,12771.5
1663020000,12865.5,12976.5,12082.25,12126.5
1663106400,12126.5,12252.75,12080.75,12249.5
1663192800,12239.75,12267.75,11937.5,11973
1663279200,11965,11966,11778,11958
1663538400,11920.5,12066.5,11792.25,12045.75
1663624800,12043.75,12092.5,11828.5,11948.75
1663711200,11948,12139,11647,11666.75
1663797600,11663.75,11795.75,11510,11565.75
1663884000,11580,11600,11228.75,11388
1664143200,11362.5,11537.75,11256.5,11315.5
1664229600,11316,11568,11233.5,11354.25
1664316000,11357.5,11612.5,11141.75,11539.25
1664402400,11540,11566.25,11091.5,11232.75
1664488800,11224.75,11357,11024.5,11056.5
1664748000,11028.75,11357.75,10890.5,11309.5
1664834400,11315,11676.25,11282.75,11644.75
1664920800,11632,11711,11368,11628.5
1665007200,11628.75,11730,11505.5,11505.75
1665093600,11498.25,11577,11043.25,11096.25
1665352800,11066.75,11136.5,10876.75,10993.5
1665439200,10989,11039.75,10767.25,10881
1665525600,10876.5,10976.75,10805.75,10853
1665612000,10855,11142.25,10484.5,11065.75
1665698400,11070,11253.75,10726.75,10748.75
1665957600,10720.5,11149,10705,11135
1666044000,11161.75,11431.75,11081.5,11324.25
1666130400,11323.75,11382.5,11050.25,11150.75
1666216800,11141.75,11329,11008,11060.5
1666303200,11062.75,11386.25,10937,11379.25
1666562400,11393.75,11530.75,11207.75,11459.75
1666648800,11459.75,11732.75,11430.5,11583.75
1666735200,11520,11703.5,11413.5,11473
1666821600,11423,11537.75,10924.5,11097
1666908000,11124.5,11627,11062,11626.75
1667167200,11593.5,11600,11367,11453.5
1667253600,11451.75,11619,11288.75,11320.25
1667340000,11319,11459.75,10908.25,10942.5
1667426400,10944.75,10995.75,10708,10728.25
1667512800,10724.5,10974.25,10636,10874.75
1667775600,10829.25,11038.5,10775.75,11014.5
1667862000,11014.5,11231.5,10928.25,11089
1667948400,11079,11164.75,10822,10843
1668034800,10841.75,11677,10809,11676
1668121200,11670,11876.75,11569.5,11835.25
1668380400,11796,11898.5,11702,11768.5
1668466800,11769,12118.5,11761.5,11893.5
1668553200,11889,11962.25,11706,11773
1668639600,11773.75,11828.25,11528,11746.5
1668726000,11746.5,11844,11606.5,11709.5
1668985200,11720,11755.25,11553.25,11589.75
1669071600,11587.75,11759.25,11525.5,11739.5
1669158000,11741,11892.75,11720.25,11877.75
1669244400,11878,11932.75,11766.25,11784
1669590000,11735.25,11788.25,11574.75,11623.75
1669676400,11625.5,11704.25,11465,11518.5
1669762800,11519.25,12077.75,11497.75,12074.75
1669849200,12074.75,12144.75,11943.75,12036.75
1669935600,12039,12068,11740.25,11979.75
1670194800,12000,12015,11745.25,11813
1670281200,11813,11846,11502,11566.75
1670367600,11568.5,11596,11423.25,11498.5
1670454000,11500,11685.5,11434.25,11636.75
1670540400,11638.75,11748,11516.5,11553
1670799600,11555,11717.25,11523,11698
1670886000,11820,12330,11797,11948.5
1670972400,11958,12069.5,11728.75,11887
1671058800,11889,11898.25,11404,11452
1671145200,11448,11491.5,11275.5,11319.25
1671404400,11327,11411,11131.5,11185.25
1671490800,11182.25,11247.25,11042.75,11192.5
1671577200,11201.5,11389.75,11181,11355.5
1671663600,11359.75,11384.25,10870.5,11043.75
1671750000,11053.5,11143.25,10915.75,11066.25
1672095600,11101.75,11184,10895.75,10911.75
1672182000,10918,10996.5,10758.25,10784.25
1672268400,10786.75,11071.5,10777.5,11029.5
1672354800,11032.75,11051.75,10855.5,11040.75
1672700400,11117,11181.75,10844.25,10942.5
1672786800,10941.75,11068,10863.25,10983.75
1672873200,10983.75,11046.25,10804.75,10836.75
1672959600,10837.75,11166,10751,11107.75
1673218800,11128.75,11385.5,11120.25,11184.75
1673305200,11181.25,11289.25,11094.25,11280.75
1673391600,11281.75,11479.5,11239.5,11475.25
1673478000,11471.75,11580,11288.5,11522
1673564400,11529.75,11619.25,11389.5,11601.25
1673823600,11612.5,11685,11510.25,11623.25
1673996400,11622,11759.5,11467.75,11482
1674082800,11470,11486.75,11308.5,11393.25
1674169200,11405.5,11686,11365.25,11676.25
1674428400,11677.75,11983,11650.25,11935
1674514800,11933,12010,11835.75,11972.75
1674601200,11973,11976.5,11604.5,11874.75
1674687600,11875,12113.25,11867.25,12059.75
1674774000,12050.25,12308,12016,12219.75
1675033200,12213.25,12252,11960,11989
1675119600,11984.25,12156,11871.25,12120
1675206000,12121.25,12525,12055,12506.75
1675292400,12514,12950,12501.25,12672
1675378800,12739.5,12877.75,12550.5,12616.75
1675638000,12578.25,12608.75,12456.5,12512.5
1675724400,12517,12818.75,12459.25,12740.75
1675810800,12746,12809,12512.5,12558.25
1675897200,12557.25,12729.5,12366,12450.25
1675983600,12445.75,12451.5,12243,12336.75
1676242800,12353.25,12567.75,12265,12545
1676329200,12547.75,12685.75,12390.5,12618.25
1676415600,12618.75,12756.75,12524.25,12749.75
1676502000,12743.75,12792.5,12455.25,12466
1676588400,12461,12464,12265.5,12383.5
1676847600,12383,12418,12091.5,12111.75
1677020400,12111.25,12190.75,12034.25,12164.75
1677106800,12175.5,12261,12028,12191.25
1677193200,12191.25,12214.25,11922.75,11999
1677452400,12002.25,12189.5,11987.75,12095.5
1677538800,12092,12173.75,12025.75,12040.75
1677625200,12042.75,12142,11925,11984.5
1677711600,11968.5,12096.25,11831.5,12051.75
1677798000,12050.75,12329.75,12012.25,12326.5
1678057200,12307.75,12485.75,12276,12321
1678143600,12322.5,12381.75,12142.25,12175
1678230000,12174.75,12254.5,12108.5,12237.75
1678316400,12223,12353.75,11977,12009
1678402800,12008.75,12112,11796.5,11885.25
1678658400,11888,12095.75,11677,11947
1678744800,12080.75,12356.5,12025,12336
1678831200,12328.5,12407,12093.25,12397
1678917600,12397.75,12734,12314,12711.5
1679004000,12710.25,12810,12569,12649.75
1679263200,12689.25,12750,12525.5,12701
1679349600,12698.75,12897.5,12676.25,12875.75
1679436000,12873.5,13081.75,12677.5,12699
1679522400,12698.25,13031.5,12695,12871.75
1679608800,12872,12925.25,12726,12924.25
1679868000,12916,12976.25,12765.75,12814.5
1679954400,12812,12833.5,12634.75,12749
1680040800,12747,12993,12742,12960.75
1680127200,12965,13112,12931.25,13089.25
1680213600,13080,13311.5,13056.5,13308.5
1680472800,13262.5,13278.75,13154.25,13261.75
1680559200,13261.75,13348.75,13168.75,13231.75
1680645600,13232,13247.25,13006,13071.75
1680732000,13075.25,13191.25,12952.5,13163.5
1680818400,13164.25,13190.5,13126,13170.75
1681077600,13178,13206.25,12967.5,13166
1681164000,13168.75,13209.25,13051.75,13081.25
1681250400,13076,13241,12938,12957.5
1681336800,12955,13228.5,12925.25,13180.75
1681423200,13181,13255,13056,13199.25
1681682400,13210,13218,13077,13181.25
1681768800,13185.75,13298.5,13138.25,13187.25
1681855200,13174,13227,13065,13167.75
1681941600,13166,13199.75,13022,13090.25
1682028000,13090,13121.75,12982.75,13075.25
1682287200,13071.25,13134,12967.25,13049.5
1682373600,13050.25,13059.75,12801,12918.5
1682460000,12929.75,13012.5,12863,12960.5
1682546400,12962,13331.5,12936,13262.75
1682632800,13220,13336.75,13168.75,13327
1682892000,13316.25,13367.25,13258.75,13288.75
1682978400,13288.5,13334.5,13111,13169.5
1683064800,13163.25,13310,13079.75,13088.75
1683151200,13067.75,13172,13001.75,13045.5
1683237600,13059,13358.75,13055.75,13310.5
1683496800,13315.5,13368,13254.5,13336
1683583200,13336,13347.25,13249.25,13261
1683669600,13261.5,13448,13202,13408.5
1683756000,13408.5,13472,13361.5,13445.25
1683842400,13444,13494.75,13310,13369.5
1684101600,13379.25,13479,13350,13464.25
1684188000,13466.75,13554.25,13426.25,13502.75
1684274400,13500.5,13669.25,13474,13641.75
1684360800,13641.5,13913.75,13628.25,13911.75
1684447200,13908.25,13960.5,13814.25,13841.5
1684706400,13813.75,13946.75,13794.25,13916
1684792800,13911.5,13977.25,13711,13733.25
1684879200,13732,13845.25,13566.75,13842
1684965600,13871.25,14031.5,13803,13982.25
1685052000,13981.75,14372.5,13924.75,14371.25
1685311200,14418.25,14570,14336.25,14402.75
1685484000,14398,14430,14252.5,14288.5
1685570400,14290,14528.25,14248,14497.5
1685656800,14494.5,14627.75,14470,14586.75
1685916000,14582.75,14695.25,14512.75,14583
1686002400,14582,14624,14505,14595
1686088800,14593.5,14675.5,14305.5,14316.25
1686175200,14318.75,14527,14257,14520.25
1686261600,14518.75,14688,14460.25,14563.25
1686520800,14561.5,14826.75,14553.75,14826.5
1686607200,15000.75,15151.75,14962.75,15108
1686693600,15108.25,15244,14976,15233.25
1686780000,15226,15441,15066.25,15368
1686866400,15366,15475.5,15258.75,15301.5
1687125600,15302.5,15321.75,15126.25,15245.5
1687298400,15247,15273,15002.5,15037.25
1687384800,15042,15238,14964,15233.5
1687471200,15236,15236.5,14984.75,15055.5
1687730400,15058.25,15152.25,14853.5,14873.25
1687816800,14874.75,15139.75,14862.5,15088.25
1687903200,15087,15218.75,15021.25,15156
1687989600,15160.5,15202.75,15028.5,15108
1688076000,15107,15376.5,15098.75,15317.5
1688335200,15331.5,15392,15307.5,15356.5
1688421600,15356.5,15431.75,15255.25,15354.5
1688594400,15355,15365.75,15112,15222.5
1688680800,15214,15359.75,15172,15191.75
1688940000,15195.75,15219.75,15063.5,15193.25
1689026400,15192.75,15279.75,15109,15262.5
1689112800,15260,15507.75,15253.25,15457.75
1689199200,15459.75,15741.25,15455.75,15700
1689285600,15699.5,15857.5,15658,15692.5
1689544800,15690.25,15886.75,15661,15826.5
1689631200,15827,16030,15733.5,15947.75
1689717600,15952,16062.5,15911,15940.25
1689804000,15925.75,15925.75,15547.5,15596.75
1689890400,15594,15719.5,15522.25,15555
1690149600,15555.75,15618.25,15484.5,15568.25
1690236000,15569.25,15736,15549,15725.5
1690322400,15725.25,15739.5,15515,15625.25
1690408800,15639.25,15904,15512.5,15584.5
1690495200,15584,15895.75,15546.5,15845.5
1690754400,15849.5,15916.5,15791.25,15869
1690840800,15867.5,15889,15728,15808.25
1690927200,15769.5,15790,15413.25,15452.75
1691013600,15452.5,15552.25,15339.25,15449
1691100000,15444,15610.25,15336.5,15365
1691359200,15369.75,15495.25,15334.5,15490.25
1691445600,15490.75,15498,15216.25,15351
1691532000,15351.5,15432.75,15145,15203.5
1691618400,15202.25,15441.75,15136,15217
1691704800,15218.75,15266.75,15037.25,15103.5
1691964000,15105,15282.25,15020,15279.75
1692050400,15281.75,15335,15076,15110
1692136800,15113,15165.5,14921.75,14938
1692223200,14942.5,15018,14738.75,14744.25
1692309600,14750,14802.75,14609.25,14744
1692568800,14763.25,15013.75,14720.5,14972.25
1692655200,14972,15118.5,14931,14963.25
1692741600,14964,15355.75,14955.25,15355
1692828000,15341.25,15417.75,14816.75,14832
1692914400,14838,15049,14752.75,14971.25
1693173600,14991.75,15126.75,14973.25,15098.5
1693260000,15096,15430,15050,15426
1693346400,15424.25,15524.5,15361.25,15512.5
1693432800,15512.5,15606.75,15458.5,15536.5
1693519200,15534.75,15661.25,15453.5,15512.25
1693778400,15517.75,15587,15418.5,15517.5
1693951200,15512.5,15532.75,15310.5,15387.5
1694037600,15388.75,15395.5,15157.5,15285.25
1694124000,15287,15390.5,15222.75,15314.75
1694383200,15308,15498,15297.75,15472.5
1694469600,15667,15680,15484,15505.25
1694556000,15503.75,15620,15406.25,15572.75
1694642400,15571,15714.75,15531,15677.5
1694728800,15677.5,15719.75,15356.75,15383.25
1694988000,15383.75,15460.75,15330.5,15424.5
1695074400,15424.5,15442.5,15248.5,15383.25
1695160800,15378.75,15436.5,15127.75,15131.5
1695247200,15133,15148,14838.5,14849.25
1695333600,14850,15027.25,14835.75,14877
1695592800,14879,14956,14782.5,14951
1695679200,14952.5,14952.5,14666.25,14725
1695765600,14726.5,14821.25,14587.25,14767.5
1695852000,14771,14948,14656.25,14876.25
1695938400,14877,15060.75,14811,14892
1696197600,14962.25,15046.25,14824.75,14993
1696284000,14992,15031,14651.5,14714.5
1696370400,14715,14955.75,14589.25,14902.75
1696456800,14904.25,14958.75,14716,14860
1696543200,14856,15160.5,14660.25,15141.5
1696802400,15076,15212.75,14949.25,15195.25
1696888800,15199,15383.5,15173,15282.75
1696975200,15278.75,15417.5,15253,15410.75
1697061600,15408.25,15469.5,15216.25,15323.75
1697148000,15326,15367,15062,15106.75
1697407200,15119.75,15338,15083,15304
1697493600,15304.75,15309.25,15050,15242.25
1697580000,15243,15243,14979,15062.5
1697666400,15048,15138,14839.25,14849.75
1697752800,14850.25,14887.75,14645,14648.25
1698012000,14678.75,14854.25,14514.25,14749
1698098400,14746,14950,14705.75,14829
1698184800,14831.5,14854.5,14440,14464.25
1698271200,14430.75,14459.25,14136.5,14212.25
1698357600,14244,14407.5,14209.5,14271
1698616800,14329,14476.25,14302.25,14412
1698703200,14412,14503.5,14311.25,14452.25
1698789600,14458,14762,14411,14760.25
1698876000,14760,15015.75,14759.75,14970
1698962400,14931.25,15228.5,14924.25,15184.5
1699225200,15187,15257.5,15138,15223
1699311600,15216.75,15412.75,15175.75,15375.75
1699398000,15372,15417.75,15286.5,15360
1699484400,15360,15453.25,15236.75,15255.25
1699570800,15254.75,15616.25,15207,15581.25
1699830000,15585.75,15601,15465.25,15557
1699916400,15559.5,15918.75,15551.75,15893.25
1700002800,15894.25,16049,15832,15845
1700089200,15844,15907.25,15797.75,15898.25
1700175600,15898.25,15940,15824.5,15874
1700434800,15891.25,16116.75,15837.5,16090
1700521200,16089.75,16122.5,15912,15968.25
1700607600,15970,16173.25,15942.5,16045
1700694000,16039.75,16086.75,15981.75,16010.75
1701039600,16008.5,16089,15938.75,16003.5
1701126000,16004,16071.5,15945,16051.75
1701212400,16054.75,16207.75,16013.5,16041.25
1701298800,16041.5,16098,15855.75,15957.25
1701385200,15955,16050,15864.5,16031
1701644400,16021.75,16027,15721.25,15857.5
1701730800,15860.75,15961.75,15761.25,15900.5
1701817200,15898.75,16039,15802,15814
1701903600,15816.25,16065.75,15791.25,16016
1701990000,16018.5,16119,15890,16092.5
1702249200,16092,16249.75,16044.5,16245
1702335600,16453.5,16600.25,16396.5,16596.25
1702422000,16597.5,16806,16576,16761
1702508400,16774,16885.5,16627.25,16744
1702594800,16740,16887.25,16732.25,16816
1702854000,16820.25,16974.25,16802.25,16920
1702940400,16920,17029.5,16911,17026
1703026800,17023,17073.5,16757.25,16793.75
1703113200,16793.75,16971.25,16790,16950.25
1703199600,16954.5,17041.25,16891.5,16962.5
1703545200,16963.5,17111.5,16963.5,17090
1703631600,17085,17132.25,17055.5,17130
1703718000,17129,17165.5,17078,17089.5
1703804400,17089.75,17130.5,16937.75,17004
1704150000,17018.75,17038.5,16622,16731.5
1704236400,16740,16740,16522.25,16542.25
1704322800,16543.25,16587.25,16435.75,16450.5
1704409200,16454,16577,16334.25,16466
1704668400,16472.25,16811.5,16378.25,16788
1704754800,16790,16868.5,16658.5,16829.25
1704841200,16829.5,16983.25,16801.75,16955.5
1704927600,16955.5,17056,16753,16958.75
1705014000,16958,17042.5,16866.25,16955
1705273200,16962,17034,16812,16978.5
1705446000,16979.5,16981.25,16689,16859.5
1705532400,16859.5,17126,16833.75,17117
1705618800,17117.75,17472,17107.25,17463.25
1705878000,17465.75,17584.75,17434.25,17455.5
1705964400,17457,17558.25,17409.25,17551
1706050800,17551.5,17794,17551.5,17633
1706137200,17618.75,17752,17541.75,17578.25
1706223600,17574.25,17631.25,17465.75,17504.75
1706482800,17502.5,17716.25,17456.25,17699.25
1706569200,17708,17735.75,17466.5,17469
1706655600,17427.5,17483.75,17221.75,17264.5
1706742000,17275,17645.5,17262.75,17628.5
1706828400,17592,17775.5,17465.75,17686
1707087600,17695.25,17745,17553.75,17702.75
1707174000,17702,17768.25,17560.75,17649.5
1707260400,17648,17876,17629.5,17856
1707346800,17851,17896.5,17791.5,17861
1707433200,17857.25,18071,17851.75,18037.75
1707692400,18039.25,18121.5,17911,17929.75
1707778800,17929.75,17963.5,17546.25,17699
1707865200,17703,17887,17669.25,17874.5
1707951600,17873.25,17968.5,17780.25,17954.25
1708038000,17949.25,18026.25,17713.75,17721.25
1708297200,17728.5,17807.25,17452.5,17582.75
1708470000,17574.75,17715.5,17373,17710
1708556400,17704,18087,17675.5,18024.5
1708642800,18025.25,18145,17946,17961
1708902000,17962.75,18059.75,17922,17949.25
1708988400,17953.75,18040.5,17908.5,18012
1709074800,18014,18019.75,17846.25,17860.5
1709161200,17868.25,18109,17826.25,18070.5
1709247600,18071.5,18372.5,18030.25,18321.5
1709506800,18335,18378.25,18233.5,18244.75
1709593200,18248.5,18254,17832.5,17983.25
1709679600,17982,18174.25,17942.5,18039.25
1709766000,18040,18360,17915.5,18254.25
1709852400,18275,18436.25,18012.25,18055.25
1710108000,18058,18060.25,17890,18000
1710194400,18256.25,18491,18174,18471.5
1710280800,18470.5,18506.75,18281.5,18355.5
1710367200,18341.25,18428.25,18161.25,18267
1710453600,18251,18323,18006.25,18063.5
1710712800,18072.75,18380.75,18062.25,18228
1710799200,18224,18289.5,18053.25,18273.5
1710885600,18275,18545.5,18227.5,18541.75
1710972000,18537,18708.5,18526.5,18579.75
1711058400,18579.5,18626,18492.75,18564
1711317600,18566.75,18601.25,18415,18533.25
1711404000,18534,18618.75,18439.25,18479.75
1711490400,18478,18572.25,18378.5,18506
1711576800,18506,18539.25,18447.25,18465.25
1711922400,18500,18611.75,18414.5,18497.5
1712008800,18497.75,18514,18201,18343.25
1712095200,18347.75,18452,18232.75,18388.75
1712181600,18389,18568.25,18055,18073
1712268000,18088,18407.75,18043.5,18310.5
1712527200,18346.5,18377.5,18237.75,18311.25
1712613600,18317,18407.5,18160.25,18383.75
1712700000,18384,18470,18054,18191.5
1712786400,18190.75,18519.25,18085,18484.5
1712872800,18485.5,18507.75,18120,18171.5
1713132000,18151.75,18351,17841.5,17875
1713218400,17882,17988,17791.25,17895.75
1713304800,17897.75,17968.25,17616,17663.5
1713391200,17674,17771,17505,17530
1713477600,17530,17552.5,17113.75,17180
1713736800,17228.25,17448,17148.75,17345.5
1713823200,17350,17666.75,17285.5,17659.5
1713909600,17680.25,17795.75,17480,17508.5
1713996000,17451.5,17827.75,17308,17818
1714082400,17811,17901.25,17668.25,17837
1714341600,17864.5,17949,17791.25,17910.75
1714428000,17912.75,17921,17473.25,17507.5
1714514400,17471.5,17791.75,17399,17473.5
1714600800,17484,17755.25,17386,17744.25
1714687200,17745,18050,17719,18027.75
1714946400,18046.75,18201.75,17983.75,18186.75
1715032800,18184.75,18267.75,18150.75,18198
1715119200,18195,18242.25,18072.5,18159.5
1715205600,18164,18240,18104.25,18220.5
1715292000,18222,18348,18188.25,18239.75
1715551200,18237.5,18336.75,18229,18285.5
1715637600,18284.75,18433.75,18167.5,18410.5
1715724000,18411,18706.75,18392.75,18694.5
1715810400,18694.5,18760.75,18633,18638.75
1715896800,18640,18686.5,18545,18634
1716156000,18633.75,18794.5,18631.5,18745.5
1716242400,18747.75,18808.75,18678,18799.75
1716328800,18799,18892,18684,18816.5
1716415200,18854,19022.5,18621.5,18686
1716501600,18685.75,18926,18678,18871.75
1716760800,18875,18980.5,18819.5,18950.5
1716933600,18950,18951,18739.75,18746.75
1717020000,18754,18787,18548,18593.75
1717106400,18591,18668,18241.25,18571.75
1717365600,18589.25,18755.5,18436,18663
1717452000,18663,18753.25,18511.25,18706.25
1717538400,18713.75,19091,18695.5,19088
1717624800,19088,19124.25,19017.75,19068.5
1717711200,19068,19155.25,18940,19031
1717970400,19026.25,19129.75,18973.25,19106.5
1718056800,19106,19257.75,18994.75,19248
1718143200,19250,19612,19232,19610
1718229600,19603.5,19690,19500,19608.25
1718316000,19602.5,19700,19501.5,19696.25
1718575200,19954.75,20271.5,19904,20187.5
1718661600,20186,20270,20127,20209.25
1718748000,20204,20371.5,19958.5,20053.25
1718920800,20044,20085.5,19914,20009
1719180000,20014.25,20030,19728,19753.25
1719266400,19758.5,19981,19725.25,19970
1719352800,19972,20070.5,19901,19952.75
1719439200,19951,20116.5,19873.5,20067.25
1719525600,20066.75,20273.25,19906,19967
1719784800,19971.25,20074,19811.5,20042.5
1719871200,20048,20259.5,19909.75,20240.25
1719957600,20243.5,20435.5,20205,20419
1720044000,20420,20639.75,20361,20590.25
1720389600,20591,20688.25,20579.25,20684.75
1720476000,20680.5,20771.75,20616,20688
1720562400,20687.75,20917.5,20682,20896.25
1720648800,20894.75,20983.5,20376.25,20433.5
1720735200,20430.75,20741,20332.25,20539.75
1720994400,20578.75,20796.5,20506.25,20626
1721080800,20625,20684,20464,20587.5
1721167200,20592,20597.75,19965.75,20017
1721253600,20024.25,20162.75,19758.75,19933.25
1721340000,19950,19979.5,19654,19701.5
1721599200,19747.75,20044.25,19718.75,19982
1721685600,19982,20085,19868.25,19944.75
1721772000,19886.75,19886.75,19166.5,19269.75
1721858400,19258,19390.5,18883.5,18994.75
1721944800,19000.25,19299,18994.75,19175.75
1722204000,19172.75,19377.25,19113,19221.75
1722290400,19220,19319.25,18726.75,18862
1722376800,18870,19645.25,18862,19582.75
1722463200,19588,19716.75,18852.25,18964.75
1722549600,18961,18981.5,18385.75,18509.75
1722808800,18391.75,18394,17346,18139.5
1722895200,18164.5,18483,17961.25,18096.75
1722981600,18040.25,18558.5,17834.25,17857.75
1723068000,17881.25,18594.5,17745,18557.5
1723154400,18551.75,18674.75,18383,18602.75
1723413600,18591.75,18765.5,18514.5,18623.5
1723500000,18644,19121.75,18628.75,19100.5
1723586400,19100,19203.75,18925.5,19147.5
1723672800,19148.25,19603.5,19100.25,19568
1723759200,19569,19683,19445.25,19604.5
1724018400,19628.25,19872.75,19525,19852.75
1724104800,19854,19930.75,19743,19805.25
1724191200,19805,19982,19771.25,19915.75
1724277600,19917.75,20025.75,19542,19612
1724364000,19621.25,19903.25,19592,19777.75
1724623200,19788,19846.25,19506.5,19549.75
1724709600,19555.25,19694.5,19441.75,19636.25
1724796000,19638,19690,19227,19314
1724882400,19240.75,19692,19139,19449.5
1724968800,19449,19633,19370,19594
1725228000,19600,19683,18911,18995.5
1725400800,18991,19115,18824.25,18962.25
1725487200,18968.5,19150.25,18828,18923.75
1725573600,18920,18972.5,18337.25,18377.5
1725832800,18399.5,18735,18386.75,18724.25
1725919200,18723.75,18876.75,18582.5,18837.75
1726005600,18841.75,19293.5,18547.75,19246.25
1726092000,19246,19483.25,19185.25,19413.25
1726178400,19410,19577,19396,19504
1726437600,19498.25,19546.75,19299,19418.25
1726524000,19658,19850.5,19574.5,19685
1726610400,19686.5,19899.75,19560.75,19633.25
1726696800,19646,20203,19635.5,20063.25
1726783200,20070,20084,19860,20014.5
1727042400,20039,20164,19955,20063.25
1727128800,20065.25,20214.75,19952,20185.5
1727215200,20184.25,20272.75,20063.75,20241.5
1727301600,20241.75,20537.75,20188,20346
1727388000,20344.5,20396,20173,20194
1727647200,20198.25,20286.75,20057.5,20233.5
1727733600,20232,20331.5,19818,19960
1727820000,19972,20089.5,19833.5,20059.25
1727906400,20056.5,20115,19851,19958.5
1727992800,19971.75,20263,19941.25,20203.75
1728252000,20219,20268,19948,20019
1728338400,20032,20329.5,19902.5,20286
1728424800,20298,20482.25,20195.5,20449
1728511200,20447.75,20508,20301.25,20434
1728597600,20441.5,20494.5,20313.25,20412.25
1728856800,20433.75,20680,20382.5,20637.5
1728943200,20637.5,20659.25,20254,20334.75
1729029600,20340,20397.5,20205.25,20324.25
1729116000,20332,20594.5,20276.75,20384
1729202400,20385.5,20532,20321,20484.25
1729461600,20495.75,20554.25,20342.5,20538.75
1729548000,20518.25,20602,20360.25,20517.5
1729634400,20522.75,20542.5,20079,20275.25
1729720800,20299.5,20428,20260.5,20391
1729807200,20385,20707.5,20363.25,20477.25
1730066400,20524,20676.75,20486,20507.25
1730152800,20508,20760.25,20432,20709
1730239200,20725,20789.75,20471,20505.5
1730325600,20486,20496.5,20007.75,20036
1730412000,20065.25,20287.25,20017.75,20169.5
1730674800,20141.75,20249,20013.25,20115
1730761200,20128,20386,20041.75,20366
1730847600,20365,20935.75,20323.5,20924.25
1730934000,20924.25,21253.5,20860.75,21224.75
1731020400,21225,21266.5,21121.5,21227.25
1731279600,21242,21340.5,21098.25,21211
1731366000,21218,21252.25,21054.75,21180.75
1731452400,21180.5,21268.75,21057.5,21166
1731538800,21166,21191.25,20950.5,20981.75
1731625200,20980,20981,20405.25,20503.75
1731884400,20504.75,20724.5,20476.25,20630.75
1731970800,20634.25,20792.5,20382,20754.75
1732057200,20766,20843.5,20477.25,20739.25
1732143600,20739.25,20907,20514,20794
1732230000,20804,20880.5,20693,20878.5
1732489200,20909,21081.25,20780.25,20901.5
1732575600,20910,21025,20755.25,21001
1732662000,20998.25,21019.25,20675,20806.5
1732748400,20814.75,21018,20805.75,20991.5
1733094000,20994.5,21259.5,20939.75,21211
1733180400,21215,21328.75,21134.75,21324
1733266800,21321.25,21550,21305.5,21517.75
1733353200,21511,21567.75,21437.25,21453
1733439600,21449.25,21669.5,21424,21634
1733698800,21648.75,21706.5,21437,21473
1733785200,21480,21606.75,21352.75,21434.75
1733871600,21438.25,21819.75,21405.75,21755.25
1733958000,21756.75,21772.75,21602.25,21631.75
1734044400,21700.5,21908,21666.75,21760.5
1734303600,21785.25,22152.5,21762.25,22111
1734390000,22410.5,22426.5,22244.25,22304
1734476400,22306,22387.5,21310.25,21459.5
1734562800,21499,21698,21345,21408.5
1734649200,21429.75,21812.5,21007,21553
1734908400,21566.5,21777,21476,21738.75
1734994800,21738.75,22050,21708.5,22046.25
1735167600,22050,22111,21870.5,21984
1735254000,21984,22008.75,21498.25,21720.25
1735513200,21710.75,21742.5,21252.75,21389
1735599600,21391.25,21524.75,21181.75,21235
1735772400,21273.25,21490.75,20983.25,21183
1735858800,21191.5,21559.25,21144.25,21490.25
1736118000,21532,21897,21478.75,21781
1736204400,21781,21806.25,21279.5,21375.25
1736290800,21386.25,21448.25,21166,21326.5
1736377200,21348.75,21348.75,21217.5,21301.75
1736463600,21302,21372.5,20874.75,20996.25
1736722800,21027.5,21037,20693.5,20992.5
1736809200,21020,21143.75,20773.25,20976.75
1736895600,20975.75,21452.75,20908.75,21375.75
1736982000,21386.25,21566.75,21171.75,21214
1737068400,21225,21680,21208.75,21590.25
1737327600,21601,21785,21370.25,21773.25
1737500400,21800,22094,21769,21985.25
1737586800,21982.5,22051.25,21855.5,22021.75
1737673200,22018,22078,21843.25,21908.5
1737932400,21773.75,21774,20763.75,21303.75
1738018800,21340,21626,21160.75,21558
1738105200,21558,21697.25,21368,21574.5
1738191600,21555.75,21748.75,21419,21607
1738278000,21684,21965.75,21531.5,21571.25
1738537200,21280.25,21577.75,20940.25,21554.25
1738623600,21592.25,21694.75,21240.75,21584.5
1738710000,21566,21795.5,21429,21771.25
1738796400,21768,21882,21706,21844.25
1738882800,21819.75,21967.75,21553,21575.5
1739142000,21464.75,21893.75,21415,21837
1739228400,21832,21871.25,21669.5,21792.25
1739314800,21802,21862.75,21510,21859
1739401200,21865,22123.75,21752.75,22074.25
1739487600,22072.5,22224,22042.5,22203
1739746800,22238,22320,22103,22225
1739919600,22227,22299.75,22118,22222.25
1740006000,22215,22235,21950.75,22137.5
1740092400,22134.75,22245.75,21652.25,21659.5
1740351600,21700.75,21813,21407.25,21427
1740438000,21440.25,21453.25,20990.5,21195.5
1740524400,21225,21409.75,21064.75,21275
1740610800,21250.75,21386.5,20582.5,20633.25
1740697200,20649.5,20944.25,20460.25,20910
1740956400,21000,21120.75,20317.5,20531
1741042800,20525,20733,20075.75,20536.25
1741129200,20553.25,20725.5,20215,20610.25
1741215600,20608,20648.5,20002.75,20175.25
1741302000,20212,20286.75,19766,20207
1741557600,20149.5,20156,19271.75,19472
1741644000,19439,19687.5,19140,19399.75
1741730400,19412,19788.75,19387,19571
1741816800,19575,19693.75,19165.5,19294.75
1741903200,19310,19742.75,19298.25,19666.75
1742162400,19669.5,19959.25,19551,19830.5
1742248800,20038.75,20066.5,19604.25,19703
1742335200,19701.75,20142.25,19658.75,19945.75
1742421600,19954,20105,19734.5,19894.25
1742508000,19898.5,19977.75,19602.5,19971
1742767200,20052.25,20409.25,20048,20356.5
1742853600,20358.25,20524.75,20292,20517.25
1742940000,20513,20536.75,20041.25,20090.5
1743026400,20057.5,20199,19937.75,19997.25
1743112800,19998.25,20011.25,19360.75,19362.25
1743372000,19317.75,19489.5,18976.75,19412.5
1743458400,19413,19643.25,19261.25,19597.5
1743544800,19597.75,20045.25,19076.25,19137
1743631200,19023.5,19176.75,18614,18648.5
1743717600,18656.5,18713.25,17387,17486.25
1743976800,17126.25,18360.25,16452.5,17629.5
1744063200,17650.25,18357.25,16972,17232.5
1744149600,17226,19388,16735,19351
1744236000,19266,19384.5,17918.25,18502.5
1744322400,18470,18873.25,18071.75,18819
1744581600,19163.75,19255.75,18738.5,18903.75
1744668000,18903.75,19144.75,18809.75,18940
1744754400,18810,18861,18116.25,18372.75
1744840800,18381,18652,18261.25,18430
1745186400,18307.5,18384.75,17700,17912
1745272800,17912,18513.5,17863.75,18359.25
1745359200,18618.25,19165.75,18618.25,18850
1745445600,18832,19417,18595,19346.25
1745532000,19396.75,19590,19215.25,19554.75
1745791200,19524.5,19622.75,19257.75,19483.75
1745877600,19479.75,19692.5,19379.25,19614.25
1745964000,19595,19878.5,19102.25,19848.25
1746050400,19835,20125.25,19756,19797
1746136800,19781.75,20277,19748.25,20200.5
1746396000,20182,20200,19966.25,20041
1746482400,20009.75,20037.5,19738.25,19846.25
1746568800,19812.5,20136.25,19678.5,19957.25
1746655200,19935.5,20337.5,19910.25,20155.75
1746741600,20164,20290,20057.5,20146.5
1747000800,20373.75,20996,20373.75,20958
1747087200,20957.5,21347,20818.25,21254.75
1747173600,21248.25,21419.75,21237,21403.5
1747260000,21382,21529.75,21192.25,21396.25
1747346400,21397.25,21513,21320,21404.25
1747605600,21313.5,21545.5,21112.25,21517.5
1747692000,21516.75,21562.25,21298,21419
1747778400,21413.75,21558.5,21071.75,21145.25
1747864800,21147.5,21337.75,21039.25,21214.25
1747951200,21222,21236.25,20727.5,20953.25
1748210400,20978.75,21488.25,20955.25,21477.5
1748383200,21478.5,21564.75,21320,21525
1748469600,21518,21858.75,21301,21384.5
1748556000,21370.75,21433.25,21071.5,21369
1748815200,21304.5,21576.75,21163,21554.75
1748901600,21551.75,21759.75,21398.25,21688
1748988000,21685.75,21802.75,21641,21747.5
1749074400,21745.25,21936.25,21503.5,21513.5
1749160800,21487.5,21880,21471,21809.75
1749420000,21799.25,21892.5,21716.5,21821.5
1749506400,21822,21992.25,21732,21951.5
1749592800,21950.75,22094,21790.25,21882.75
1749679200,21871,21977.5,21716.5,21908.25
1749765600,21911,21920,21470.5,21654
1750024800,21784,22224.5,21722,22163.25
1750111200,22163.5,22177.5,21908,21953.25
1750197600,21937.5,22098.75,21862.75,21961.25
1750284000,21960.25,22130.75,21650.25,21874
1750629600,21648.25,22093,21562,22072
1750716000,22077.25,22447.75,22064.5,22409.5
1750802400,22410.75,22548.25,22385,22472.75
1750888800,22466,22692.75,22438,22672.75
1750975200,22676.5,22823.75,22600,22740.25
1751234400,22751.25,22934,22750,22865.75
1751320800,22866.75,22915,22593.75,22691.5
1751407200,22696.5,22858.75,22584.75,22853.25
1751493600,22846.75,23101.25,22827,23059
1751580000,22968.5,23027.25,22780.25,22838
1751925600,22840.25,22972,22809.5,22903.5
1752012000,22909,23111.25,22843.25,23043.25
1752098400,23043.25,23089.75,22901,23009.75
1752184800,23010.75,23048.75,22830.75,22937.25
1752444000,22864.5,23067.75,22802.25,23036.25
1752530400,23036.5,23222.75,22996.25,23018
1752616800,23018.75,23100,22835.75,23063
1752703200,23069.25,23281,23017,23265.5
1752789600,23260,23320.5,23170,23228.75
1753048800,23240,23425,23204.5,23346.75
1753135200,23338,23367.75,23105,23198.5
1753221600,23190,23416.5,23142.5,23410.75
1753308000,23401,23425,23298.5,23395
1753394400,23391.25,23477,23330.25,23447.25
1753653600,23516,23585,23437,23509
1753740000,23505.25,23652.25,23422,23451.5
1753826400,23451.5,23688,23355,23662.25
1753912800,23698,23848,23286.5,23329.25
1753999200,23323.5,23347.5,22788.25,22869
1754258400,22850.5,23353.75,22822,23351.5
1754344800,23352.5,23404.25,23082,23090.75
1754431200,23092,23444.75,23045.25,23413
1754517600,23416.75,23671.25,23330,23521.5
1754604000,23519.5,23768.5,23503.25,23767.25
1754863200,23767.25,23804.5,23587,23630
1754949600,23632,23952.5,23596,23948.75
1755036000,23947.25,24069,23886,23927.75
1755122400,23930,24005.5,23793.25,23891
1755208800,23891.25,23962.75,23734.75,23796.5
1755468000,23795,23882,23718.75,23789.5
1755554400,23799,23839.75,23425.25,23473.25
1755640800,23456,23489,23035.25,23318.75
1755727200,23322,23369.5,23119.5,23222.5
1755813600,23228,23650,23074.25,23582.75
1756072800,23600,23616.75,23445,23502.25
1756159200,23510.25,23611,23371.25,23607.25
1756245600,23607.25,23685,23429,23542.25
1756332000,23543,23803.75,23486.75,23761.25
1756418400,23761,23762.75,23401.5,23454.5
1756677600,23478.5,23555.25,23025,23379.25
1756850400,23381.5,23526,23299.75,23455.5
1756936800,23456,23709,23410,23683.75
1757023200,23694,23902.5,23505,23673
1757282400,23676.5,23888,23650.5,23798.5
1757368800,23799.75,23918,23726.5,23889
1757455200,23900.25,24041,23785,23859
1757541600,23856.75,24048.75,23845,24006.5
1757628000,24028,24159,23968.75,24114.5
1757887200,24112.25,24315.75,24075.5,24295.75
1757973600,24536,24646.75,24499,24531
1758060000,24531,24553,24241.75,24501.25
1758146400,24504,24815.75,24492.5,24713.75
1758232800,24715,24888,24655,24861.25
1758492000,24851.5,25027.25,24748.5,24996.5
1758578400,24999.75,25026.25,24779.25,24834.25
1758664800,24839.75,24913.25,24628,24747.75
1758751200,24747,24792.5,24422,24635.25
1758837600,24640,24747.25,24520,24727.5
1759096800,24727.25,24975,24723.75,24811.5
1759183200,24812,24913.75,24722.5,24838.5
1759269600,24844.5,25037,24633.75,25009
1759356000,25009.5,25180,24993.75,25105.5
1759442400,25105,25197,24923,24981.5
1759701600,24994,25253,24994,25184
1759788000,25184,25274.75,24985.25,25055
1759874400,25055,25364.75,25026.25,25354.5
1759960800,25354.5,25393,25160.75,25287.5
1760047200,25284.75,25388,24157.75,24188.25
1760306400,24482,24965,24482,24905
1760392800,24905,25044.5,24423.25,24755.75
1760479200,24752.5,25117.75,24663.5,24942
1760565600,24939,25179.75,24643.25,24793.75
1760652000,24793.75,25054.25,24410.25,25033
1760911200,25067,25355,24956,25326.25
1760997600,25326.25,25368,25203,25265
1761084000,25277,25338.5,24805.25,25040
1761170400,25014.75,25295,24933.25,25277.25
1761256800,25285,25569,25275.5,25510.25
1761516000,25698.5,26026,25698.5,26004
1761602400,26002.5,26232,25942.25,26172.5
1761688800,26180.25,26378.5,26047.5,26223.75
1761775200,26160.5,26399.5,25853,26149
1761861600,26156,26273,25887.75,25983.75
1762124400,26026,26265.75,26012.5,26103.25
1762210800,26105.5,26105.5,25517,25575.5
1762297200,25545,25878.5,25282.75,25728.75
1762383600,25732,25823.75,25197.25,25310.5
1762470000,25311,25354.75,24709,25227.25
1762729200,25319.75,25760,25268.75,25721
1762815600,25721,25768.75,25478.5,25659.25
1762902000,25676.5,25830.5,25488.75,25625.5
1762988400,25626.25,25721.75,25002,25088
1763074800,25100,25293.5,24626,25147.5
1763334000,25144,25362,24732,24905.75
1763420400,24904.75,24959.75,24380,24531.75
1763506800,24547,24988,24446.5,24959.75
1763593200,24968.75,25310,24204.5,24278.5
1763679600,24096.75,24596.5,23904,24349.25
1763938800,24449.75,24993.25,24361.25,24962.5
1764025200,24973.25,25135.75,24602,25064.5
1764111600,25070,25375.5,25061.75,25314.5
1764198000,25316.75,25500.25,25285.75,25484.75
1764543600,25484,25542.25,25193.5,25400.25
1764630000,25422.75,25670,25324,25606.75
1764716400,25613.5,25685.75,25420.75,25645.75
1764802800,25649.75,25732.5,25487,25632.25
1764889200,25631,25867.75,25579,25735
1765148400,25748.5,25860.75,25563.75,25706.5
1765234800,25713,25738.5,25560,25676.5
1765321200,25681,25869.75,25528.25,25800.25
1765407600,25777.75,25862.5,25382,25835
1765494000,25719.5,25733.75,25117.75,25203
1765753200,25214.5,25410,25034.5,25102.5
1765839600,25356,25444,25073.75,25321.5
1765926000,25333,25508,24887.75,24951.75
1766012400,24980,25417,24901.25,25219
1766098800,25237.5,25601,25209,25598.25
1766358000,25635,25795,25629.5,25700.5
1766444400,25701.25,25822.25,25608.5,25811.5
1766530800,25812,25892.25,25777.5,25861.75
1766703600,25870,25935,25834.25,25857
1766962800,25869,25893.5,25647.75,25744.5
1767049200,25747.5,25794,25668.25,25676.5
1767135600,25678.25,25718.25,25426.5,25434.5
1767308400,25460,25803.5,25265.25,25393.75
1767567600,25430,25708,25406,25578.5
1767654000,25581,25837.75,25527,25831.25
1767740400,25834.5,25998,25727,25836.5
1767826800,25839.25,25850.25,25569.5,25711.5
1767913200,25720.5,25986,25615.75,25931.5
1768172400,25946.5,26020.5,25632.75,25942.25
1768258800,25948,26046.25,25803.25,25898.25
1768345200,25900,25926,25421.25,25610.5
1768431600,25597.25,25954.25,25562.5,25705.75
1768518000,25720,25891.25,25590.25,25681.75
1768777200,25556,25559,25095.25,25143.25
1768950000,25147,25653.25,25026,25509
1769036400,25529,25739.75,25483.25,25630
1769122800,25609.75,25845.5,25540,25679
1769382000,25590.25,25932.75,25399.5,25861.75
1769468400,25857.25,26119,25839.75,26109.5
1769554800,26112,26349,25996.25,26268.5
1769641200,26278,26294.5,25536,25982.5
1769727600,25994.5,26019,25568.75,25638.75
1769986800,25530,25949,25180.25,25873
1770073200,25873.25,26027.75,25218,25421.5
1770159600,25390.25,25514.5,24784,25118.25
1770246000,25067.25,25169.25,24407,24425.75
1770332400,24410,25221.5,24240.5,25107.75
1770591600,25150.25,25429,24955.5,25361.5
1770678000,25361.25,25447,25197.5,25257.75
1770764400,25254,25465.5,25058,25277.75
1770850800,25281.75,25420,24721.5,24822
1770937200,24838.75,24995.5,24578.75,24772.75
1771196400,24789.25,24922.25,24449.25,24770.25
1771369200,24786,25128.5,24702,24937
1771455600,24940.25,25054.25,24748,24836.25
1771542000,24844,25139.75,24677,25078.5
1771801200,25036,25059.25,24667.75,24787
1771887600,24787,25080.75,24694,25017
1771974000,25020.5,25495,24992.25,25460.75
1772060400,25398.75,25418.5,24862,25028.75
1772146800,25026,25098.75,24780,24952.5
1772406000,24684.75,25100,24477,24997.5
1772492400,25002.75,25011.25,24350.75,24711.5
1772578800,24711.5,25217,24498.5,25137.75
1772665200,25154.5,25243,24774,25010.5
1772751600,25015.75,25141.5,24605,24660.75
1773007200,24500,25055,23999,24958.25
1773093600,24978,25217.75,24832.5,25008.75
1773180000,25015,25180,24873.75,24947.5
1773266400,24940,24949.75,24517,24567.25
1773352800,24565,24805,24333.75,24335.25
1773612000,24287.75,24816.25,24270,24659.5
1773698400,24876,25114.5,24729,25027
1773784800,25026,25210.75,24564,24606.25
1773871200,24615,24725.25,24324.25,24617
1773957600,24629.25,24660.75,23970.75,24217
1774216800,23914,24763.5,23772.75,24400.25
1774303200,24408.25,24547.75,24134.75,24403.5
1774389600,24422.5,24540,24287.25,24368.25
1774476000,24368.25,24421.25,23762,23821.25
1774562400,23830,23975.75,23231,23255
1774821600,23191.5,23580,23024.25,23106
1774908000,23112,23974,22960.5,23904.75
1774994400,23895,24349,23880.25,24188.25
1775080800,24181.5,24267.75,23666.5,24219.75
1775167200,24213.75,24255.5,24105.75,24132.25
1775426400,24093.25,24453,23981,24349.75
1775512800,24342,24451.5,23941.5,24397.75
1775599200,24490,25257.25,24360,25038.75
1775685600,25038.75,25273.25,24953,25242.25
1775772000,25242.25,25393.5,25193.25,25333
1776031200,25004.25,25590.25,24914.5,25585.25
1776117600,25581,26005.25,25559.5,25990.75
1776204000,25986.75,26377.25,25934.5,26360
1776290400,26345.25,26562.75,26275.75,26464.75
1776376800,26464.25,26883,26443.25,26842
1776636000,26603.25,26826,26534.75,26774.25
1776722400,26776.5,26902,26551.75,26722
1776808800,26735,27138,26728,27105.75
1776895200,27080.75,27156,26680,26942.25
1776981600,26990.75,27462.75,26990.75,27440.75
1777240800,27404,27542,27298,27418.25
1777327200,27425.75,27512.5,27006.25,27191
1777413600,27196,27411,27089,27150.5
1777500000,27202.75,27624.5,27163,27597.25
1777586400,27630,27917.5,27535,27782.75
1777845600,27888,27966.5,27614.25,27743.5
1777932000,27754,28247,27727.5,28208
1778018400,28246.5,28800,28245.25,28713
1778104800,28663.75,28945,28553.5,28643
1778191200,28588,29383.25,28542,29335.5
1778450400,29294.5,29480.5,29222.25,29398.75
1778536800,29399.75,29456.5,28741.25,29133.5
1778623200,29148,29565.25,29056.25,29537
1778709600,29537,29783.75,29448.25,29689
1778796000,29695.25,29733.5,29089.5,29172.75
1779055200,29135.25,29419.75,28814.25,29075.25
1779141600,29100,29190,28663,28899
1779228000,28930,29397,28796,29278.25
1779314400,29260,29553.75,29113,29455
1779400800,29450,29747.75,29437.5,29520
1779660000,29675.75,30119,29672,30043.5
1779832800,30053.75,30380,29876,30125
1779919200,30114,30342,29763.25,30313.5
1780005600,30323,30535.75,30216.25,30386.75
1780264800,30416.5,30692,30291,30523.75
1780351200,30542.75,30763.5,30317.75,30743
1780437600,30743,30807.75,30477.75,30494.25
1780524000,30460.5,30603.25,30152.25,30400.25
1780610400,30410,30423,28778.5,28828.25
1780869600,28843.5,29743,28821,29436.75
1780956000,29436.75,29847,28227.25,29139.75
1781042400,29102,29251,28410,28471.5
1781128800,28458,29542.25,28264.25,29432.25
1781215200,29450,29759.25,29231.25,29677
1781474400,30100,30918.5,30100,30831.25
1781560800,30833,30975.5,30273.75,30300.25
1781647200,30314,30584.25,29922,30140.75
1781733600,30146,30783.25,30092.25,30726.5
1781820000,30580.75,30967.75,30336.75,30662
1782165600,30662,30699.75,29577.25,29750.25
1782252000,29766.25,30158.75,29263,30099
1782338400,30095.75,30264.25,29296.5,29760.5
1782424800,29748,29893.75,29160,29290
1782684000,29280.5,30069,29274,29995.5
1782770400,30005.5,30600,29935.25,30501
1782856800,30502.5,30555.75,30009.25,30064.5
1782943200,30084.75,30319.75,29328.5,29551.75
1783029600,29566,30094,29522.5,29946.5
1783375200,29960,29974,29209.75,29419.5
1783461600,29387,29558,28910.25,29390
1783548000,29410,29993.25,29395,29930.75
1783634400,29936.5,30076.75,29677.5,30069
1783893600,29956.75,30042.5,29386.5,29430.75
1783980000,29440,29922,29303.25,29794.75
1784066400,29798,30062.5,29396.75,29708
1784152800,29707.75,29796.5,29079,29178.5
1784239200,29186.75,29220,28408.25,28768.75
1784498400,28747.5,29192.5,28706.75,28777.75
1784584800,28783.25,29363.5,28700,29290
1784671200,29309,29342.5,28961.25,29169
1784757600,29107.5,29283,28432.5,28740.75
1784844000,28708,28734.75,28212.5,28306.75
1785103200,28501.5,28763.75,27938.5,28210.25
1785189600,28210.5,28229,27603.25,27959.75
1785276000,27962.25,28177.25,27200,27259.75
1785362400,27208,28410,27204.75,28333.5
1785448800,28317.25,28725.75,28079.75,28284
1785708000,28567.5,28965,28313,28929.25
1785794400,28930,29956.5,28831.5,29819
1785880800,29781.25,30073.25,29530.75,29594.75
1785967200,29576,29686.25,29241,29504.5
1786053600,29515,29867.25,29455,29841
1786312800,29851.5,29985,29719,29763.75
1786399200,29764.25,29887,29533.5,29647.25
1786485600,29663,30001.5,29625,29807.25