time,open,high,low,close,EMA Direction (debug),HTF EMA Value (debug),SCRIPT VERSION: NPtMR 1.0,Order Sent Long,Order Sent Short,EMA,Volume,Volume MA
1785795720,28941.25,28944.5,28938.25,28943.25,1,28923.208823832425,2,0,0,,201,616.3
1785795780,28942.75,28947.25,28942.75,28945.75,1,28923.208823832425,2,0,0,,209,584.15
1785795840,28945,28945.75,28942.75,28945,1,28923.208823832425,2,0,0,,151,570.1
1785795900,28945.25,28945.75,28940.75,28943.25,1,28923.208823832425,2,0,0,,252,547.15
1785795960,28942.5,28942.5,28937.25,28940,1,28923.208823832425,2,0,0,,319,540.65
1785796020,28940.75,28946,28939.5,28944.75,1,28923.208823832425,2,0,0,,291,521.7
1785796080,28944,28945.75,28942,28945.25,1,28923.208823832425,2,0,0,,131,493.3
1785796140,28944,28945.75,28942.5,28942.75,1,28923.208823832425,2,0,0,28929.722549221617,99,483.9
1785796200,28942.75,28946,28938.75,28941,1,28929.722549221617,2,0,0,,345,474.35
1785796260,28940.5,28942.75,28938.25,28940.75,1,28929.722549221617,2,0,0,,236,449.35
1785796320,28940.5,28943.5,28936.5,28937.25,1,28929.722549221617,2,0,0,,445,443.4
1785796380,28937,28939.25,28932.25,28938,1,28929.722549221617,2,0,0,,558,406.05
1785796440,28938,28958.5,28937.75,28951.25,1,28929.722549221617,2,0,0,,1491,416.5
1785796500,28950.75,28950.75,28937,28943.25,1,28929.722549221617,2,0,0,,1076,407.9
1785796560,28943.25,28953.5,28943.25,28947.5,1,28929.722549221617,2,0,0,,660,417.75
1785796620,28946,28948.25,28942.5,28946.75,1,28929.722549221617,2,0,0,,257,412.25
1785796680,28946.75,28949.75,28945,28949.75,1,28929.722549221617,2,0,0,,253,409.25
1785796740,28948.75,28956,28948.25,28951.25,1,28929.722549221617,2,0,0,,663,421.55
1785796800,28951.5,28962.25,28951,28961,1,28929.722549221617,2,0,0,,1294,458.35
1785796860,28960.5,28962,28957.75,28960,1,28929.722549221617,2,0,0,,508,471.95
1785796920,28960,28962,28958.75,28960.25,1,28929.722549221617,2,0,0,,286,476.2
1785796980,28959.5,28960.25,28957,28957.25,1,28929.722549221617,2,0,0,,371,484.3
1785797040,28957.25,28959.25,28956,28957.5,1,28929.722549221617,2,0,0,28938.98169948108,283,490.9
1785797100,28956.75,28957.5,28946.25,28950.5,1,28938.98169948108,2,0,0,,1001,528.35
1785797160,28949.75,28952,28946.5,28950,1,28938.98169948108,2,0,0,,441,534.45
1785797220,28949.5,28950.5,28940.5,28947,1,28938.98169948108,2,0,0,,867,563.25
1785797280,28947.75,28953.75,28947,28949,1,28938.98169948108,2,0,0,,431,578.25
1785797340,28948.25,28951.5,28943.25,28946,1,28938.98169948108,2,0,0,,399,593.25
1785797400,28945,28947.25,28942,28943.75,1,28938.98169948108,2,0,0,,373,594.65
1785797460,28943.75,28945.75,28943,28943.25,1,28938.98169948108,2,0,0,,240,594.85
1785797520,28944,28948,28943.75,28946.25,1,28938.98169948108,2,0,0,,277,586.45
1785797580,28945.25,28951.25,28945.25,28945.75,1,28938.98169948108,2,0,0,,390,578.05
1785797640,28945.5,28952.5,28942,28951.75,1,28938.98169948108,2,0,0,,534,530.2
1785797700,28952,28952.5,28948.25,28949.75,1,28938.98169948108,2,0,0,,284,490.6
1785797760,28949.75,28951.25,28946.75,28946.75,1,28938.98169948108,2,0,0,,202,467.7
1785797820,28946.5,28948.25,28946.25,28947.75,1,28938.98169948108,2,0,0,,141,461.9
1785797880,28947,28948,28944.5,28946,1,28938.98169948108,2,0,0,,169,457.7
1785797940,28946,28948.75,28944.5,28945.75,1,28938.98169948108,2,0,0,28941.237799654053,200,434.55
1785798000,28945.25,28946.25,28940,28943,1,28941.237799654053,2,0,0,,663,403
1785798060,28943.75,28947,28936,28938,-1,28941.237799654053,2,0,0,,693,412.25
1785798120,28938,28948,28935.75,28946.5,1,28941.237799654053,2,0,0,,610,428.45
1785798180,28945,28948.25,28944,28947.75,1,28941.237799654053,2,0,0,,185,419.15
1785798240,28947,28948,28939.5,28940,-1,28941.237799654053,2,0,0,,455,427.75
1785798300,28940,28943.5,28937,28940,-1,28941.237799654053,2,0,0,,444,399.9
1785798360,28940.75,28941.25,28929.5,28931.75,-1,28941.237799654053,2,0,0,,1241,439.9
1785798420,28931.5,28936.25,28930.5,28932.75,-1,28941.237799654053,2,0,0,,596,426.35
1785798480,28933,28935.5,28930.75,28934.5,-1,28941.237799654053,2,0,0,,449,427.25
1785798540,28934.75,28937.75,28933.5,28937.75,-1,28941.237799654053,2,0,0,,529,433.75
1785798600,28938,28940.75,28936,28939.5,-1,28941.237799654053,2,0,0,,450,437.6
1785798660,28940,28941.75,28938.5,28940.25,-1,28941.237799654053,2,0,0,,332,442.2
1785798720,28940.5,28940.75,28934.25,28936.5,-1,28941.237799654053,2,0,0,,476,452.15
1785798780,28936.5,28937.75,28934.5,28935.75,-1,28941.237799654053,2,0,0,,269,446.1
1785798840,28936,28940.25,28934.25,28938.25,-1,28941.237799654053,2,0,0,28940.241866436034,359,437.35
1785798900,28937.5,28948.25,28936.5,28943.75,1,28940.241866436034,2,0,0,,754,460.85
1785798960,28943.25,28949.75,28940.75,28946.5,1,28940.241866436034,2,0,0,,827,492.1
1785799020,28946.5,28948.5,28945.25,28948,1,28940.241866436034,2,0,0,,340,502.05
1785799080,28948,28949.25,28944.25,28948,1,28940.241866436034,2,0,0,,332,510.2
1785799140,28948,28957,28947,28951.25,1,28940.241866436034,2,0,0,,1107,555.55
1785799200,28951,28955,28951,28955,1,28940.241866436034,2,0,0,,367,540.75
1785799260,28954,28958.25,28949.75,28955,1,28940.241866436034,2,0,0,,712,541.7
1785799320,28954,28957.75,28953,28955.25,1,28940.241866436034,2,0,0,,257,524.05
1785799380,28954.5,28955.25,28947.5,28951.75,1,28940.241866436034,2,0,0,,728,551.2
1785799440,28951.75,28952.5,28947,28947,1,28940.241866436034,2,0,0,,364,546.65
1785799500,28947.5,28950,28947,28948.75,1,28940.241866436034,2,0,0,,182,533.55
1785799560,28948.25,28949.25,28941.25,28945.5,1,28940.241866436034,2,0,0,,877,515.35
1785799620,28945.5,28952,28945,28950,1,28940.241866436034,2,0,0,,410,506.05
1785799680,28949.75,28950,28945.5,28946.75,1,28940.241866436034,2,0,0,,314,499.3
1785799740,28946.75,28949.5,28945.5,28948.75,1,28940.241866436034,2,0,0,28943.077910957356,254,485.55
1785799800,28948,28950,28943.25,28943.75,1,28943.077910957356,2,0,0,,366,481.35
1785799860,28943.75,28947.25,28940.25,28947,1,28943.077910957356,2,0,0,,473,488.4
1785799920,28947.25,28955.75,28945.5,28954,1,28943.077910957356,2,0,0,,558,492.5
1785799980,28953.5,28955,28950.25,28951.75,1,28943.077910957356,2,0,0,,423,500.2
1785800040,28952.25,28960,28952.25,28956.25,1,28943.077910957356,2,0,0,,678,516.15
1785800100,28956.25,28957,28952.25,28953,1,28943.077910957356,2,0,0,,308,493.85
1785800160,28953,28957,28952,28955.25,1,28943.077910957356,2,0,0,,224,463.7
1785800220,28955,28956.25,28951.25,28952.25,1,28943.077910957356,2,0,0,,211,457.25
1785800280,28951.5,28951.75,28933.25,28936.5,-1,28943.077910957356,2,0,0,,1463,513.8
1785800340,28935.5,28939.25,28932,28937.5,-1,28943.077910957356,2,0,0,,913,504.1
1785800400,28938,28939.5,28936,28939,-1,28943.077910957356,2,0,0,,316,501.55
1785800460,28939.5,28946,28938.75,28943.5,1,28943.077910957356,2,0,0,,650,498.45
1785800520,28943.5,28946.75,28941,28942,-1,28943.077910957356,2,0,0,,304,500.8
1785800580,28942,28946,28941.75,28943.5,1,28943.077910957356,2,0,0,,178,473.3
1785800640,28944.25,28945.75,28938.75,28940.5,-1,28943.077910957356,2,0,0,28942.218607304905,350,472.6
1785800700,28940.5,28959.5,28939.5,28955.5,1,28942.218607304905,2,0,0,,1649,545.95
1785800760,28955,28957,28950,28955.75,1,28942.218607304905,2,0,0,,552,529.7
1785800820,28956.5,28964.75,28956.5,28959,1,28942.218607304905,2,0,0,,1457,582.05
1785800880,28959.25,28960.75,28953.25,28956,1,28942.218607304905,2,0,0,,578,595.25
1785800940,28955.5,28957.25,28952.75,28956.5,1,28942.218607304905,2,0,0,,313,598.2
1785801000,28955.75,28964,28954.5,28958,1,28942.218607304905,2,0,0,,633,611.55
1785801060,28957.75,28960.75,28950.25,28953.25,1,28942.218607304905,2,0,0,,672,621.5
1785801120,28953.75,28958.25,28952,28953,1,28942.218607304905,2,0,0,,310,609.1
1785801180,28954,28957,28948,28952,1,28942.218607304905,2,0,0,,650,620.45
1785801240,28953.25,28956.25,28950,28953,1,28942.218607304905,2,0,0,,281,600.6
1785801300,28952.5,28953.75,28948.5,28951.75,1,28942.218607304905,2,0,0,,217,596.05
1785801360,28952,28961.5,28951.5,28958.75,1,28942.218607304905,2,0,0,,571,613.4
1785801420,28958.75,28961.5,28956,28958,1,28942.218607304905,2,0,0,,385,622.1
1785801480,28958,28963,28957,28962.75,1,28942.218607304905,2,0,0,,369,567.4
1785801540,28962,28972.25,28958.75,28971.5,1,28942.218607304905,2,0,0,28951.979071536603,1496,596.55
1785801600,28971.25,28972,28940.25,28950.75,-1,28951.979071536603,2,0,0,,3772,769.35
1785801660,28951.5,28970.25,28948.5,28964,1,28951.979071536603,2,0,0,,1804,827.05
1785801720,28964.5,28970,28959.75,28964.75,1,28951.979071536603,2,0,0,,1147,869.2
1785801780,28964.5,28971,28960.5,28970.75,1,28951.979071536603,2,0,0,,1066,913.6
1785801840,28970.5,28979,28965.5,28966.75,1,28951.979071536603,2,0,0,,2171,1004.65
1785801900,28966.5,28974,28961.75,28967,1,28951.979071536603,2,0,0,,1270,985.7
1785801960,28967.5,28969.25,28957.5,28959.5,1,28951.979071536603,2,0,0,,1269,1021.55
1785802020,28959,28965.5,28947.25,28963,1,28951.979071536603,2,0,0,,1873,1042.35
1785802080,28963.5,28967.5,28958.25,28958.75,1,28951.979071536603,2,0,0,,708,1048.85
1785802140,28959,28973,28955.5,28961.25,1,28951.979071536603,2,0,0,,984,1082.4
1785802200,28963.25,28963.25,28950.25,28953,1,28951.979071536603,2,0,0,,997,1100.6
1785802260,28953.5,28954.5,28940.5,28947.5,-1,28951.979071536603,2,0,0,,1310,1132.5
1785802320,28948,28950,28925.75,28931.75,-1,28951.979071536603,2,0,0,,2619,1247.95
1785802380,28931.75,28935.5,28928,28930,-1,28951.979071536603,2,0,0,,889,1259.9
1785802440,28930.25,28937.75,28928.25,28931.5,-1,28951.979071536603,2,0,0,28945.152714357737,1146,1303.15
1785802500,28931.25,28933.5,28909.75,28913.5,-1,28945.152714357737,2,0,0,,3147,1449.65
1785802560,28914,28919,28907.5,28911.5,-1,28945.152714357737,2,0,0,,1638,1503
1785802620,28912,28920.5,28908.5,28914.25,-1,28945.152714357737,2,0,0,,1479,1557.7
1785802680,28913.75,28917.25,28902.5,28910.5,-1,28945.152714357737,2,0,0,,2012,1639.85
1785802740,28909.5,28919.5,28907.5,28912.75,-1,28945.152714357737,2,0,0,,859,1608
1785802800,28913.25,28924.75,28909,28923.75,-1,28945.152714357737,2,0,0,,1116,1475.2
1785802860,28924.25,28927,28918.25,28918.5,-1,28945.152714357737,2,0,0,,1224,1446.2
1785802920,28918,28919,28909.75,28911.75,-1,28945.152714357737,2,0,0,,1017,1439.7
1785802980,28912.5,28913.5,28900,28904.25,-1,28945.152714357737,2,0,0,,1840,1478.4
1785803040,28905.25,28919.25,28903.75,28913.5,-1,28945.152714357737,2,0,0,,1198,1429.75
1785803100,28913.75,28923.75,28907.25,28921.75,-1,28945.152714357737,2,0,0,,1099,1421.2
1785803160,28921.25,28922.75,28916,28921.25,-1,28945.152714357737,2,0,0,,701,1392.8
1785803220,28920,28920,28903.25,28904.75,-1,28945.152714357737,2,0,0,,1081,1353.2
1785803280,28906,28913.25,28903.75,28905.75,-1,28945.152714357737,2,0,0,,830,1359.3
1785803340,28907,28910.5,28903,28906.25,-1,28945.152714357737,2,0,0,28932.185142905157,531,1336.65
1785803400,28905.5,28906.75,28891.75,28897,-1,28932.185142905157,2,0,0,,2117,1392.65
1785803460,28897.5,28899.5,28890,28892.25,-1,28932.185142905157,2,0,0,,1278,1391.05
1785803520,28892.75,28895.75,28888.5,28891.75,-1,28932.185142905157,2,0,0,,910,1305.6
1785803580,28892.5,28904.5,28890.25,28897.5,-1,28932.185142905157,2,0,0,,1231,1322.7
1785803640,28897.5,28898.5,28881.5,28884,-1,28932.185142905157,2,0,0,,1526,1341.7
1785803700,28883.75,28883.75,28872.75,28872.75,-1,28932.185142905157,2,0,0,,1873,1278
1785803760,28873.5,28887.75,28873.25,28880,-1,28932.185142905157,2,0,0,,1437,1267.95
1785803820,28878.75,28885,28875.75,28877,-1,28932.185142905157,2,0,0,,907,1239.35
1785803880,28877.25,28885.75,28871.75,28885.25,-1,28932.185142905157,2,0,0,,1320,1204.75
1785803940,28884.5,28893,28877,28882.25,-1,28932.185142905157,2,0,0,,1359,1229.75
1785804000,28882.75,28888.5,28872.5,28875.75,-1,28932.185142905157,2,0,0,,1199,1233.9
1785804060,28876.5,28881.25,28870,28872.25,-1,28932.185142905157,2,0,0,,1266,1236
1785804120,28872,28879.5,28864,28869.75,-1,28932.185142905157,2,0,0,,1970,1283.65
1785804180,28869.5,28896.25,28869.25,28893.25,-1,28932.185142905157,2,0,0,,1840,1283.65
1785804240,28893,28896.25,28887,28892,-1,28932.185142905157,2,0,0,28918.790095270106,1269,1287.2
1785804300,28891.75,28896.25,28872.75,28879.75,-1,28918.790095270106,2,0,0,,2176,1341.05
1785804360,28879.75,28880.75,28870.5,28877.25,-1,28918.790095270106,2,0,0,,1042,1358.1
1785804420,28879,28882.75,28872.5,28878.5,-1,28918.790095270106,2,0,0,,571,1332.6
1785804480,28878.25,28900,28876,28896.75,-1,28918.790095270106,2,0,0,,1604,1371.3
1785804540,28896.75,28898.75,28889.75,28891.75,-1,28918.790095270106,2,0,0,,929,1391.2
1785804600,28891.5,28898,28882.5,28886.25,-1,28918.790095270106,2,0,0,,1176,1344.15
1785804660,28887.25,28901.25,28885.25,28900.25,-1,28918.790095270106,2,0,0,,950,1327.75
1785804720,28900,28904,28897.5,28899.25,-1,28918.790095270106,2,0,0,,1020,1333.25
1785804780,28898,28909,28896.25,28907.25,-1,28918.790095270106,2,0,0,,986,1321
1785804840,28906,28908,28891.75,28894.75,-1,28918.790095270106,2,0,0,,1470,1318.2
1785804900,28894.5,28898.25,28875,28878.5,-1,28918.790095270106,2,0,0,,1932,1321.15
1785804960,28879,28893.25,28870,28880,-1,28918.790095270106,2,0,0,,1814,1340
1785805020,28879.5,28884.75,28874.5,28880,-1,28918.790095270106,2,0,0,,796,1334.45
1785805080,28880.25,28881.25,28868.5,28873.5,-1,28918.790095270106,2,0,0,,1175,1327.2
1785805140,28874.25,28880,28870,28877.25,-1,28918.790095270106,2,0,0,28904.94339684674,995,1309
1785805200,28876.75,28876.75,28852.75,28855.75,-1,28904.94339684674,2,0,0,,3200,1409.05
1785805260,28856.25,28867.5,28852.5,28866.25,-1,28904.94339684674,2,0,0,,1461,1418.8
1785805320,28866,28875,28853,28855.25,-1,28904.94339684674,2,0,1,,2097,1425.15
1785805380,28856.25,28857.75,28834,28839.25,-1,28904.94339684674,2,0,0,,3296,1497.95
1785805440,28839.25,28851.5,28831.5,28849.25,-1,28904.94339684674,2,0,0,,2271,1548.05
1785805500,28848.25,28863,28847.5,28858.5,-1,28904.94339684674,2,0,0,,1649,1521.7
1785805560,28859,28862.75,28837.75,28842.5,-1,28904.94339684674,2,0,0,,1402,1539.7
1785805620,28843,28860.25,28842.75,28854.5,-1,28904.94339684674,2,0,0,,1078,1565.05
1785805680,28853.75,28861.5,28850.5,28857,-1,28904.94339684674,2,0,0,,760,1522.85
1785805740,28857,28859.5,28845,28855.5,-1,28904.94339684674,2,0,0,,1318,1542.3
1785805800,28856,28867.5,28851,28865.75,-1,28904.94339684674,2,0,0,,1354,1551.2
1785805860,28866,28866,28858.75,28862.5,-1,28904.94339684674,2,0,0,,686,1538
1785805920,28862.5,28866.5,28859,28863.5,-1,28904.94339684674,2,0,0,,638,1518.9
1785805980,28863.25,28871.75,28856.75,28861.75,-1,28904.94339684674,2,0,0,,1055,1522.35
1785806040,28863,28868.5,28857.5,28860,-1,28904.94339684674,2,0,0,28889.962264564492,723,1485
1785806100,28859.25,28878.5,28859.25,28871.25,-1,28889.962264564492,2,0,0,,1267,1451.75
1785806160,28872,28872.25,28852,28853,-1,28889.962264564492,2,0,0,,1537,1437.9
1785806220,28853,28860,28851.25,28857.25,-1,28889.962264564492,2,0,0,,694,1432.8
1785806280,28858,28869.25,28855.25,28867,-1,28889.962264564492,2,0,0,,716,1409.85
1785806340,28867,28880,28861.5,28875.75,-1,28889.962264564492,2,0,0,,1159,1418.05
1785806400,28875.75,28890.5,28874.25,28888.25,-1,28889.962264564492,2,0,0,,1613,1338.7
1785806460,28888,28892,28880.25,28888.5,-1,28889.962264564492,2,0,0,,1096,1320.45
1785806520,28888.5,28893.75,28887.25,28892.5,1,28889.962264564492,2,0,0,,936,1262.4
1785806580,28892.5,28893.75,28881.75,28887,-1,28889.962264564492,2,0,0,,1018,1148.5
1785806640,28887,28888.75,28879.75,28884.5,-1,28889.962264564492,2,0,0,,713,1070.6
1785806700,28883.75,28887.75,28877.25,28879.75,-1,28889.962264564492,2,0,0,,995,1037.9
1785806760,28879.5,28883.75,28872.25,28883.5,-1,28889.962264564492,2,0,0,,1115,1023.55
1785806820,28883,28895.25,28878,28893.75,1,28889.962264564492,2,0,0,,1143,1026.8
1785806880,28893.5,28900,28888.5,28899.75,1,28889.962264564492,2,0,0,,1077,1042.65
1785806940,28899.25,28902.5,28894.25,28902,1,28889.962264564492,2,0,0,28893.974843042994,1376,1045.55
1785807000,28902.75,28922.5,28899,28917.25,1,28893.974843042994,2,0,0,,2706,1113.15
1785807060,28916.5,28923.5,28911.25,28912.5,1,28893.974843042994,2,0,0,,1640,1160.85
1785807120,28912.25,28920,28911,28913.75,1,28893.974843042994,2,0,0,,757,1166.8
1785807180,28914,28919.25,28906.75,28907,1,28893.974843042994,2,0,0,,815,1154.8
1785807240,28907,28925,28906.75,28923.5,1,28893.974843042994,2,0,0,,1256,1181.45
1785807300,28923.5,28933.25,28922.75,28927.5,1,28893.974843042994,2,0,0,,1778,1207
1785807360,28927.5,28930.75,28918,28919.5,1,28893.974843042994,2,0,0,,1562,1208.25
1785807420,28919.75,28925.5,28911.25,28914,1,28893.974843042994,2,0,0,,1473,1247.2
1785807480,28913.25,28920.25,28910,28914.5,1,28893.974843042994,2,0,0,,824,1252.6
1785807540,28914,28917.5,28904.25,28906.5,1,28893.974843042994,2,0,0,,1039,1246.6
1785807600,28906.5,28919.25,28905.5,28916,1,28893.974843042994,2,0,0,,930,1212.45
1785807660,28916.25,28935,28915.5,28931.25,1,28893.974843042994,2,0,0,,1906,1252.95
1785807720,28932,28935.75,28928,28930.25,1,28893.974843042994,2,0,0,,933,1252.8
1785807780,28930,28933.75,28929,28932,1,28893.974843042994,2,0,0,,522,1228
1785807840,28932,28943.75,28930.5,28942.5,1,28893.974843042994,2,0,0,28910.149895361996,1135,1249.1
1785807900,28942.25,28958,28941.5,28951.75,1,28910.149895361996,2,0,0,,2296,1314.15
1785807960,28951.5,28960.25,28950.75,28954.5,1,28910.149895361996,2,0,0,,1293,1323.05
1785808020,28955,28963,28952.75,28961.75,1,28910.149895361996,2,0,0,,933,1312.55
1785808080,28961.25,28965,28957.25,28963,1,28910.149895361996,2,0,0,,928,1305.1
1785808140,28963.75,28971,28961.25,28965,1,28910.149895361996,2,0,0,,1180,1295.3
1785808200,28964.75,28973.5,28964.75,28968.75,1,28910.149895361996,2,0,0,,999,1209.95
1785808260,28968.5,29011.75,28966.25,29010,1,28910.149895361996,2,0,0,,4459,1350.9
1785808320,29009.5,29014.75,29005.75,29011.75,1,28910.149895361996,2,0,0,,2147,1420.4
1785808380,29012.25,29038,29009,29029.5,1,28910.149895361996,2,0,0,,3547,1557
1785808440,29029,29049.25,29028,29038.5,1,28910.149895361996,2,0,0,,2239,1606.15
1785808500,29038.5,29041.25,29034.5,29036,1,28910.149895361996,2,0,0,,1380,1586.25
1785808560,29036,29041.75,29027.5,29027.75,1,28910.149895361996,2,0,0,,1617,1589
1785808620,29027.5,29038,29025.25,29035,1,28910.149895361996,2,0,0,,1309,1580.8
1785808680,29034.75,29041.5,29029.5,29040.75,1,28910.149895361996,2,0,0,,1140,1596.6
1785808740,29040.5,29044.75,29035.5,29041,1,28910.149895361996,2,0,0,28953.766596907997,1162,1602.75
1785808800,29041.25,29044.75,29031.5,29033.5,1,28953.766596907997,2,0,0,,1260,1619.25
1785808860,29033.5,29045,29032.5,29044,1,28953.766596907997,2,0,0,,961,1572
1785808920,29044.5,29044.5,29022,29023.75,1,28953.766596907997,2,0,0,,1808,1615.75
1785808980,29024.5,29027.75,29016,29019,1,28953.766596907997,2,0,0,,1553,1667.3
1785809040,29018.5,29025.5,29011.75,29012.5,1,28953.766596907997,2,0,0,,1476,1684.35
1785809100,29012.5,29014.75,28994.5,28995.25,1,28953.766596907997,2,0,0,,2358,1687.45
1785809160,28995.75,28998.5,28980.75,28997.5,1,28953.766596907997,2,0,0,,3110,1778.3
1785809220,28998,29004.5,28989,28994.5,1,28953.766596907997,2,0,0,,1365,1799.9
1785809280,28994.5,29004.75,28993.5,28997.5,1,28953.766596907997,2,0,0,,835,1795.25
1785809340,28997.5,29001,28992.5,28999.5,1,28953.766596907997,2,0,0,,603,1766.4
1785809400,29000,29000,28967.5,28976,1,28953.766596907997,2,0,0,,3036,1868.25
1785809460,28976,28986.25,28971.5,28980,1,28953.766596907997,2,0,0,,1547,1722.65
1785809520,28979,28990,28974.25,28990,1,28953.766596907997,2,0,0,,1045,1667.55
1785809580,28989.25,28991.25,28981,28981,1,28953.766596907997,2,0,0,,1036,1542
1785809640,28981,28985.75,28969,28971,1,28953.766596907997,2,0,0,28959.511064605333,1086,1484.35
1785809700,28970.25,28974.75,28965.75,28968.5,1,28959.511064605333,2,0,0,,1676,1499.15
1785809760,28967.5,28969.75,28961.5,28964.5,1,28959.511064605333,2,0,0,,1331,1484.85
1785809820,28964.25,28967.25,28958.5,28965.75,1,28959.511064605333,2,0,0,,1289,1483.85
1785809880,28965.5,28977,28962,28976.25,1,28959.511064605333,2,0,0,,1443,1499
1785809940,28975.5,28976.25,28964.25,28970.75,1,28959.511064605333,2,0,0,,892,1485.5
1785810000,28970.5,28978,28956.5,28956.75,-1,28959.511064605333,2,0,0,,1461,1495.55
1785810060,28957.25,28964.5,28942.75,28947.25,-1,28959.511064605333,2,0,0,,2552,1575.1
1785810120,28947.5,28960.25,28943.5,28959.25,-1,28959.511064605333,2,0,0,,1378,1553.6
1785810180,28959,28963.75,28952.75,28959.75,1,28959.511064605333,2,0,0,,747,1513.3
1785810240,28959.75,28968,28956.75,28964.5,1,28959.511064605333,2,0,0,,882,1483.6
1785810300,28963.5,28968,28951.5,28967,1,28959.511064605333,2,0,0,,1209,1426.15
1785810360,28967.25,28969.75,28959.5,28969,1,28959.511064605333,2,0,0,,906,1315.95
1785810420,28968.75,28968.75,28952,28955.25,-1,28959.511064605333,2,0,0,,915,1293.45
1785810480,28955,28962.25,28951,28961.25,1,28959.511064605333,2,0,0,,554,1279.4
1785810540,28961.75,28961.75,28947.5,28949.25,-1,28959.511064605333,2,0,0,28956.090709736887,888,1293.65
1785810600,28948.75,28972.5,28948,28972,1,28956.090709736887,2,0,0,,1548,1219.25
1785810660,28972.5,28977.25,28963.5,28973,1,28956.090709736887,2,0,0,,1505,1217.15
1785810720,28973.5,28974.75,28967.5,28972.75,1,28956.090709736887,2,0,0,,590,1194.4
1785810780,28972,28982,28969.75,28978.75,1,28956.090709736887,2,0,0,,1444,1214.8
1785810840,28978.75,28980.5,28969.25,28974.25,1,28956.090709736887,2,0,0,,726,1196.8
1785810900,28974,28983.5,28972.25,28973.5,1,28956.090709736887,2,0,0,,1006,1163.3
1785810960,28973.5,28980.25,28968.75,28971,1,28956.090709736887,2,0,0,,751,1134.3
1785811020,28970.75,28985.25,28966.75,28983,1,28956.090709736887,2,0,0,,1122,1125.95
1785811080,28983,28994.25,28981.25,28991.25,1,28956.090709736887,2,0,0,,2165,1162.05
1785811140,28991,28992.5,28978.75,28984.75,1,28956.090709736887,2,0,0,,923,1163.6
1785811200,28984.75,28993,28973.75,28991.75,1,28956.090709736887,2,0,0,,954,1138.25
1785811260,28991.5,28993.75,28984,28985.75,1,28956.090709736887,2,0,0,,892,1055.25
1785811320,28985.75,28987.75,28977,28981.75,1,28956.090709736887,2,0,0,,891,1030.9
1785811380,28983,28986,28976,28982,1,28956.090709736887,2,0,0,,455,1016.3
1785811440,28982.25,28989.5,28978.5,28985.5,1,28956.090709736887,2,0,0,28965.893806491258,469,995.65
1785811500,28987,28987.5,28976.5,28981.25,1,28965.893806491258,2,0,0,,594,964.9
1785811560,28981.25,28982.5,28965.25,28971,1,28965.893806491258,2,0,0,,1393,989.25
1785811620,28970.75,28971.5,28963.5,28967.25,1,28965.893806491258,2,0,0,,718,979.4
1785811680,28967.25,28972.5,28958.5,28971.5,1,28965.893806491258,2,0,0,,1092,1006.3
1785811740,28971.25,28979,28970.5,28971,1,28965.893806491258,2,0,0,,907,1007.25
1785811800,28970.5,28977.5,28964.75,28976.5,1,28965.893806491258,2,0,0,,620,960.85
1785811860,28976.5,28990.75,28976.5,28988.75,1,28965.893806491258,2,0,0,,1162,943.7
1785811920,28990,28992.25,28980.5,28984.75,1,28965.893806491258,2,0,0,,916,960
1785811980,28984,28988,28980.75,28984.5,1,28965.893806491258,2,0,0,,500,912.8
1785812040,28984.25,28987.5,28980.75,28987.25,1,28965.893806491258,2,0,0,,405,896.75
1785812100,28987.25,28988.25,28981.5,28982,1,28965.893806491258,2,0,0,,459,869.4
1785812160,28982,28986,28977.25,28983,1,28965.893806491258,2,0,0,,398,851.75
1785812220,28983.5,28986.5,28978.75,28984.75,1,28965.893806491258,2,0,0,,401,815.7
1785812280,28983.75,28984.75,28973.5,28976,1,28965.893806491258,2,0,0,,561,735.5
1785812340,28976.25,28977.25,28970,28972.75,1,28965.893806491258,2,0,0,28968.179204327505,713,725
1785812400,28972.5,28988.25,28969.5,28984,1,28968.179204327505,2,0,0,,1041,729.35
1785812460,28984.25,28986.5,28975,28985.5,1,28968.179204327505,2,0,0,,721,720.8
1785812520,28985.5,28993,28981.5,28987.75,1,28968.179204327505,2,0,0,,832,717.85
1785812580,28987.5,28990,28979.25,28982,1,28968.179204327505,2,0,0,,498,720
1785812640,28981.5,28982,28963.75,28968,-1,28968.179204327505,2,0,0,,1135,753.3
1785812700,28968,28971.5,28956.5,28967,-1,28968.179204327505,2,0,0,,1160,781.6
1785812760,28967.25,28970,28958.25,28959.5,-1,28968.179204327505,2,0,0,,624,743.15
1785812820,28959.75,28971.75,28957.75,28970,1,28968.179204327505,2,0,0,,700,742.25
1785812880,28970,28970,28951.5,28952,-1,28968.179204327505,2,0,0,,1014,738.35
1785812940,28952,28960.25,28949,28958.25,-1,28968.179204327505,2,0,0,,846,735.3
1785813000,28958.75,28960.25,28950.5,28954.75,-1,28968.179204327505,2,0,0,,554,732
1785813060,28954.75,28959.75,28936,28936.25,-1,28968.179204327505,2,0,0,,1568,752.3
1785813120,28936.75,28939.25,28933.5,28938.5,-1,28968.179204327505,2,0,0,,1249,768.95
1785813180,28938.75,28940,28932,28938.75,-1,28968.179204327505,2,0,0,,748,781.35
1785813240,28938.75,28946.5,28937,28942.5,-1,28968.179204327505,2,0,0,28959.61946955167,886,805.4
1785813300,28943,28948,28935,28947.25,-1,28959.61946955167,2,0,0,,796,822.25
1785813360,28947.5,28952,28941.75,28949.5,-1,28959.61946955167,2,0,0,,1005,852.6
1785813420,28949.5,28953,28935.5,28937.5,-1,28959.61946955167,2,0,0,,1028,883.95
1785813480,28938,28944.5,28930,28943.75,-1,28959.61946955167,2,0,0,,1117,911.75
1785813540,28944.25,28945.75,28940.5,28944.75,-1,28959.61946955167,2,0,0,,521,902.15
1785813600,28944,28957,28938.75,28953.75,-1,28959.61946955167,2,0,1,,1258,913
1785813660,28954.5,28961,28949.75,28954.5,-1,28959.61946955167,2,0,0,,707,912.3
1785813720,28954,28964,28950,28962.75,1,28959.61946955167,2,0,0,,880,914.7
1785813780,28963,28975.25,28960.5,28967.75,1,28959.61946955167,2,0,0,,1359,957.75
1785813840,28968.25,28972.75,28965,28971.75,1,28959.61946955167,2,0,0,,706,936.3
1785813900,28972.25,28975,28969.75,28971,1,28959.61946955167,2,0,0,,531,904.85
1785813960,28971.25,28974,28966.75,28974,1,28959.61946955167,2,0,0,,381,892.7
1785814020,28973.75,28981.75,28970,28980.5,1,28959.61946955167,2,0,0,,667,891.05
1785814080,28981.25,28986.25,28971.25,28972,1,28959.61946955167,2,0,0,,1207,900.7
1785814140,28972,28977.5,28969,28977,1,28959.61946955167,2,0,0,28965.412979701116,541,885.45
1785814200,28977.5,28989.25,28977,28989,1,28965.412979701116,2,0,0,,1160,915.75
1785814260,28989.25,28992,28982,28985,1,28965.412979701116,2,0,0,,578,866.25