row_id,symbol,local_symbol,buy_sell,trade_time,tradeDate,server_date_time,user_price,order_type,alert_data,entry_id,lmt_id,stp_id,alert_status,strategy_name,pages
20292717,MNQ1!,MNQ1!,CLOSE,2026-07-28T20:02:00-0500,2026-07-29,2026-07-29 01:02:00.798134,,MKT,"{'strategy_name': '', 'symbol': 'MNQ1!', 'date': '2026-07-28T20:02:00-0500', 'data': 'CLOSE', 'quantity': 1, 'risk_percentage': 0.0, 'price': '0.00', 'stp_limit_stp_price': 0, 'dollar_tp': 0, 'percentage_tp': 0, 'tp': 0, 'dollar_sl': 0, 'percentage_sl': 0, 'sl': 0, 'trail': 0, 'trail_stop': 0, 'trail_trigger': 0, 'trail_freq': 0, 'update_tp': False, 'update_sl': False, 'breakeven': 0, 'breakeven_offset': 0, 'token': 'YOUR_PICKMYTRADE_TOKEN_HERE', 'pyramid': True, 'same_direction_ignore': False, 'reverse_order_close': True, 'full_closed': True, 'account_id': 'YOUR_ACCOUNT_ID_6', 'comment': '', 'main_token_type': 'DEMO', 'duplicate_position_allow': True, 'order_type': None, 'gtd_in_second': 0, 'reverse_action': False, 'created_first': '', 'tif': 'GTC'}",,,,"Can not Send, Price Not Found. in Setting OrderType is LMT",,4
20292716,MNQ1!,MNQU6,CLOSE,2026-07-28T20:02:00-0500,2026-07-29,2026-07-29 01:02:00.791511,0,LMT,"{'strategy_name': '', 'symbol': 'MNQ1!', 'date': '2026-07-28T20:02:00-0500', 'data': 'CLOSE', 'quantity': 1, 'risk_percentage': 0.0, 'price': '0.00', 'stp_limit_stp_price': 0, 'dollar_tp': 0, 'percentage_tp': 0, 'tp': 0, 'dollar_sl': 0, 'percentage_sl': 0, 'sl': 0, 'trail': 0, 'trail_stop': 0, 'trail_trigger': 0, 'trail_freq': 0, 'update_tp': False, 'update_sl': False, 'breakeven': 0, 'breakeven_offset': 0, 'token': 'YOUR_PICKMYTRADE_TOKEN_HERE', 'pyramid': True, 'same_direction_ignore': False, 'reverse_order_close': True, 'full_closed': True, 'account_id': 'YOUR_ACCOUNT_ID_6', 'comment': '', 'main_token_type': 'DEMO', 'duplicate_position_allow': True, 'order_type': None, 'gtd_in_second': 0, 'reverse_action': False, 'created_first': '', 'tif': 'GTC'}",,,,Unable to Send: Price Missing. In Setting OrderType is LMT,,4
20292715,MNQ1!,MNQ1!,CLOSE,2026-07-28T20:02:00-0500,2026-07-29,2026-07-29 01:02:00.775552,,MKT,"{'strategy_name': '', 'symbol': 'MNQ1!', 'date': '2026-07-28T20:02:00-0500', 'data': 'CLOSE', 'quantity': 1, 'risk_percentage': 0.0, 'price': '0.00', 'stp_limit_stp_price': 0, 'dollar_tp': 0, 'percentage_tp': 0, 'tp': 0, 'dollar_sl': 0, 'percentage_sl': 0, 'sl': 0, 'trail': 0, 'trail_stop': 0, 'trail_trigger': 0, 'trail_freq': 0, 'update_tp': False, 'update_sl': False, 'breakeven': 0, 'breakeven_offset': 0, 'token': 'YOUR_PICKMYTRADE_TOKEN_HERE', 'pyramid': True, 'same_direction_ignore': False, 'reverse_order_close': True, 'full_closed': True, 'account_id': 'YOUR_ACCOUNT_ID_5', 'comment': '', 'main_token_type': 'DEMO', 'duplicate_position_allow': True, 'order_type': None, 'gtd_in_second': 0, 'reverse_action': False, 'created_first': '', 'tif': 'GTC'}",,,,"Can not Send, Price Not Found. in Setting OrderType is LMT",,4
20292714,MNQ1!,MNQU6,CLOSE,2026-07-28T20:02:00-0500,2026-07-29,2026-07-29 01:02:00.768723,0,LMT,"{'strategy_name': '', 'symbol': 'MNQ1!', 'date': '2026-07-28T20:02:00-0500', 'data': 'CLOSE', 'quantity': 1, 'risk_percentage': 0.0, 'price': '0.00', 'stp_limit_stp_price': 0, 'dollar_tp': 0, 'percentage_tp': 0, 'tp': 0, 'dollar_sl': 0, 'percentage_sl': 0, 'sl': 0, 'trail': 0, 'trail_stop': 0, 'trail_trigger': 0, 'trail_freq': 0, 'update_tp': False, 'update_sl': False, 'breakeven': 0, 'breakeven_offset': 0, 'token': 'YOUR_PICKMYTRADE_TOKEN_HERE', 'pyramid': True, 'same_direction_ignore': False, 'reverse_order_close': True, 'full_closed': True, 'account_id': 'YOUR_ACCOUNT_ID_5', 'comment': '', 'main_token_type': 'DEMO', 'duplicate_position_allow': True, 'order_type': None, 'gtd_in_second': 0, 'reverse_action': False, 'created_first': '', 'tif': 'GTC'}",,,,Unable to Send: Price Missing. In Setting OrderType is LMT,,4
20292711,MNQ1!,MNQ1!,CLOSE,2026-07-28T20:02:00-0500,2026-07-29,2026-07-29 01:02:00.749628,,MKT,"{'strategy_name': '', 'symbol': 'MNQ1!', 'date': '2026-07-28T20:02:00-0500', 'data': 'CLOSE', 'quantity': 1, 'risk_percentage': 0.0, 'price': '0.00', 'stp_limit_stp_price': 0, 'dollar_tp': 0, 'percentage_tp': 0, 'tp': 0, 'dollar_sl': 0, 'percentage_sl': 0, 'sl': 0, 'trail': 0, 'trail_stop': 0, 'trail_trigger': 0, 'trail_freq': 0, 'update_tp': False, 'update_sl': False, 'breakeven': 0, 'breakeven_offset': 0, 'token': 'YOUR_PICKMYTRADE_TOKEN_HERE', 'pyramid': True, 'same_direction_ignore': False, 'reverse_order_close': True, 'full_closed': True, 'account_id': 'YOUR_ACCOUNT_ID_4', 'comment': '', 'main_token_type': 'DEMO', 'duplicate_position_allow': True, 'order_type': None, 'gtd_in_second': 0, 'reverse_action': False, 'created_first': '', 'tif': 'GTC'}",,,,"Can not Send, Price Not Found. in Setting OrderType is LMT",,4
20292710,MNQ1!,MNQU6,CLOSE,2026-07-28T20:02:00-0500,2026-07-29,2026-07-29 01:02:00.742120,0,LMT,"{'strategy_name': '', 'symbol': 'MNQ1!', 'date': '2026-07-28T20:02:00-0500', 'data': 'CLOSE', 'quantity': 1, 'risk_percentage': 0.0, 'price': '0.00', 'stp_limit_stp_price': 0, 'dollar_tp': 0, 'percentage_tp': 0, 'tp': 0, 'dollar_sl': 0, 'percentage_sl': 0, 'sl': 0, 'trail': 0, 'trail_stop': 0, 'trail_trigger': 0, 'trail_freq': 0, 'update_tp': False, 'update_sl': False, 'breakeven': 0, 'breakeven_offset': 0, 'token': 'YOUR_PICKMYTRADE_TOKEN_HERE', 'pyramid': True, 'same_direction_ignore': False, 'reverse_order_close': True, 'full_closed': True, 'account_id': 'YOUR_ACCOUNT_ID_4', 'comment': '', 'main_token_type': 'DEMO', 'duplicate_position_allow': True, 'order_type': None, 'gtd_in_second': 0, 'reverse_action': False, 'created_first': '', 'tif': 'GTC'}",,,,Unable to Send: Price Missing. In Setting OrderType is LMT,,4
20292709,MNQ1!,MNQ1!,CLOSE,2026-07-28T20:02:00-0500,2026-07-29,2026-07-29 01:02:00.723786,,MKT,"{'strategy_name': '', 'symbol': 'MNQ1!', 'date': '2026-07-28T20:02:00-0500', 'data': 'CLOSE', 'quantity': 1, 'risk_percentage': 0.0, 'price': '0.00', 'stp_limit_stp_price': 0, 'dollar_tp': 0, 'percentage_tp': 0, 'tp': 0, 'dollar_sl': 0, 'percentage_sl': 0, 'sl': 0, 'trail': 0, 'trail_stop': 0, 'trail_trigger': 0, 'trail_freq': 0, 'update_tp': False, 'update_sl': False, 'breakeven': 0, 'breakeven_offset': 0, 'token': 'YOUR_PICKMYTRADE_TOKEN_HERE', 'pyramid': True, 'same_direction_ignore': False, 'reverse_order_close': True, 'full_closed': True, 'account_id': 'YOUR_ACCOUNT_ID_3', 'comment': '', 'main_token_type': 'DEMO', 'duplicate_position_allow': True, 'order_type': None, 'gtd_in_second': 0, 'reverse_action': False, 'created_first': '', 'tif': 'GTC'}",,,,"Can not Send, Price Not Found. in Setting OrderType is LMT",,4
20292707,MNQ1!,MNQU6,CLOSE,2026-07-28T20:02:00-0500,2026-07-29,2026-07-29 01:02:00.717287,0,LMT,"{'strategy_name': '', 'symbol': 'MNQ1!', 'date': '2026-07-28T20:02:00-0500', 'data': 'CLOSE', 'quantity': 1, 'risk_percentage': 0.0, 'price': '0.00', 'stp_limit_stp_price': 0, 'dollar_tp': 0, 'percentage_tp': 0, 'tp': 0, 'dollar_sl': 0, 'percentage_sl': 0, 'sl': 0, 'trail': 0, 'trail_stop': 0, 'trail_trigger': 0, 'trail_freq': 0, 'update_tp': False, 'update_sl': False, 'breakeven': 0, 'breakeven_offset': 0, 'token': 'YOUR_PICKMYTRADE_TOKEN_HERE', 'pyramid': True, 'same_direction_ignore': False, 'reverse_order_close': True, 'full_closed': True, 'account_id': 'YOUR_ACCOUNT_ID_3', 'comment': '', 'main_token_type': 'DEMO', 'duplicate_position_allow': True, 'order_type': None, 'gtd_in_second': 0, 'reverse_action': False, 'created_first': '', 'tif': 'GTC'}",,,,Unable to Send: Price Missing. In Setting OrderType is LMT,,4
20292706,MNQ1!,MNQ1!,CLOSE,2026-07-28T20:02:00-0500,2026-07-29,2026-07-29 01:02:00.698846,,MKT,"{'strategy_name': '', 'symbol': 'MNQ1!', 'date': '2026-07-28T20:02:00-0500', 'data': 'CLOSE', 'quantity': 1, 'risk_percentage': 0.0, 'price': '0.00', 'stp_limit_stp_price': 0, 'dollar_tp': 0, 'percentage_tp': 0, 'tp': 0, 'dollar_sl': 0, 'percentage_sl': 0, 'sl': 0, 'trail': 0, 'trail_stop': 0, 'trail_trigger': 0, 'trail_freq': 0, 'update_tp': False, 'update_sl': False, 'breakeven': 0, 'breakeven_offset': 0, 'token': 'YOUR_PICKMYTRADE_TOKEN_HERE', 'pyramid': True, 'same_direction_ignore': False, 'reverse_order_close': True, 'full_closed': True, 'account_id': 'YOUR_ACCOUNT_ID_2', 'comment': '', 'main_token_type': 'DEMO', 'duplicate_position_allow': True, 'order_type': None, 'gtd_in_second': 0, 'reverse_action': False, 'created_first': '', 'tif': 'GTC'}",,,,"Can not Send, Price Not Found. in Setting OrderType is LMT",,4
20292705,MNQ1!,MNQU6,CLOSE,2026-07-28T20:02:00-0500,2026-07-29,2026-07-29 01:02:00.691052,0,LMT,"{'strategy_name': '', 'symbol': 'MNQ1!', 'date': '2026-07-28T20:02:00-0500', 'data': 'CLOSE', 'quantity': 1, 'risk_percentage': 0.0, 'price': '0.00', 'stp_limit_stp_price': 0, 'dollar_tp': 0, 'percentage_tp': 0, 'tp': 0, 'dollar_sl': 0, 'percentage_sl': 0, 'sl': 0, 'trail': 0, 'trail_stop': 0, 'trail_trigger': 0, 'trail_freq': 0, 'update_tp': False, 'update_sl': False, 'breakeven': 0, 'breakeven_offset': 0, 'token': 'YOUR_PICKMYTRADE_TOKEN_HERE', 'pyramid': True, 'same_direction_ignore': False, 'reverse_order_close': True, 'full_closed': True, 'account_id': 'YOUR_ACCOUNT_ID_2', 'comment': '', 'main_token_type': 'DEMO', 'duplicate_position_allow': True, 'order_type': None, 'gtd_in_second': 0, 'reverse_action': False, 'created_first': '', 'tif': 'GTC'}",,,,Unable to Send: Price Missing. In Setting OrderType is LMT,,4
20292703,MNQ1!,MNQ1!,CLOSE,2026-07-28T20:02:00-0500,2026-07-29,2026-07-29 01:02:00.673143,,MKT,"{'strategy_name': '', 'symbol': 'MNQ1!', 'date': '2026-07-28T20:02:00-0500', 'data': 'CLOSE', 'quantity': 1, 'risk_percentage': 0.0, 'price': '0.00', 'stp_limit_stp_price': 0, 'dollar_tp': 0, 'percentage_tp': 0, 'tp': 0, 'dollar_sl': 0, 'percentage_sl': 0, 'sl': 0, 'trail': 0, 'trail_stop': 0, 'trail_trigger': 0, 'trail_freq': 0, 'update_tp': False, 'update_sl': False, 'breakeven': 0, 'breakeven_offset': 0, 'token': 'YOUR_PICKMYTRADE_TOKEN_HERE', 'pyramid': True, 'same_direction_ignore': False, 'reverse_order_close': True, 'full_closed': True, 'account_id': 'YOUR_ACCOUNT_ID_1', 'comment': '', 'main_token_type': 'DEMO', 'duplicate_position_allow': True, 'order_type': None, 'gtd_in_second': 0, 'reverse_action': False, 'created_first': '', 'tif': 'GTC'}",,,,"Can not Send, Price Not Found. in Setting OrderType is LMT",,4
20292701,MNQ1!,MNQU6,CLOSE,2026-07-28T20:02:00-0500,2026-07-29,2026-07-29 01:02:00.664570,0,LMT,"{'strategy_name': '', 'symbol': 'MNQ1!', 'date': '2026-07-28T20:02:00-0500', 'data': 'CLOSE', 'quantity': 1, 'risk_percentage': 0.0, 'price': '0.00', 'stp_limit_stp_price': 0, 'dollar_tp': 0, 'percentage_tp': 0, 'tp': 0, 'dollar_sl': 0, 'percentage_sl': 0, 'sl': 0, 'trail': 0, 'trail_stop': 0, 'trail_trigger': 0, 'trail_freq': 0, 'update_tp': False, 'update_sl': False, 'breakeven': 0, 'breakeven_offset': 0, 'token': 'YOUR_PICKMYTRADE_TOKEN_HERE', 'pyramid': True, 'same_direction_ignore': False, 'reverse_order_close': True, 'full_closed': True, 'account_id': 'YOUR_ACCOUNT_ID_1', 'comment': '', 'main_token_type': 'DEMO', 'duplicate_position_allow': True, 'order_type': None, 'gtd_in_second': 0, 'reverse_action': False, 'created_first': '', 'tif': 'GTC'}",,,,Unable to Send: Price Missing. In Setting OrderType is LMT,,4
20292652,MNQ1!,MNQU6,SELL,2026-07-28T20:01:15-0500,2026-07-29,2026-07-29 01:01:15.494192,28019.25,LMT,"{'strategy_name': '', 'symbol': 'MNQ1!', 'date': '2026-07-28T20:01:15-0500', 'data': 'SELL', 'quantity': 9, 'risk_percentage': 0.0, 'price': '28019.25', 'stp_limit_stp_price': 0, 'tp': 28006.25, 'percentage_tp': 0, 'dollar_tp': 0, 'sl': 28032.25, 'percentage_sl': 0, 'dollar_sl': 0, 'trail': 0, 'trail_stop': 0, 'trail_trigger': 0, 'trail_freq': 0, 'update_tp': False, 'update_sl': False, 'breakeven': 0, 'breakeven_offset': 0, 'token': 'YOUR_PICKMYTRADE_TOKEN_HERE', 'pyramid': True, 'same_direction_ignore': False, 'reverse_order_close': True, 'order_type': 'LMT', 'account_id': 'YOUR_ACCOUNT_ID_4', 'comment': '', 'full_closed': True, 'main_token_type': 'DEMO', 'duplicate_position_allow': True, 'gtd_in_second': 0, 'reverse_action': False, 'created_first': '', 'tif': 'GTC'}",597725410923,597725410924,597725410925,Order Placed,,4
20292651,MNQ1!,MNQU6,SELL,2026-07-28T20:01:15-0500,2026-07-29,2026-07-29 01:01:15.539307,28019.25,LMT,"{'strategy_name': '', 'symbol': 'MNQ1!', 'date': '2026-07-28T20:01:15-0500', 'data': 'SELL', 'quantity': 9, 'risk_percentage': 0.0, 'price': '28019.25', 'stp_limit_stp_price': 0, 'tp': 28006.25, 'percentage_tp': 0, 'dollar_tp': 0, 'sl': 28032.25, 'percentage_sl': 0, 'dollar_sl': 0, 'trail': 0, 'trail_stop': 0, 'trail_trigger': 0, 'trail_freq': 0, 'update_tp': False, 'update_sl': False, 'breakeven': 0, 'breakeven_offset': 0, 'token': 'YOUR_PICKMYTRADE_TOKEN_HERE', 'pyramid': True, 'same_direction_ignore': False, 'reverse_order_close': True, 'order_type': 'LMT', 'account_id': 'YOUR_ACCOUNT_ID_6', 'comment': '', 'full_closed': True, 'main_token_type': 'DEMO', 'duplicate_position_allow': True, 'gtd_in_second': 0, 'reverse_action': False, 'created_first': '', 'tif': 'GTC'}",597725400855,597725400856,597725400857,Order Placed,,4
20292650,MNQ1!,MNQU6,SELL,2026-07-28T20:01:15-0500,2026-07-29,2026-07-29 01:01:15.518823,28019.25,LMT,"{'strategy_name': '', 'symbol': 'MNQ1!', 'date': '2026-07-28T20:01:15-0500', 'data': 'SELL', 'quantity': 9, 'risk_percentage': 0.0, 'price': '28019.25', 'stp_limit_stp_price': 0, 'tp': 28006.25, 'percentage_tp': 0, 'dollar_tp': 0, 'sl': 28032.25, 'percentage_sl': 0, 'dollar_sl': 0, 'trail': 0, 'trail_stop': 0, 'trail_trigger': 0, 'trail_freq': 0, 'update_tp': False, 'update_sl': False, 'breakeven': 0, 'breakeven_offset': 0, 'token': 'YOUR_PICKMYTRADE_TOKEN_HERE', 'pyramid': True, 'same_direction_ignore': False, 'reverse_order_close': True, 'order_type': 'LMT', 'account_id': 'YOUR_ACCOUNT_ID_5', 'comment': '', 'full_closed': True, 'main_token_type': 'DEMO', 'duplicate_position_allow': True, 'gtd_in_second': 0, 'reverse_action': False, 'created_first': '', 'tif': 'GTC'}",597725390855,597725390856,597725390857,Order Placed,,4
20292649,MNQ1!,MNQU6,SELL,2026-07-28T20:01:15-0500,2026-07-29,2026-07-29 01:01:15.453084,28019.25,LMT,"{'strategy_name': '', 'symbol': 'MNQ1!', 'date': '2026-07-28T20:01:15-0500', 'data': 'SELL', 'quantity': 9, 'risk_percentage': 0.0, 'price': '28019.25', 'stp_limit_stp_price': 0, 'tp': 28006.25, 'percentage_tp': 0, 'dollar_tp': 0, 'sl': 28032.25, 'percentage_sl': 0, 'dollar_sl': 0, 'trail': 0, 'trail_stop': 0, 'trail_trigger': 0, 'trail_freq': 0, 'update_tp': False, 'update_sl': False, 'breakeven': 0, 'breakeven_offset': 0, 'token': 'YOUR_PICKMYTRADE_TOKEN_HERE', 'pyramid': True, 'same_direction_ignore': False, 'reverse_order_close': True, 'order_type': 'LMT', 'account_id': 'YOUR_ACCOUNT_ID_2', 'comment': '', 'full_closed': True, 'main_token_type': 'DEMO', 'duplicate_position_allow': True, 'gtd_in_second': 0, 'reverse_action': False, 'created_first': '', 'tif': 'GTC'}",593395151602,593395151603,593395151604,Order Placed,,4
20292648,MNQ1!,MNQU6,SELL,2026-07-28T20:01:15-0500,2026-07-29,2026-07-29 01:01:15.474370,28019.25,LMT,"{'strategy_name': '', 'symbol': 'MNQ1!', 'date': '2026-07-28T20:01:15-0500', 'data': 'SELL', 'quantity': 9, 'risk_percentage': 0.0, 'price': '28019.25', 'stp_limit_stp_price': 0, 'tp': 28006.25, 'percentage_tp': 0, 'dollar_tp': 0, 'sl': 28032.25, 'percentage_sl': 0, 'dollar_sl': 0, 'trail': 0, 'trail_stop': 0, 'trail_trigger': 0, 'trail_freq': 0, 'update_tp': False, 'update_sl': False, 'breakeven': 0, 'breakeven_offset': 0, 'token': 'YOUR_PICKMYTRADE_TOKEN_HERE', 'pyramid': True, 'same_direction_ignore': False, 'reverse_order_close': True, 'order_type': 'LMT', 'account_id': 'YOUR_ACCOUNT_ID_3', 'comment': '', 'full_closed': True, 'main_token_type': 'DEMO', 'duplicate_position_allow': True, 'gtd_in_second': 0, 'reverse_action': False, 'created_first': '', 'tif': 'GTC'}",593395181776,593395181777,593395181778,Order Placed,,4
20292646,MNQ1!,MNQU6,SELL,2026-07-28T20:01:15-0500,2026-07-29,2026-07-29 01:01:15.430835,28019.25,LMT,"{'strategy_name': '', 'symbol': 'MNQ1!', 'date': '2026-07-28T20:01:15-0500', 'data': 'SELL', 'quantity': 9, 'risk_percentage': 0.0, 'price': '28019.25', 'stp_limit_stp_price': 0, 'tp': 28006.25, 'percentage_tp': 0, 'dollar_tp': 0, 'sl': 28032.25, 'percentage_sl': 0, 'dollar_sl': 0, 'trail': 0, 'trail_stop': 0, 'trail_trigger': 0, 'trail_freq': 0, 'update_tp': False, 'update_sl': False, 'breakeven': 0, 'breakeven_offset': 0, 'token': 'YOUR_PICKMYTRADE_TOKEN_HERE', 'pyramid': True, 'same_direction_ignore': False, 'reverse_order_close': True, 'order_type': 'LMT', 'account_id': 'YOUR_ACCOUNT_ID_1', 'comment': '', 'full_closed': True, 'main_token_type': 'DEMO', 'duplicate_position_allow': True, 'gtd_in_second': 0, 'reverse_action': False, 'created_first': '', 'tif': 'GTC'}",593395141325,593395141326,593395141327,Order Placed,,4
20292322,MNQ1!,MNQ1!,CLOSE,2026-07-28T19:55:00-0500,2026-07-29,2026-07-29 00:55:00.817434,,MKT,"{'strategy_name': '', 'symbol': 'MNQ1!', 'date': '2026-07-28T19:55:00-0500', 'data': 'CLOSE', 'quantity': 1, 'risk_percentage': 0.0, 'price': '0.00', 'stp_limit_stp_price': 0, 'dollar_tp': 0, 'percentage_tp': 0, 'tp': 0, 'dollar_sl': 0, 'percentage_sl': 0, 'sl': 0, 'trail': 0, 'trail_stop': 0, 'trail_trigger': 0, 'trail_freq': 0, 'update_tp': False, 'update_sl': False, 'breakeven': 0, 'breakeven_offset': 0, 'token': 'YOUR_PICKMYTRADE_TOKEN_HERE', 'pyramid': True, 'same_direction_ignore': False, 'reverse_order_close': True, 'full_closed': True, 'account_id': 'YOUR_ACCOUNT_ID_6', 'comment': '', 'main_token_type': 'DEMO', 'duplicate_position_allow': True, 'order_type': None, 'gtd_in_second': 0, 'reverse_action': False, 'created_first': '', 'tif': 'GTC'}",,,,"Can not Send, Price Not Found. in Setting OrderType is LMT",,4
20292321,MNQ1!,MNQU6,CLOSE,2026-07-28T19:55:00-0500,2026-07-29,2026-07-29 00:55:00.811388,0,LMT,"{'strategy_name': '', 'symbol': 'MNQ1!', 'date': '2026-07-28T19:55:00-0500', 'data': 'CLOSE', 'quantity': 1, 'risk_percentage': 0.0, 'price': '0.00', 'stp_limit_stp_price': 0, 'dollar_tp': 0, 'percentage_tp': 0, 'tp': 0, 'dollar_sl': 0, 'percentage_sl': 0, 'sl': 0, 'trail': 0, 'trail_stop': 0, 'trail_trigger': 0, 'trail_freq': 0, 'update_tp': False, 'update_sl': False, 'breakeven': 0, 'breakeven_offset': 0, 'token': 'YOUR_PICKMYTRADE_TOKEN_HERE', 'pyramid': True, 'same_direction_ignore': False, 'reverse_order_close': True, 'full_closed': True, 'account_id': 'YOUR_ACCOUNT_ID_6', 'comment': '', 'main_token_type': 'DEMO', 'duplicate_position_allow': True, 'order_type': None, 'gtd_in_second': 0, 'reverse_action': False, 'created_first': '', 'tif': 'GTC'}",,,,Unable to Send: Price Missing. In Setting OrderType is LMT,,4
20292320,MNQ1!,MNQ1!,CLOSE,2026-07-28T19:55:00-0500,2026-07-29,2026-07-29 00:55:00.794456,,MKT,"{'strategy_name': '', 'symbol': 'MNQ1!', 'date': '2026-07-28T19:55:00-0500', 'data': 'CLOSE', 'quantity': 1, 'risk_percentage': 0.0, 'price': '0.00', 'stp_limit_stp_price': 0, 'dollar_tp': 0, 'percentage_tp': 0, 'tp': 0, 'dollar_sl': 0, 'percentage_sl': 0, 'sl': 0, 'trail': 0, 'trail_stop': 0, 'trail_trigger': 0, 'trail_freq': 0, 'update_tp': False, 'update_sl': False, 'breakeven': 0, 'breakeven_offset': 0, 'token': 'YOUR_PICKMYTRADE_TOKEN_HERE', 'pyramid': True, 'same_direction_ignore': False, 'reverse_order_close': True, 'full_closed': True, 'account_id': 'YOUR_ACCOUNT_ID_5', 'comment': '', 'main_token_type': 'DEMO', 'duplicate_position_allow': True, 'order_type': None, 'gtd_in_second': 0, 'reverse_action': False, 'created_first': '', 'tif': 'GTC'}",,,,"Can not Send, Price Not Found. in Setting OrderType is LMT",,4
20292319,MNQ1!,MNQU6,CLOSE,2026-07-28T19:55:00-0500,2026-07-29,2026-07-29 00:55:00.788091,0,LMT,"{'strategy_name': '', 'symbol': 'MNQ1!', 'date': '2026-07-28T19:55:00-0500', 'data': 'CLOSE', 'quantity': 1, 'risk_percentage': 0.0, 'price': '0.00', 'stp_limit_stp_price': 0, 'dollar_tp': 0, 'percentage_tp': 0, 'tp': 0, 'dollar_sl': 0, 'percentage_sl': 0, 'sl': 0, 'trail': 0, 'trail_stop': 0, 'trail_trigger': 0, 'trail_freq': 0, 'update_tp': False, 'update_sl': False, 'breakeven': 0, 'breakeven_offset': 0, 'token': 'YOUR_PICKMYTRADE_TOKEN_HERE', 'pyramid': True, 'same_direction_ignore': False, 'reverse_order_close': True, 'full_closed': True, 'account_id': 'YOUR_ACCOUNT_ID_5', 'comment': '', 'main_token_type': 'DEMO', 'duplicate_position_allow': True, 'order_type': None, 'gtd_in_second': 0, 'reverse_action': False, 'created_first': '', 'tif': 'GTC'}",,,,Unable to Send: Price Missing. In Setting OrderType is LMT,,4
20292318,MNQ1!,MNQ1!,CLOSE,2026-07-28T19:55:00-0500,2026-07-29,2026-07-29 00:55:00.772912,,MKT,"{'strategy_name': '', 'symbol': 'MNQ1!', 'date': '2026-07-28T19:55:00-0500', 'data': 'CLOSE', 'quantity': 1, 'risk_percentage': 0.0, 'price': '0.00', 'stp_limit_stp_price': 0, 'dollar_tp': 0, 'percentage_tp': 0, 'tp': 0, 'dollar_sl': 0, 'percentage_sl': 0, 'sl': 0, 'trail': 0, 'trail_stop': 0, 'trail_trigger': 0, 'trail_freq': 0, 'update_tp': False, 'update_sl': False, 'breakeven': 0, 'breakeven_offset': 0, 'token': 'YOUR_PICKMYTRADE_TOKEN_HERE', 'pyramid': True, 'same_direction_ignore': False, 'reverse_order_close': True, 'full_closed': True, 'account_id': 'YOUR_ACCOUNT_ID_4', 'comment': '', 'main_token_type': 'DEMO', 'duplicate_position_allow': True, 'order_type': None, 'gtd_in_second': 0, 'reverse_action': False, 'created_first': '', 'tif': 'GTC'}",,,,"Can not Send, Price Not Found. in Setting OrderType is LMT",,4
20292317,MNQ1!,MNQU6,CLOSE,2026-07-28T19:55:00-0500,2026-07-29,2026-07-29 00:55:00.767135,0,LMT,"{'strategy_name': '', 'symbol': 'MNQ1!', 'date': '2026-07-28T19:55:00-0500', 'data': 'CLOSE', 'quantity': 1, 'risk_percentage': 0.0, 'price': '0.00', 'stp_limit_stp_price': 0, 'dollar_tp': 0, 'percentage_tp': 0, 'tp': 0, 'dollar_sl': 0, 'percentage_sl': 0, 'sl': 0, 'trail': 0, 'trail_stop': 0, 'trail_trigger': 0, 'trail_freq': 0, 'update_tp': False, 'update_sl': False, 'breakeven': 0, 'breakeven_offset': 0, 'token': 'YOUR_PICKMYTRADE_TOKEN_HERE', 'pyramid': True, 'same_direction_ignore': False, 'reverse_order_close': True, 'full_closed': True, 'account_id': 'YOUR_ACCOUNT_ID_4', 'comment': '', 'main_token_type': 'DEMO', 'duplicate_position_allow': True, 'order_type': None, 'gtd_in_second': 0, 'reverse_action': False, 'created_first': '', 'tif': 'GTC'}",,,,Unable to Send: Price Missing. In Setting OrderType is LMT,,4
20292316,MNQ1!,MNQ1!,CLOSE,2026-07-28T19:55:00-0500,2026-07-29,2026-07-29 00:55:00.752214,,MKT,"{'strategy_name': '', 'symbol': 'MNQ1!', 'date': '2026-07-28T19:55:00-0500', 'data': 'CLOSE', 'quantity': 1, 'risk_percentage': 0.0, 'price': '0.00', 'stp_limit_stp_price': 0, 'dollar_tp': 0, 'percentage_tp': 0, 'tp': 0, 'dollar_sl': 0, 'percentage_sl': 0, 'sl': 0, 'trail': 0, 'trail_stop': 0, 'trail_trigger': 0, 'trail_freq': 0, 'update_tp': False, 'update_sl': False, 'breakeven': 0, 'breakeven_offset': 0, 'token': 'YOUR_PICKMYTRADE_TOKEN_HERE', 'pyramid': True, 'same_direction_ignore': False, 'reverse_order_close': True, 'full_closed': True, 'account_id': 'YOUR_ACCOUNT_ID_3', 'comment': '', 'main_token_type': 'DEMO', 'duplicate_position_allow': True, 'order_type': None, 'gtd_in_second': 0, 'reverse_action': False, 'created_first': '', 'tif': 'GTC'}",,,,"Can not Send, Price Not Found. in Setting OrderType is LMT",,4
20292315,MNQ1!,MNQU6,CLOSE,2026-07-28T19:55:00-0500,2026-07-29,2026-07-29 00:55:00.746047,0,LMT,"{'strategy_name': '', 'symbol': 'MNQ1!', 'date': '2026-07-28T19:55:00-0500', 'data': 'CLOSE', 'quantity': 1, 'risk_percentage': 0.0, 'price': '0.00', 'stp_limit_stp_price': 0, 'dollar_tp': 0, 'percentage_tp': 0, 'tp': 0, 'dollar_sl': 0, 'percentage_sl': 0, 'sl': 0, 'trail': 0, 'trail_stop': 0, 'trail_trigger': 0, 'trail_freq': 0, 'update_tp': False, 'update_sl': False, 'breakeven': 0, 'breakeven_offset': 0, 'token': 'YOUR_PICKMYTRADE_TOKEN_HERE', 'pyramid': True, 'same_direction_ignore': False, 'reverse_order_close': True, 'full_closed': True, 'account_id': 'YOUR_ACCOUNT_ID_3', 'comment': '', 'main_token_type': 'DEMO', 'duplicate_position_allow': True, 'order_type': None, 'gtd_in_second': 0, 'reverse_action': False, 'created_first': '', 'tif': 'GTC'}",,,,Unable to Send: Price Missing. In Setting OrderType is LMT,,4
20292314,MNQ1!,MNQ1!,CLOSE,2026-07-28T19:55:00-0500,2026-07-29,2026-07-29 00:55:00.730693,,MKT,"{'strategy_name': '', 'symbol': 'MNQ1!', 'date': '2026-07-28T19:55:00-0500', 'data': 'CLOSE', 'quantity': 1, 'risk_percentage': 0.0, 'price': '0.00', 'stp_limit_stp_price': 0, 'dollar_tp': 0, 'percentage_tp': 0, 'tp': 0, 'dollar_sl': 0, 'percentage_sl': 0, 'sl': 0, 'trail': 0, 'trail_stop': 0, 'trail_trigger': 0, 'trail_freq': 0, 'update_tp': False, 'update_sl': False, 'breakeven': 0, 'breakeven_offset': 0, 'token': 'YOUR_PICKMYTRADE_TOKEN_HERE', 'pyramid': True, 'same_direction_ignore': False, 'reverse_order_close': True, 'full_closed': True, 'account_id': 'YOUR_ACCOUNT_ID_2', 'comment': '', 'main_token_type': 'DEMO', 'duplicate_position_allow': True, 'order_type': None, 'gtd_in_second': 0, 'reverse_action': False, 'created_first': '', 'tif': 'GTC'}",,,,"Can not Send, Price Not Found. in Setting OrderType is LMT",,4
20292313,MNQ1!,MNQU6,CLOSE,2026-07-28T19:55:00-0500,2026-07-29,2026-07-29 00:55:00.724921,0,LMT,"{'strategy_name': '', 'symbol': 'MNQ1!', 'date': '2026-07-28T19:55:00-0500', 'data': 'CLOSE', 'quantity': 1, 'risk_percentage': 0.0, 'price': '0.00', 'stp_limit_stp_price': 0, 'dollar_tp': 0, 'percentage_tp': 0, 'tp': 0, 'dollar_sl': 0, 'percentage_sl': 0, 'sl': 0, 'trail': 0, 'trail_stop': 0, 'trail_trigger': 0, 'trail_freq': 0, 'update_tp': False, 'update_sl': False, 'breakeven': 0, 'breakeven_offset': 0, 'token': 'YOUR_PICKMYTRADE_TOKEN_HERE', 'pyramid': True, 'same_direction_ignore': False, 'reverse_order_close': True, 'full_closed': True, 'account_id': 'YOUR_ACCOUNT_ID_2', 'comment': '', 'main_token_type': 'DEMO', 'duplicate_position_allow': True, 'order_type': None, 'gtd_in_second': 0, 'reverse_action': False, 'created_first': '', 'tif': 'GTC'}",,,,Unable to Send: Price Missing. In Setting OrderType is LMT,,4
20292312,MNQ1!,MNQ1!,CLOSE,2026-07-28T19:55:00-0500,2026-07-29,2026-07-29 00:55:00.709691,,MKT,"{'strategy_name': '', 'symbol': 'MNQ1!', 'date': '2026-07-28T19:55:00-0500', 'data': 'CLOSE', 'quantity': 1, 'risk_percentage': 0.0, 'price': '0.00', 'stp_limit_stp_price': 0, 'dollar_tp': 0, 'percentage_tp': 0, 'tp': 0, 'dollar_sl': 0, 'percentage_sl': 0, 'sl': 0, 'trail': 0, 'trail_stop': 0, 'trail_trigger': 0, 'trail_freq': 0, 'update_tp': False, 'update_sl': False, 'breakeven': 0, 'breakeven_offset': 0, 'token': 'YOUR_PICKMYTRADE_TOKEN_HERE', 'pyramid': True, 'same_direction_ignore': False, 'reverse_order_close': True, 'full_closed': True, 'account_id': 'YOUR_ACCOUNT_ID_1', 'comment': '', 'main_token_type': 'DEMO', 'duplicate_position_allow': True, 'order_type': None, 'gtd_in_second': 0, 'reverse_action': False, 'created_first': '', 'tif': 'GTC'}",,,,"Can not Send, Price Not Found. in Setting OrderType is LMT",,4
20292311,MNQ1!,MNQU6,CLOSE,2026-07-28T19:55:00-0500,2026-07-29,2026-07-29 00:55:00.703015,0,LMT,"{'strategy_name': '', 'symbol': 'MNQ1!', 'date': '2026-07-28T19:55:00-0500', 'data': 'CLOSE', 'quantity': 1, 'risk_percentage': 0.0, 'price': '0.00', 'stp_limit_stp_price': 0, 'dollar_tp': 0, 'percentage_tp': 0, 'tp': 0, 'dollar_sl': 0, 'percentage_sl': 0, 'sl': 0, 'trail': 0, 'trail_stop': 0, 'trail_trigger': 0, 'trail_freq': 0, 'update_tp': False, 'update_sl': False, 'breakeven': 0, 'breakeven_offset': 0, 'token': 'YOUR_PICKMYTRADE_TOKEN_HERE', 'pyramid': True, 'same_direction_ignore': False, 'reverse_order_close': True, 'full_closed': True, 'account_id': 'YOUR_ACCOUNT_ID_1', 'comment': '', 'main_token_type': 'DEMO', 'duplicate_position_allow': True, 'order_type': None, 'gtd_in_second': 0, 'reverse_action': False, 'created_first': '', 'tif': 'GTC'}",,,,Unable to Send: Price Missing. In Setting OrderType is LMT,,4
20292212,MNQ1!,MNQ1!,CLOSE,2026-07-28T19:53:15-0500,2026-07-29,2026-07-29 00:53:15.516031,,MKT,"{'strategy_name': '', 'symbol': 'MNQ1!', 'date': '2026-07-28T19:53:15-0500', 'data': 'CLOSE', 'quantity': 1, 'risk_percentage': 0.0, 'price': '0.00', 'stp_limit_stp_price': 0, 'dollar_tp': 0, 'percentage_tp': 0, 'tp': 0, 'dollar_sl': 0, 'percentage_sl': 0, 'sl': 0, 'trail': 0, 'trail_stop': 0, 'trail_trigger': 0, 'trail_freq': 0, 'update_tp': False, 'update_sl': False, 'breakeven': 0, 'breakeven_offset': 0, 'token': 'YOUR_PICKMYTRADE_TOKEN_HERE', 'pyramid': True, 'same_direction_ignore': False, 'reverse_order_close': True, 'full_closed': True, 'account_id': 'YOUR_ACCOUNT_ID_6', 'comment': '', 'main_token_type': 'DEMO', 'duplicate_position_allow': True, 'order_type': None, 'gtd_in_second': 0, 'reverse_action': False, 'created_first': '', 'tif': 'GTC'}",,,,"Can not Send, Price Not Found. in Setting OrderType is LMT",,4
20292211,MNQ1!,MNQU6,CLOSE,2026-07-28T19:53:15-0500,2026-07-29,2026-07-29 00:53:15.510550,0,LMT,"{'strategy_name': '', 'symbol': 'MNQ1!', 'date': '2026-07-28T19:53:15-0500', 'data': 'CLOSE', 'quantity': 1, 'risk_percentage': 0.0, 'price': '0.00', 'stp_limit_stp_price': 0, 'dollar_tp': 0, 'percentage_tp': 0, 'tp': 0, 'dollar_sl': 0, 'percentage_sl': 0, 'sl': 0, 'trail': 0, 'trail_stop': 0, 'trail_trigger': 0, 'trail_freq': 0, 'update_tp': False, 'update_sl': False, 'breakeven': 0, 'breakeven_offset': 0, 'token': 'YOUR_PICKMYTRADE_TOKEN_HERE', 'pyramid': True, 'same_direction_ignore': False, 'reverse_order_close': True, 'full_closed': True, 'account_id': 'YOUR_ACCOUNT_ID_6', 'comment': '', 'main_token_type': 'DEMO', 'duplicate_position_allow': True, 'order_type': None, 'gtd_in_second': 0, 'reverse_action': False, 'created_first': '', 'tif': 'GTC'}",,,,Unable to Send: Price Missing. In Setting OrderType is LMT,,4
20292210,MNQ1!,MNQ1!,CLOSE,2026-07-28T19:53:15-0500,2026-07-29,2026-07-29 00:53:15.493588,,MKT,"{'strategy_name': '', 'symbol': 'MNQ1!', 'date': '2026-07-28T19:53:15-0500', 'data': 'CLOSE', 'quantity': 1, 'risk_percentage': 0.0, 'price': '0.00', 'stp_limit_stp_price': 0, 'dollar_tp': 0, 'percentage_tp': 0, 'tp': 0, 'dollar_sl': 0, 'percentage_sl': 0, 'sl': 0, 'trail': 0, 'trail_stop': 0, 'trail_trigger': 0, 'trail_freq': 0, 'update_tp': False, 'update_sl': False, 'breakeven': 0, 'breakeven_offset': 0, 'token': 'YOUR_PICKMYTRADE_TOKEN_HERE', 'pyramid': True, 'same_direction_ignore': False, 'reverse_order_close': True, 'full_closed': True, 'account_id': 'YOUR_ACCOUNT_ID_5', 'comment': '', 'main_token_type': 'DEMO', 'duplicate_position_allow': True, 'order_type': None, 'gtd_in_second': 0, 'reverse_action': False, 'created_first': '', 'tif': 'GTC'}",,,,"Can not Send, Price Not Found. in Setting OrderType is LMT",,4
20292209,MNQ1!,MNQU6,CLOSE,2026-07-28T19:53:15-0500,2026-07-29,2026-07-29 00:53:15.487905,0,LMT,"{'strategy_name': '', 'symbol': 'MNQ1!', 'date': '2026-07-28T19:53:15-0500', 'data': 'CLOSE', 'quantity': 1, 'risk_percentage': 0.0, 'price': '0.00', 'stp_limit_stp_price': 0, 'dollar_tp': 0, 'percentage_tp': 0, 'tp': 0, 'dollar_sl': 0, 'percentage_sl': 0, 'sl': 0, 'trail': 0, 'trail_stop': 0, 'trail_trigger': 0, 'trail_freq': 0, 'update_tp': False, 'update_sl': False, 'breakeven': 0, 'breakeven_offset': 0, 'token': 'YOUR_PICKMYTRADE_TOKEN_HERE', 'pyramid': True, 'same_direction_ignore': False, 'reverse_order_close': True, 'full_closed': True, 'account_id': 'YOUR_ACCOUNT_ID_5', 'comment': '', 'main_token_type': 'DEMO', 'duplicate_position_allow': True, 'order_type': None, 'gtd_in_second': 0, 'reverse_action': False, 'created_first': '', 'tif': 'GTC'}",,,,Unable to Send: Price Missing. In Setting OrderType is LMT,,4
20292208,MNQ1!,MNQ1!,CLOSE,2026-07-28T19:53:15-0500,2026-07-29,2026-07-29 00:53:15.473575,,MKT,"{'strategy_name': '', 'symbol': 'MNQ1!', 'date': '2026-07-28T19:53:15-0500', 'data': 'CLOSE', 'quantity': 1, 'risk_percentage': 0.0, 'price': '0.00', 'stp_limit_stp_price': 0, 'dollar_tp': 0, 'percentage_tp': 0, 'tp': 0, 'dollar_sl': 0, 'percentage_sl': 0, 'sl': 0, 'trail': 0, 'trail_stop': 0, 'trail_trigger': 0, 'trail_freq': 0, 'update_tp': False, 'update_sl': False, 'breakeven': 0, 'breakeven_offset': 0, 'token': 'YOUR_PICKMYTRADE_TOKEN_HERE', 'pyramid': True, 'same_direction_ignore': False, 'reverse_order_close': True, 'full_closed': True, 'account_id': 'YOUR_ACCOUNT_ID_4', 'comment': '', 'main_token_type': 'DEMO', 'duplicate_position_allow': True, 'order_type': None, 'gtd_in_second': 0, 'reverse_action': False, 'created_first': '', 'tif': 'GTC'}",,,,"Can not Send, Price Not Found. in Setting OrderType is LMT",,4
20292207,MNQ1!,MNQU6,CLOSE,2026-07-28T19:53:15-0500,2026-07-29,2026-07-29 00:53:15.468023,0,LMT,"{'strategy_name': '', 'symbol': 'MNQ1!', 'date': '2026-07-28T19:53:15-0500', 'data': 'CLOSE', 'quantity': 1, 'risk_percentage': 0.0, 'price': '0.00', 'stp_limit_stp_price': 0, 'dollar_tp': 0, 'percentage_tp': 0, 'tp': 0, 'dollar_sl': 0, 'percentage_sl': 0, 'sl': 0, 'trail': 0, 'trail_stop': 0, 'trail_trigger': 0, 'trail_freq': 0, 'update_tp': False, 'update_sl': False, 'breakeven': 0, 'breakeven_offset': 0, 'token': 'YOUR_PICKMYTRADE_TOKEN_HERE', 'pyramid': True, 'same_direction_ignore': False, 'reverse_order_close': True, 'full_closed': True, 'account_id': 'YOUR_ACCOUNT_ID_4', 'comment': '', 'main_token_type': 'DEMO', 'duplicate_position_allow': True, 'order_type': None, 'gtd_in_second': 0, 'reverse_action': False, 'created_first': '', 'tif': 'GTC'}",,,,Unable to Send: Price Missing. In Setting OrderType is LMT,,4
20292206,MNQ1!,MNQ1!,CLOSE,2026-07-28T19:53:15-0500,2026-07-29,2026-07-29 00:53:15.452020,,MKT,"{'strategy_name': '', 'symbol': 'MNQ1!', 'date': '2026-07-28T19:53:15-0500', 'data': 'CLOSE', 'quantity': 1, 'risk_percentage': 0.0, 'price': '0.00', 'stp_limit_stp_price': 0, 'dollar_tp': 0, 'percentage_tp': 0, 'tp': 0, 'dollar_sl': 0, 'percentage_sl': 0, 'sl': 0, 'trail': 0, 'trail_stop': 0, 'trail_trigger': 0, 'trail_freq': 0, 'update_tp': False, 'update_sl': False, 'breakeven': 0, 'breakeven_offset': 0, 'token': 'YOUR_PICKMYTRADE_TOKEN_HERE', 'pyramid': True, 'same_direction_ignore': False, 'reverse_order_close': True, 'full_closed': True, 'account_id': 'YOUR_ACCOUNT_ID_3', 'comment': '', 'main_token_type': 'DEMO', 'duplicate_position_allow': True, 'order_type': None, 'gtd_in_second': 0, 'reverse_action': False, 'created_first': '', 'tif': 'GTC'}",,,,"Can not Send, Price Not Found. in Setting OrderType is LMT",,4
20292205,MNQ1!,MNQU6,CLOSE,2026-07-28T19:53:15-0500,2026-07-29,2026-07-29 00:53:15.446601,0,LMT,"{'strategy_name': '', 'symbol': 'MNQ1!', 'date': '2026-07-28T19:53:15-0500', 'data': 'CLOSE', 'quantity': 1, 'risk_percentage': 0.0, 'price': '0.00', 'stp_limit_stp_price': 0, 'dollar_tp': 0, 'percentage_tp': 0, 'tp': 0, 'dollar_sl': 0, 'percentage_sl': 0, 'sl': 0, 'trail': 0, 'trail_stop': 0, 'trail_trigger': 0, 'trail_freq': 0, 'update_tp': False, 'update_sl': False, 'breakeven': 0, 'breakeven_offset': 0, 'token': 'YOUR_PICKMYTRADE_TOKEN_HERE', 'pyramid': True, 'same_direction_ignore': False, 'reverse_order_close': True, 'full_closed': True, 'account_id': 'YOUR_ACCOUNT_ID_3', 'comment': '', 'main_token_type': 'DEMO', 'duplicate_position_allow': True, 'order_type': None, 'gtd_in_second': 0, 'reverse_action': False, 'created_first': '', 'tif': 'GTC'}",,,,Unable to Send: Price Missing. In Setting OrderType is LMT,,4
20292204,MNQ1!,MNQ1!,CLOSE,2026-07-28T19:53:15-0500,2026-07-29,2026-07-29 00:53:15.432116,,MKT,"{'strategy_name': '', 'symbol': 'MNQ1!', 'date': '2026-07-28T19:53:15-0500', 'data': 'CLOSE', 'quantity': 1, 'risk_percentage': 0.0, 'price': '0.00', 'stp_limit_stp_price': 0, 'dollar_tp': 0, 'percentage_tp': 0, 'tp': 0, 'dollar_sl': 0, 'percentage_sl': 0, 'sl': 0, 'trail': 0, 'trail_stop': 0, 'trail_trigger': 0, 'trail_freq': 0, 'update_tp': False, 'update_sl': False, 'breakeven': 0, 'breakeven_offset': 0, 'token': 'YOUR_PICKMYTRADE_TOKEN_HERE', 'pyramid': True, 'same_direction_ignore': False, 'reverse_order_close': True, 'full_closed': True, 'account_id': 'YOUR_ACCOUNT_ID_2', 'comment': '', 'main_token_type': 'DEMO', 'duplicate_position_allow': True, 'order_type': None, 'gtd_in_second': 0, 'reverse_action': False, 'created_first': '', 'tif': 'GTC'}",,,,"Can not Send, Price Not Found. in Setting OrderType is LMT",,4
20292203,MNQ1!,MNQU6,CLOSE,2026-07-28T19:53:15-0500,2026-07-29,2026-07-29 00:53:15.426441,0,LMT,"{'strategy_name': '', 'symbol': 'MNQ1!', 'date': '2026-07-28T19:53:15-0500', 'data': 'CLOSE', 'quantity': 1, 'risk_percentage': 0.0, 'price': '0.00', 'stp_limit_stp_price': 0, 'dollar_tp': 0, 'percentage_tp': 0, 'tp': 0, 'dollar_sl': 0, 'percentage_sl': 0, 'sl': 0, 'trail': 0, 'trail_stop': 0, 'trail_trigger': 0, 'trail_freq': 0, 'update_tp': False, 'update_sl': False, 'breakeven': 0, 'breakeven_offset': 0, 'token': 'YOUR_PICKMYTRADE_TOKEN_HERE', 'pyramid': True, 'same_direction_ignore': False, 'reverse_order_close': True, 'full_closed': True, 'account_id': 'YOUR_ACCOUNT_ID_2', 'comment': '', 'main_token_type': 'DEMO', 'duplicate_position_allow': True, 'order_type': None, 'gtd_in_second': 0, 'reverse_action': False, 'created_first': '', 'tif': 'GTC'}",,,,Unable to Send: Price Missing. In Setting OrderType is LMT,,4
20292202,MNQ1!,MNQ1!,CLOSE,2026-07-28T19:53:15-0500,2026-07-29,2026-07-29 00:53:15.410574,,MKT,"{'strategy_name': '', 'symbol': 'MNQ1!', 'date': '2026-07-28T19:53:15-0500', 'data': 'CLOSE', 'quantity': 1, 'risk_percentage': 0.0, 'price': '0.00', 'stp_limit_stp_price': 0, 'dollar_tp': 0, 'percentage_tp': 0, 'tp': 0, 'dollar_sl': 0, 'percentage_sl': 0, 'sl': 0, 'trail': 0, 'trail_stop': 0, 'trail_trigger': 0, 'trail_freq': 0, 'update_tp': False, 'update_sl': False, 'breakeven': 0, 'breakeven_offset': 0, 'token': 'YOUR_PICKMYTRADE_TOKEN_HERE', 'pyramid': True, 'same_direction_ignore': False, 'reverse_order_close': True, 'full_closed': True, 'account_id': 'YOUR_ACCOUNT_ID_1', 'comment': '', 'main_token_type': 'DEMO', 'duplicate_position_allow': True, 'order_type': None, 'gtd_in_second': 0, 'reverse_action': False, 'created_first': '', 'tif': 'GTC'}",,,,"Can not Send, Price Not Found. in Setting OrderType is LMT",,4
20292201,MNQ1!,MNQU6,CLOSE,2026-07-28T19:53:15-0500,2026-07-29,2026-07-29 00:53:15.402791,0,LMT,"{'strategy_name': '', 'symbol': 'MNQ1!', 'date': '2026-07-28T19:53:15-0500', 'data': 'CLOSE', 'quantity': 1, 'risk_percentage': 0.0, 'price': '0.00', 'stp_limit_stp_price': 0, 'dollar_tp': 0, 'percentage_tp': 0, 'tp': 0, 'dollar_sl': 0, 'percentage_sl': 0, 'sl': 0, 'trail': 0, 'trail_stop': 0, 'trail_trigger': 0, 'trail_freq': 0, 'update_tp': False, 'update_sl': False, 'breakeven': 0, 'breakeven_offset': 0, 'token': 'YOUR_PICKMYTRADE_TOKEN_HERE', 'pyramid': True, 'same_direction_ignore': False, 'reverse_order_close': True, 'full_closed': True, 'account_id': 'YOUR_ACCOUNT_ID_1', 'comment': '', 'main_token_type': 'DEMO', 'duplicate_position_allow': True, 'order_type': None, 'gtd_in_second': 0, 'reverse_action': False, 'created_first': '', 'tif': 'GTC'}",,,,Unable to Send: Price Missing. In Setting OrderType is LMT,,4
20292170,MNQ1!,MNQU6,SELL,2026-07-28T19:52:45-0500,2026-07-29,2026-07-29 00:52:45.463266,28054.5,LMT,"{'strategy_name': '', 'symbol': 'MNQ1!', 'date': '2026-07-28T19:52:45-0500', 'data': 'SELL', 'quantity': 9, 'risk_percentage': 0.0, 'price': '28054.50', 'stp_limit_stp_price': 0, 'tp': 28041.5, 'percentage_tp': 0, 'dollar_tp': 0, 'sl': 28067.5, 'percentage_sl': 0, 'dollar_sl': 0, 'trail': 0, 'trail_stop': 0, 'trail_trigger': 0, 'trail_freq': 0, 'update_tp': False, 'update_sl': False, 'breakeven': 0, 'breakeven_offset': 0, 'token': 'YOUR_PICKMYTRADE_TOKEN_HERE', 'pyramid': True, 'same_direction_ignore': False, 'reverse_order_close': True, 'order_type': 'LMT', 'account_id': 'YOUR_ACCOUNT_ID_3', 'comment': '', 'full_closed': True, 'main_token_type': 'DEMO', 'duplicate_position_allow': True, 'gtd_in_second': 0, 'reverse_action': False, 'created_first': '', 'tif': 'GTC'}",593395181744,593395181745,593395181746,Order Placed,,4
20292169,MNQ1!,MNQU6,SELL,2026-07-28T19:52:45-0500,2026-07-29,2026-07-29 00:52:45.507057,28054.5,LMT,"{'strategy_name': '', 'symbol': 'MNQ1!', 'date': '2026-07-28T19:52:45-0500', 'data': 'SELL', 'quantity': 9, 'risk_percentage': 0.0, 'price': '28054.50', 'stp_limit_stp_price': 0, 'tp': 28041.5, 'percentage_tp': 0, 'dollar_tp': 0, 'sl': 28067.5, 'percentage_sl': 0, 'dollar_sl': 0, 'trail': 0, 'trail_stop': 0, 'trail_trigger': 0, 'trail_freq': 0, 'update_tp': False, 'update_sl': False, 'breakeven': 0, 'breakeven_offset': 0, 'token': 'YOUR_PICKMYTRADE_TOKEN_HERE', 'pyramid': True, 'same_direction_ignore': False, 'reverse_order_close': True, 'order_type': 'LMT', 'account_id': 'YOUR_ACCOUNT_ID_5', 'comment': '', 'full_closed': True, 'main_token_type': 'DEMO', 'duplicate_position_allow': True, 'gtd_in_second': 0, 'reverse_action': False, 'created_first': '', 'tif': 'GTC'}",597725390803,597725390804,597725390805,Order Placed,,4
20292168,MNQ1!,MNQU6,SELL,2026-07-28T19:52:45-0500,2026-07-29,2026-07-29 00:52:45.527670,28054.5,LMT,"{'strategy_name': '', 'symbol': 'MNQ1!', 'date': '2026-07-28T19:52:45-0500', 'data': 'SELL', 'quantity': 9, 'risk_percentage': 0.0, 'price': '28054.50', 'stp_limit_stp_price': 0, 'tp': 28041.5, 'percentage_tp': 0, 'dollar_tp': 0, 'sl': 28067.5, 'percentage_sl': 0, 'dollar_sl': 0, 'trail': 0, 'trail_stop': 0, 'trail_trigger': 0, 'trail_freq': 0, 'update_tp': False, 'update_sl': False, 'breakeven': 0, 'breakeven_offset': 0, 'token': 'YOUR_PICKMYTRADE_TOKEN_HERE', 'pyramid': True, 'same_direction_ignore': False, 'reverse_order_close': True, 'order_type': 'LMT', 'account_id': 'YOUR_ACCOUNT_ID_6', 'comment': '', 'full_closed': True, 'main_token_type': 'DEMO', 'duplicate_position_allow': True, 'gtd_in_second': 0, 'reverse_action': False, 'created_first': '', 'tif': 'GTC'}",597725400803,597725400804,597725400805,Order Placed,,4
20292167,MNQ1!,MNQU6,SELL,2026-07-28T19:52:45-0500,2026-07-29,2026-07-29 00:52:45.420627,28054.5,LMT,"{'strategy_name': '', 'symbol': 'MNQ1!', 'date': '2026-07-28T19:52:45-0500', 'data': 'SELL', 'quantity': 9, 'risk_percentage': 0.0, 'price': '28054.50', 'stp_limit_stp_price': 0, 'tp': 28041.5, 'percentage_tp': 0, 'dollar_tp': 0, 'sl': 28067.5, 'percentage_sl': 0, 'dollar_sl': 0, 'trail': 0, 'trail_stop': 0, 'trail_trigger': 0, 'trail_freq': 0, 'update_tp': False, 'update_sl': False, 'breakeven': 0, 'breakeven_offset': 0, 'token': 'YOUR_PICKMYTRADE_TOKEN_HERE', 'pyramid': True, 'same_direction_ignore': False, 'reverse_order_close': True, 'order_type': 'LMT', 'account_id': 'YOUR_ACCOUNT_ID_1', 'comment': '', 'full_closed': True, 'main_token_type': 'DEMO', 'duplicate_position_allow': True, 'gtd_in_second': 0, 'reverse_action': False, 'created_first': '', 'tif': 'GTC'}",593395141293,593395141294,593395141295,Order Placed,,4
20292166,MNQ1!,MNQU6,SELL,2026-07-28T19:52:45-0500,2026-07-29,2026-07-29 00:52:45.485694,28054.5,LMT,"{'strategy_name': '', 'symbol': 'MNQ1!', 'date': '2026-07-28T19:52:45-0500', 'data': 'SELL', 'quantity': 9, 'risk_percentage': 0.0, 'price': '28054.50', 'stp_limit_stp_price': 0, 'tp': 28041.5, 'percentage_tp': 0, 'dollar_tp': 0, 'sl': 28067.5, 'percentage_sl': 0, 'dollar_sl': 0, 'trail': 0, 'trail_stop': 0, 'trail_trigger': 0, 'trail_freq': 0, 'update_tp': False, 'update_sl': False, 'breakeven': 0, 'breakeven_offset': 0, 'token': 'YOUR_PICKMYTRADE_TOKEN_HERE', 'pyramid': True, 'same_direction_ignore': False, 'reverse_order_close': True, 'order_type': 'LMT', 'account_id': 'YOUR_ACCOUNT_ID_4', 'comment': '', 'full_closed': True, 'main_token_type': 'DEMO', 'duplicate_position_allow': True, 'gtd_in_second': 0, 'reverse_action': False, 'created_first': '', 'tif': 'GTC'}",597725410891,597725410892,597725410893,Order Placed,,4
20292165,MNQ1!,MNQU6,SELL,2026-07-28T19:52:45-0500,2026-07-29,2026-07-29 00:52:45.440704,28054.5,LMT,"{'strategy_name': '', 'symbol': 'MNQ1!', 'date': '2026-07-28T19:52:45-0500', 'data': 'SELL', 'quantity': 9, 'risk_percentage': 0.0, 'price': '28054.50', 'stp_limit_stp_price': 0, 'tp': 28041.5, 'percentage_tp': 0, 'dollar_tp': 0, 'sl': 28067.5, 'percentage_sl': 0, 'dollar_sl': 0, 'trail': 0, 'trail_stop': 0, 'trail_trigger': 0, 'trail_freq': 0, 'update_tp': False, 'update_sl': False, 'breakeven': 0, 'breakeven_offset': 0, 'token': 'YOUR_PICKMYTRADE_TOKEN_HERE', 'pyramid': True, 'same_direction_ignore': False, 'reverse_order_close': True, 'order_type': 'LMT', 'account_id': 'YOUR_ACCOUNT_ID_2', 'comment': '', 'full_closed': True, 'main_token_type': 'DEMO', 'duplicate_position_allow': True, 'gtd_in_second': 0, 'reverse_action': False, 'created_first': '', 'tif': 'GTC'}",593395151570,593395151571,593395151572,Order Placed,,4
20292155,MNQ1!,MNQ1!,CLOSE,2026-07-28T19:52:30-0500,2026-07-29,2026-07-29 00:52:30.547233,,MKT,"{'strategy_name': '', 'symbol': 'MNQ1!', 'date': '2026-07-28T19:52:30-0500', 'data': 'CLOSE', 'quantity': 1, 'risk_percentage': 0.0, 'price': '0.00', 'stp_limit_stp_price': 0, 'dollar_tp': 0, 'percentage_tp': 0, 'tp': 0, 'dollar_sl': 0, 'percentage_sl': 0, 'sl': 0, 'trail': 0, 'trail_stop': 0, 'trail_trigger': 0, 'trail_freq': 0, 'update_tp': False, 'update_sl': False, 'breakeven': 0, 'breakeven_offset': 0, 'token': 'YOUR_PICKMYTRADE_TOKEN_HERE', 'pyramid': True, 'same_direction_ignore': False, 'reverse_order_close': True, 'full_closed': True, 'account_id': 'YOUR_ACCOUNT_ID_6', 'comment': '', 'main_token_type': 'DEMO', 'duplicate_position_allow': True, 'order_type': None, 'gtd_in_second': 0, 'reverse_action': False, 'created_first': '', 'tif': 'GTC'}",,,,"Can not Send, Price Not Found. in Setting OrderType is LMT",,4
20292154,MNQ1!,MNQU6,CLOSE,2026-07-28T19:52:30-0500,2026-07-29,2026-07-29 00:52:30.540605,0,LMT,"{'strategy_name': '', 'symbol': 'MNQ1!', 'date': '2026-07-28T19:52:30-0500', 'data': 'CLOSE', 'quantity': 1, 'risk_percentage': 0.0, 'price': '0.00', 'stp_limit_stp_price': 0, 'dollar_tp': 0, 'percentage_tp': 0, 'tp': 0, 'dollar_sl': 0, 'percentage_sl': 0, 'sl': 0, 'trail': 0, 'trail_stop': 0, 'trail_trigger': 0, 'trail_freq': 0, 'update_tp': False, 'update_sl': False, 'breakeven': 0, 'breakeven_offset': 0, 'token': 'YOUR_PICKMYTRADE_TOKEN_HERE', 'pyramid': True, 'same_direction_ignore': False, 'reverse_order_close': True, 'full_closed': True, 'account_id': 'YOUR_ACCOUNT_ID_6', 'comment': '', 'main_token_type': 'DEMO', 'duplicate_position_allow': True, 'order_type': None, 'gtd_in_second': 0, 'reverse_action': False, 'created_first': '', 'tif': 'GTC'}",,,,Unable to Send: Price Missing. In Setting OrderType is LMT,,4
20292153,MNQ1!,MNQ1!,CLOSE,2026-07-28T19:52:30-0500,2026-07-29,2026-07-29 00:52:30.521934,,MKT,"{'strategy_name': '', 'symbol': 'MNQ1!', 'date': '2026-07-28T19:52:30-0500', 'data': 'CLOSE', 'quantity': 1, 'risk_percentage': 0.0, 'price': '0.00', 'stp_limit_stp_price': 0, 'dollar_tp': 0, 'percentage_tp': 0, 'tp': 0, 'dollar_sl': 0, 'percentage_sl': 0, 'sl': 0, 'trail': 0, 'trail_stop': 0, 'trail_trigger': 0, 'trail_freq': 0, 'update_tp': False, 'update_sl': False, 'breakeven': 0, 'breakeven_offset': 0, 'token': 'YOUR_PICKMYTRADE_TOKEN_HERE', 'pyramid': True, 'same_direction_ignore': False, 'reverse_order_close': True, 'full_closed': True, 'account_id': 'YOUR_ACCOUNT_ID_5', 'comment': '', 'main_token_type': 'DEMO', 'duplicate_position_allow': True, 'order_type': None, 'gtd_in_second': 0, 'reverse_action': False, 'created_first': '', 'tif': 'GTC'}",,,,"Can not Send, Price Not Found. in Setting OrderType is LMT",,4
20292152,MNQ1!,MNQU6,CLOSE,2026-07-28T19:52:30-0500,2026-07-29,2026-07-29 00:52:30.515575,0,LMT,"{'strategy_name': '', 'symbol': 'MNQ1!', 'date': '2026-07-28T19:52:30-0500', 'data': 'CLOSE', 'quantity': 1, 'risk_percentage': 0.0, 'price': '0.00', 'stp_limit_stp_price': 0, 'dollar_tp': 0, 'percentage_tp': 0, 'tp': 0, 'dollar_sl': 0, 'percentage_sl': 0, 'sl': 0, 'trail': 0, 'trail_stop': 0, 'trail_trigger': 0, 'trail_freq': 0, 'update_tp': False, 'update_sl': False, 'breakeven': 0, 'breakeven_offset': 0, 'token': 'YOUR_PICKMYTRADE_TOKEN_HERE', 'pyramid': True, 'same_direction_ignore': False, 'reverse_order_close': True, 'full_closed': True, 'account_id': 'YOUR_ACCOUNT_ID_5', 'comment': '', 'main_token_type': 'DEMO', 'duplicate_position_allow': True, 'order_type': None, 'gtd_in_second': 0, 'reverse_action': False, 'created_first': '', 'tif': 'GTC'}",,,,Unable to Send: Price Missing. In Setting OrderType is LMT,,4
20292151,MNQ1!,MNQ1!,CLOSE,2026-07-28T19:52:30-0500,2026-07-29,2026-07-29 00:52:30.498394,,MKT,"{'strategy_name': '', 'symbol': 'MNQ1!', 'date': '2026-07-28T19:52:30-0500', 'data': 'CLOSE', 'quantity': 1, 'risk_percentage': 0.0, 'price': '0.00', 'stp_limit_stp_price': 0, 'dollar_tp': 0, 'percentage_tp': 0, 'tp': 0, 'dollar_sl': 0, 'percentage_sl': 0, 'sl': 0, 'trail': 0, 'trail_stop': 0, 'trail_trigger': 0, 'trail_freq': 0, 'update_tp': False, 'update_sl': False, 'breakeven': 0, 'breakeven_offset': 0, 'token': 'YOUR_PICKMYTRADE_TOKEN_HERE', 'pyramid': True, 'same_direction_ignore': False, 'reverse_order_close': True, 'full_closed': True, 'account_id': 'YOUR_ACCOUNT_ID_4', 'comment': '', 'main_token_type': 'DEMO', 'duplicate_position_allow': True, 'order_type': None, 'gtd_in_second': 0, 'reverse_action': False, 'created_first': '', 'tif': 'GTC'}",,,,"Can not Send, Price Not Found. in Setting OrderType is LMT",,4
20292150,MNQ1!,MNQU6,CLOSE,2026-07-28T19:52:30-0500,2026-07-29,2026-07-29 00:52:30.491872,0,LMT,"{'strategy_name': '', 'symbol': 'MNQ1!', 'date': '2026-07-28T19:52:30-0500', 'data': 'CLOSE', 'quantity': 1, 'risk_percentage': 0.0, 'price': '0.00', 'stp_limit_stp_price': 0, 'dollar_tp': 0, 'percentage_tp': 0, 'tp': 0, 'dollar_sl': 0, 'percentage_sl': 0, 'sl': 0, 'trail': 0, 'trail_stop': 0, 'trail_trigger': 0, 'trail_freq': 0, 'update_tp': False, 'update_sl': False, 'breakeven': 0, 'breakeven_offset': 0, 'token': 'YOUR_PICKMYTRADE_TOKEN_HERE', 'pyramid': True, 'same_direction_ignore': False, 'reverse_order_close': True, 'full_closed': True, 'account_id': 'YOUR_ACCOUNT_ID_4', 'comment': '', 'main_token_type': 'DEMO', 'duplicate_position_allow': True, 'order_type': None, 'gtd_in_second': 0, 'reverse_action': False, 'created_first': '', 'tif': 'GTC'}",,,,Unable to Send: Price Missing. In Setting OrderType is LMT,,4
20292149,MNQ1!,MNQ1!,CLOSE,2026-07-28T19:52:30-0500,2026-07-29,2026-07-29 00:52:30.475048,,MKT,"{'strategy_name': '', 'symbol': 'MNQ1!', 'date': '2026-07-28T19:52:30-0500', 'data': 'CLOSE', 'quantity': 1, 'risk_percentage': 0.0, 'price': '0.00', 'stp_limit_stp_price': 0, 'dollar_tp': 0, 'percentage_tp': 0, 'tp': 0, 'dollar_sl': 0, 'percentage_sl': 0, 'sl': 0, 'trail': 0, 'trail_stop': 0, 'trail_trigger': 0, 'trail_freq': 0, 'update_tp': False, 'update_sl': False, 'breakeven': 0, 'breakeven_offset': 0, 'token': 'YOUR_PICKMYTRADE_TOKEN_HERE', 'pyramid': True, 'same_direction_ignore': False, 'reverse_order_close': True, 'full_closed': True, 'account_id': 'YOUR_ACCOUNT_ID_3', 'comment': '', 'main_token_type': 'DEMO', 'duplicate_position_allow': True, 'order_type': None, 'gtd_in_second': 0, 'reverse_action': False, 'created_first': '', 'tif': 'GTC'}",,,,"Can not Send, Price Not Found. in Setting OrderType is LMT",,4
20292148,MNQ1!,MNQU6,CLOSE,2026-07-28T19:52:30-0500,2026-07-29,2026-07-29 00:52:30.469675,0,LMT,"{'strategy_name': '', 'symbol': 'MNQ1!', 'date': '2026-07-28T19:52:30-0500', 'data': 'CLOSE', 'quantity': 1, 'risk_percentage': 0.0, 'price': '0.00', 'stp_limit_stp_price': 0, 'dollar_tp': 0, 'percentage_tp': 0, 'tp': 0, 'dollar_sl': 0, 'percentage_sl': 0, 'sl': 0, 'trail': 0, 'trail_stop': 0, 'trail_trigger': 0, 'trail_freq': 0, 'update_tp': False, 'update_sl': False, 'breakeven': 0, 'breakeven_offset': 0, 'token': 'YOUR_PICKMYTRADE_TOKEN_HERE', 'pyramid': True, 'same_direction_ignore': False, 'reverse_order_close': True, 'full_closed': True, 'account_id': 'YOUR_ACCOUNT_ID_3', 'comment': '', 'main_token_type': 'DEMO', 'duplicate_position_allow': True, 'order_type': None, 'gtd_in_second': 0, 'reverse_action': False, 'created_first': '', 'tif': 'GTC'}",,,,Unable to Send: Price Missing. In Setting OrderType is LMT,,4
20292147,MNQ1!,MNQ1!,CLOSE,2026-07-28T19:52:30-0500,2026-07-29,2026-07-29 00:52:30.455045,,MKT,"{'strategy_name': '', 'symbol': 'MNQ1!', 'date': '2026-07-28T19:52:30-0500', 'data': 'CLOSE', 'quantity': 1, 'risk_percentage': 0.0, 'price': '0.00', 'stp_limit_stp_price': 0, 'dollar_tp': 0, 'percentage_tp': 0, 'tp': 0, 'dollar_sl': 0, 'percentage_sl': 0, 'sl': 0, 'trail': 0, 'trail_stop': 0, 'trail_trigger': 0, 'trail_freq': 0, 'update_tp': False, 'update_sl': False, 'breakeven': 0, 'breakeven_offset': 0, 'token': 'YOUR_PICKMYTRADE_TOKEN_HERE', 'pyramid': True, 'same_direction_ignore': False, 'reverse_order_close': True, 'full_closed': True, 'account_id': 'YOUR_ACCOUNT_ID_2', 'comment': '', 'main_token_type': 'DEMO', 'duplicate_position_allow': True, 'order_type': None, 'gtd_in_second': 0, 'reverse_action': False, 'created_first': '', 'tif': 'GTC'}",,,,"Can not Send, Price Not Found. in Setting OrderType is LMT",,4
20292146,MNQ1!,MNQU6,CLOSE,2026-07-28T19:52:30-0500,2026-07-29,2026-07-29 00:52:30.449242,0,LMT,"{'strategy_name': '', 'symbol': 'MNQ1!', 'date': '2026-07-28T19:52:30-0500', 'data': 'CLOSE', 'quantity': 1, 'risk_percentage': 0.0, 'price': '0.00', 'stp_limit_stp_price': 0, 'dollar_tp': 0, 'percentage_tp': 0, 'tp': 0, 'dollar_sl': 0, 'percentage_sl': 0, 'sl': 0, 'trail': 0, 'trail_stop': 0, 'trail_trigger': 0, 'trail_freq': 0, 'update_tp': False, 'update_sl': False, 'breakeven': 0, 'breakeven_offset': 0, 'token': 'YOUR_PICKMYTRADE_TOKEN_HERE', 'pyramid': True, 'same_direction_ignore': False, 'reverse_order_close': True, 'full_closed': True, 'account_id': 'YOUR_ACCOUNT_ID_2', 'comment': '', 'main_token_type': 'DEMO', 'duplicate_position_allow': True, 'order_type': None, 'gtd_in_second': 0, 'reverse_action': False, 'created_first': '', 'tif': 'GTC'}",,,,Unable to Send: Price Missing. In Setting OrderType is LMT,,4
20292145,MNQ1!,MNQ1!,CLOSE,2026-07-28T19:52:30-0500,2026-07-29,2026-07-29 00:52:30.433020,,MKT,"{'strategy_name': '', 'symbol': 'MNQ1!', 'date': '2026-07-28T19:52:30-0500', 'data': 'CLOSE', 'quantity': 1, 'risk_percentage': 0.0, 'price': '0.00', 'stp_limit_stp_price': 0, 'dollar_tp': 0, 'percentage_tp': 0, 'tp': 0, 'dollar_sl': 0, 'percentage_sl': 0, 'sl': 0, 'trail': 0, 'trail_stop': 0, 'trail_trigger': 0, 'trail_freq': 0, 'update_tp': False, 'update_sl': False, 'breakeven': 0, 'breakeven_offset': 0, 'token': 'YOUR_PICKMYTRADE_TOKEN_HERE', 'pyramid': True, 'same_direction_ignore': False, 'reverse_order_close': True, 'full_closed': True, 'account_id': 'YOUR_ACCOUNT_ID_1', 'comment': '', 'main_token_type': 'DEMO', 'duplicate_position_allow': True, 'order_type': None, 'gtd_in_second': 0, 'reverse_action': False, 'created_first': '', 'tif': 'GTC'}",,,,"Can not Send, Price Not Found. in Setting OrderType is LMT",,4
20292144,MNQ1!,MNQU6,CLOSE,2026-07-28T19:52:30-0500,2026-07-29,2026-07-29 00:52:30.425237,0,LMT,"{'strategy_name': '', 'symbol': 'MNQ1!', 'date': '2026-07-28T19:52:30-0500', 'data': 'CLOSE', 'quantity': 1, 'risk_percentage': 0.0, 'price': '0.00', 'stp_limit_stp_price': 0, 'dollar_tp': 0, 'percentage_tp': 0, 'tp': 0, 'dollar_sl': 0, 'percentage_sl': 0, 'sl': 0, 'trail': 0, 'trail_stop': 0, 'trail_trigger': 0, 'trail_freq': 0, 'update_tp': False, 'update_sl': False, 'breakeven': 0, 'breakeven_offset': 0, 'token': 'YOUR_PICKMYTRADE_TOKEN_HERE', 'pyramid': True, 'same_direction_ignore': False, 'reverse_order_close': True, 'full_closed': True, 'account_id': 'YOUR_ACCOUNT_ID_1', 'comment': '', 'main_token_type': 'DEMO', 'duplicate_position_allow': True, 'order_type': None, 'gtd_in_second': 0, 'reverse_action': False, 'created_first': '', 'tif': 'GTC'}",,,,Unable to Send: Price Missing. In Setting OrderType is LMT,,4
20291855,MNQ1!,MNQ1!,CLOSE,2026-07-28T19:48:45-0500,2026-07-29,2026-07-29 00:48:45.497464,,MKT,"{'strategy_name': '', 'symbol': 'MNQ1!', 'date': '2026-07-28T19:48:45-0500', 'data': 'CLOSE', 'quantity': 1, 'risk_percentage': 0.0, 'price': '0.00', 'stp_limit_stp_price': 0, 'dollar_tp': 0, 'percentage_tp': 0, 'tp': 0, 'dollar_sl': 0, 'percentage_sl': 0, 'sl': 0, 'trail': 0, 'trail_stop': 0, 'trail_trigger': 0, 'trail_freq': 0, 'update_tp': False, 'update_sl': False, 'breakeven': 0, 'breakeven_offset': 0, 'token': 'YOUR_PICKMYTRADE_TOKEN_HERE', 'pyramid': True, 'same_direction_ignore': False, 'reverse_order_close': True, 'full_closed': True, 'account_id': 'YOUR_ACCOUNT_ID_6', 'comment': '', 'main_token_type': 'DEMO', 'duplicate_position_allow': True, 'order_type': None, 'gtd_in_second': 0, 'reverse_action': False, 'created_first': '', 'tif': 'GTC'}",,,,"Can not Send, Price Not Found. in Setting OrderType is LMT",,4
20291854,MNQ1!,MNQU6,CLOSE,2026-07-28T19:48:45-0500,2026-07-29,2026-07-29 00:48:45.491995,0,LMT,"{'strategy_name': '', 'symbol': 'MNQ1!', 'date': '2026-07-28T19:48:45-0500', 'data': 'CLOSE', 'quantity': 1, 'risk_percentage': 0.0, 'price': '0.00', 'stp_limit_stp_price': 0, 'dollar_tp': 0, 'percentage_tp': 0, 'tp': 0, 'dollar_sl': 0, 'percentage_sl': 0, 'sl': 0, 'trail': 0, 'trail_stop': 0, 'trail_trigger': 0, 'trail_freq': 0, 'update_tp': False, 'update_sl': False, 'breakeven': 0, 'breakeven_offset': 0, 'token': 'YOUR_PICKMYTRADE_TOKEN_HERE', 'pyramid': True, 'same_direction_ignore': False, 'reverse_order_close': True, 'full_closed': True, 'account_id': 'YOUR_ACCOUNT_ID_6', 'comment': '', 'main_token_type': 'DEMO', 'duplicate_position_allow': True, 'order_type': None, 'gtd_in_second': 0, 'reverse_action': False, 'created_first': '', 'tif': 'GTC'}",,,,Unable to Send: Price Missing. In Setting OrderType is LMT,,4
20291853,MNQ1!,MNQ1!,CLOSE,2026-07-28T19:48:45-0500,2026-07-29,2026-07-29 00:48:45.474971,,MKT,"{'strategy_name': '', 'symbol': 'MNQ1!', 'date': '2026-07-28T19:48:45-0500', 'data': 'CLOSE', 'quantity': 1, 'risk_percentage': 0.0, 'price': '0.00', 'stp_limit_stp_price': 0, 'dollar_tp': 0, 'percentage_tp': 0, 'tp': 0, 'dollar_sl': 0, 'percentage_sl': 0, 'sl': 0, 'trail': 0, 'trail_stop': 0, 'trail_trigger': 0, 'trail_freq': 0, 'update_tp': False, 'update_sl': False, 'breakeven': 0, 'breakeven_offset': 0, 'token': 'YOUR_PICKMYTRADE_TOKEN_HERE', 'pyramid': True, 'same_direction_ignore': False, 'reverse_order_close': True, 'full_closed': True, 'account_id': 'YOUR_ACCOUNT_ID_5', 'comment': '', 'main_token_type': 'DEMO', 'duplicate_position_allow': True, 'order_type': None, 'gtd_in_second': 0, 'reverse_action': False, 'created_first': '', 'tif': 'GTC'}",,,,"Can not Send, Price Not Found. in Setting OrderType is LMT",,4
20291852,MNQ1!,MNQU6,CLOSE,2026-07-28T19:48:45-0500,2026-07-29,2026-07-29 00:48:45.468705,0,LMT,"{'strategy_name': '', 'symbol': 'MNQ1!', 'date': '2026-07-28T19:48:45-0500', 'data': 'CLOSE', 'quantity': 1, 'risk_percentage': 0.0, 'price': '0.00', 'stp_limit_stp_price': 0, 'dollar_tp': 0, 'percentage_tp': 0, 'tp': 0, 'dollar_sl': 0, 'percentage_sl': 0, 'sl': 0, 'trail': 0, 'trail_stop': 0, 'trail_trigger': 0, 'trail_freq': 0, 'update_tp': False, 'update_sl': False, 'breakeven': 0, 'breakeven_offset': 0, 'token': 'YOUR_PICKMYTRADE_TOKEN_HERE', 'pyramid': True, 'same_direction_ignore': False, 'reverse_order_close': True, 'full_closed': True, 'account_id': 'YOUR_ACCOUNT_ID_5', 'comment': '', 'main_token_type': 'DEMO', 'duplicate_position_allow': True, 'order_type': None, 'gtd_in_second': 0, 'reverse_action': False, 'created_first': '', 'tif': 'GTC'}",,,,Unable to Send: Price Missing. In Setting OrderType is LMT,,4
20291851,MNQ1!,MNQ1!,CLOSE,2026-07-28T19:48:45-0500,2026-07-29,2026-07-29 00:48:45.453900,,MKT,"{'strategy_name': '', 'symbol': 'MNQ1!', 'date': '2026-07-28T19:48:45-0500', 'data': 'CLOSE', 'quantity': 1, 'risk_percentage': 0.0, 'price': '0.00', 'stp_limit_stp_price': 0, 'dollar_tp': 0, 'percentage_tp': 0, 'tp': 0, 'dollar_sl': 0, 'percentage_sl': 0, 'sl': 0, 'trail': 0, 'trail_stop': 0, 'trail_trigger': 0, 'trail_freq': 0, 'update_tp': False, 'update_sl': False, 'breakeven': 0, 'breakeven_offset': 0, 'token': 'YOUR_PICKMYTRADE_TOKEN_HERE', 'pyramid': True, 'same_direction_ignore': False, 'reverse_order_close': True, 'full_closed': True, 'account_id': 'YOUR_ACCOUNT_ID_4', 'comment': '', 'main_token_type': 'DEMO', 'duplicate_position_allow': True, 'order_type': None, 'gtd_in_second': 0, 'reverse_action': False, 'created_first': '', 'tif': 'GTC'}",,,,"Can not Send, Price Not Found. in Setting OrderType is LMT",,4
20291850,MNQ1!,MNQU6,CLOSE,2026-07-28T19:48:45-0500,2026-07-29,2026-07-29 00:48:45.448501,0,LMT,"{'strategy_name': '', 'symbol': 'MNQ1!', 'date': '2026-07-28T19:48:45-0500', 'data': 'CLOSE', 'quantity': 1, 'risk_percentage': 0.0, 'price': '0.00', 'stp_limit_stp_price': 0, 'dollar_tp': 0, 'percentage_tp': 0, 'tp': 0, 'dollar_sl': 0, 'percentage_sl': 0, 'sl': 0, 'trail': 0, 'trail_stop': 0, 'trail_trigger': 0, 'trail_freq': 0, 'update_tp': False, 'update_sl': False, 'breakeven': 0, 'breakeven_offset': 0, 'token': 'YOUR_PICKMYTRADE_TOKEN_HERE', 'pyramid': True, 'same_direction_ignore': False, 'reverse_order_close': True, 'full_closed': True, 'account_id': 'YOUR_ACCOUNT_ID_4', 'comment': '', 'main_token_type': 'DEMO', 'duplicate_position_allow': True, 'order_type': None, 'gtd_in_second': 0, 'reverse_action': False, 'created_first': '', 'tif': 'GTC'}",,,,Unable to Send: Price Missing. In Setting OrderType is LMT,,4
20291849,MNQ1!,MNQ1!,CLOSE,2026-07-28T19:48:45-0500,2026-07-29,2026-07-29 00:48:45.434191,,MKT,"{'strategy_name': '', 'symbol': 'MNQ1!', 'date': '2026-07-28T19:48:45-0500', 'data': 'CLOSE', 'quantity': 1, 'risk_percentage': 0.0, 'price': '0.00', 'stp_limit_stp_price': 0, 'dollar_tp': 0, 'percentage_tp': 0, 'tp': 0, 'dollar_sl': 0, 'percentage_sl': 0, 'sl': 0, 'trail': 0, 'trail_stop': 0, 'trail_trigger': 0, 'trail_freq': 0, 'update_tp': False, 'update_sl': False, 'breakeven': 0, 'breakeven_offset': 0, 'token': 'YOUR_PICKMYTRADE_TOKEN_HERE', 'pyramid': True, 'same_direction_ignore': False, 'reverse_order_close': True, 'full_closed': True, 'account_id': 'YOUR_ACCOUNT_ID_3', 'comment': '', 'main_token_type': 'DEMO', 'duplicate_position_allow': True, 'order_type': None, 'gtd_in_second': 0, 'reverse_action': False, 'created_first': '', 'tif': 'GTC'}",,,,"Can not Send, Price Not Found. in Setting OrderType is LMT",,4
20291848,MNQ1!,MNQU6,CLOSE,2026-07-28T19:48:45-0500,2026-07-29,2026-07-29 00:48:45.428563,0,LMT,"{'strategy_name': '', 'symbol': 'MNQ1!', 'date': '2026-07-28T19:48:45-0500', 'data': 'CLOSE', 'quantity': 1, 'risk_percentage': 0.0, 'price': '0.00', 'stp_limit_stp_price': 0, 'dollar_tp': 0, 'percentage_tp': 0, 'tp': 0, 'dollar_sl': 0, 'percentage_sl': 0, 'sl': 0, 'trail': 0, 'trail_stop': 0, 'trail_trigger': 0, 'trail_freq': 0, 'update_tp': False, 'update_sl': False, 'breakeven': 0, 'breakeven_offset': 0, 'token': 'YOUR_PICKMYTRADE_TOKEN_HERE', 'pyramid': True, 'same_direction_ignore': False, 'reverse_order_close': True, 'full_closed': True, 'account_id': 'YOUR_ACCOUNT_ID_3', 'comment': '', 'main_token_type': 'DEMO', 'duplicate_position_allow': True, 'order_type': None, 'gtd_in_second': 0, 'reverse_action': False, 'created_first': '', 'tif': 'GTC'}",,,,Unable to Send: Price Missing. In Setting OrderType is LMT,,4
20291847,MNQ1!,MNQ1!,CLOSE,2026-07-28T19:48:45-0500,2026-07-29,2026-07-29 00:48:45.413269,,MKT,"{'strategy_name': '', 'symbol': 'MNQ1!', 'date': '2026-07-28T19:48:45-0500', 'data': 'CLOSE', 'quantity': 1, 'risk_percentage': 0.0, 'price': '0.00', 'stp_limit_stp_price': 0, 'dollar_tp': 0, 'percentage_tp': 0, 'tp': 0, 'dollar_sl': 0, 'percentage_sl': 0, 'sl': 0, 'trail': 0, 'trail_stop': 0, 'trail_trigger': 0, 'trail_freq': 0, 'update_tp': False, 'update_sl': False, 'breakeven': 0, 'breakeven_offset': 0, 'token': 'YOUR_PICKMYTRADE_TOKEN_HERE', 'pyramid': True, 'same_direction_ignore': False, 'reverse_order_close': True, 'full_closed': True, 'account_id': 'YOUR_ACCOUNT_ID_2', 'comment': '', 'main_token_type': 'DEMO', 'duplicate_position_allow': True, 'order_type': None, 'gtd_in_second': 0, 'reverse_action': False, 'created_first': '', 'tif': 'GTC'}",,,,"Can not Send, Price Not Found. in Setting OrderType is LMT",,4
20291846,MNQ1!,MNQU6,CLOSE,2026-07-28T19:48:45-0500,2026-07-29,2026-07-29 00:48:45.407618,0,LMT,"{'strategy_name': '', 'symbol': 'MNQ1!', 'date': '2026-07-28T19:48:45-0500', 'data': 'CLOSE', 'quantity': 1, 'risk_percentage': 0.0, 'price': '0.00', 'stp_limit_stp_price': 0, 'dollar_tp': 0, 'percentage_tp': 0, 'tp': 0, 'dollar_sl': 0, 'percentage_sl': 0, 'sl': 0, 'trail': 0, 'trail_stop': 0, 'trail_trigger': 0, 'trail_freq': 0, 'update_tp': False, 'update_sl': False, 'breakeven': 0, 'breakeven_offset': 0, 'token': 'YOUR_PICKMYTRADE_TOKEN_HERE', 'pyramid': True, 'same_direction_ignore': False, 'reverse_order_close': True, 'full_closed': True, 'account_id': 'YOUR_ACCOUNT_ID_2', 'comment': '', 'main_token_type': 'DEMO', 'duplicate_position_allow': True, 'order_type': None, 'gtd_in_second': 0, 'reverse_action': False, 'created_first': '', 'tif': 'GTC'}",,,,Unable to Send: Price Missing. In Setting OrderType is LMT,,4
20291845,MNQ1!,MNQ1!,CLOSE,2026-07-28T19:48:45-0500,2026-07-29,2026-07-29 00:48:45.392202,,MKT,"{'strategy_name': '', 'symbol': 'MNQ1!', 'date': '2026-07-28T19:48:45-0500', 'data': 'CLOSE', 'quantity': 1, 'risk_percentage': 0.0, 'price': '0.00', 'stp_limit_stp_price': 0, 'dollar_tp': 0, 'percentage_tp': 0, 'tp': 0, 'dollar_sl': 0, 'percentage_sl': 0, 'sl': 0, 'trail': 0, 'trail_stop': 0, 'trail_trigger': 0, 'trail_freq': 0, 'update_tp': False, 'update_sl': False, 'breakeven': 0, 'breakeven_offset': 0, 'token': 'YOUR_PICKMYTRADE_TOKEN_HERE', 'pyramid': True, 'same_direction_ignore': False, 'reverse_order_close': True, 'full_closed': True, 'account_id': 'YOUR_ACCOUNT_ID_1', 'comment': '', 'main_token_type': 'DEMO', 'duplicate_position_allow': True, 'order_type': None, 'gtd_in_second': 0, 'reverse_action': False, 'created_first': '', 'tif': 'GTC'}",,,,"Can not Send, Price Not Found. in Setting OrderType is LMT",,4
20291844,MNQ1!,MNQU6,CLOSE,2026-07-28T19:48:45-0500,2026-07-29,2026-07-29 00:48:45.386303,0,LMT,"{'strategy_name': '', 'symbol': 'MNQ1!', 'date': '2026-07-28T19:48:45-0500', 'data': 'CLOSE', 'quantity': 1, 'risk_percentage': 0.0, 'price': '0.00', 'stp_limit_stp_price': 0, 'dollar_tp': 0, 'percentage_tp': 0, 'tp': 0, 'dollar_sl': 0, 'percentage_sl': 0, 'sl': 0, 'trail': 0, 'trail_stop': 0, 'trail_trigger': 0, 'trail_freq': 0, 'update_tp': False, 'update_sl': False, 'breakeven': 0, 'breakeven_offset': 0, 'token': 'YOUR_PICKMYTRADE_TOKEN_HERE', 'pyramid': True, 'same_direction_ignore': False, 'reverse_order_close': True, 'full_closed': True, 'account_id': 'YOUR_ACCOUNT_ID_1', 'comment': '', 'main_token_type': 'DEMO', 'duplicate_position_allow': True, 'order_type': None, 'gtd_in_second': 0, 'reverse_action': False, 'created_first': '', 'tif': 'GTC'}",,,,Unable to Send: Price Missing. In Setting OrderType is LMT,,4
20291255,MNQ1!,MNQ1!,CLOSE,2026-07-28T19:41:00-0500,2026-07-29,2026-07-29 00:41:00.806282,,MKT,"{'strategy_name': '', 'symbol': 'MNQ1!', 'date': '2026-07-28T19:41:00-0500', 'data': 'CLOSE', 'quantity': 1, 'risk_percentage': 0.0, 'price': '0.00', 'stp_limit_stp_price': 0, 'dollar_tp': 0, 'percentage_tp': 0, 'tp': 0, 'dollar_sl': 0, 'percentage_sl': 0, 'sl': 0, 'trail': 0, 'trail_stop': 0, 'trail_trigger': 0, 'trail_freq': 0, 'update_tp': False, 'update_sl': False, 'breakeven': 0, 'breakeven_offset': 0, 'token': 'YOUR_PICKMYTRADE_TOKEN_HERE', 'pyramid': True, 'same_direction_ignore': False, 'reverse_order_close': True, 'full_closed': True, 'account_id': 'YOUR_ACCOUNT_ID_6', 'comment': '', 'main_token_type': 'DEMO', 'duplicate_position_allow': True, 'order_type': None, 'gtd_in_second': 0, 'reverse_action': False, 'created_first': '', 'tif': 'GTC'}",,,,"Can not Send, Price Not Found. in Setting OrderType is LMT",,4
20291254,MNQ1!,MNQU6,CLOSE,2026-07-28T19:41:00-0500,2026-07-29,2026-07-29 00:41:00.799573,0,LMT,"{'strategy_name': '', 'symbol': 'MNQ1!', 'date': '2026-07-28T19:41:00-0500', 'data': 'CLOSE', 'quantity': 1, 'risk_percentage': 0.0, 'price': '0.00', 'stp_limit_stp_price': 0, 'dollar_tp': 0, 'percentage_tp': 0, 'tp': 0, 'dollar_sl': 0, 'percentage_sl': 0, 'sl': 0, 'trail': 0, 'trail_stop': 0, 'trail_trigger': 0, 'trail_freq': 0, 'update_tp': False, 'update_sl': False, 'breakeven': 0, 'breakeven_offset': 0, 'token': 'YOUR_PICKMYTRADE_TOKEN_HERE', 'pyramid': True, 'same_direction_ignore': False, 'reverse_order_close': True, 'full_closed': True, 'account_id': 'YOUR_ACCOUNT_ID_6', 'comment': '', 'main_token_type': 'DEMO', 'duplicate_position_allow': True, 'order_type': None, 'gtd_in_second': 0, 'reverse_action': False, 'created_first': '', 'tif': 'GTC'}",,,,Unable to Send: Price Missing. In Setting OrderType is LMT,,4
20291253,MNQ1!,MNQ1!,CLOSE,2026-07-28T19:41:00-0500,2026-07-29,2026-07-29 00:41:00.780334,,MKT,"{'strategy_name': '', 'symbol': 'MNQ1!', 'date': '2026-07-28T19:41:00-0500', 'data': 'CLOSE', 'quantity': 1, 'risk_percentage': 0.0, 'price': '0.00', 'stp_limit_stp_price': 0, 'dollar_tp': 0, 'percentage_tp': 0, 'tp': 0, 'dollar_sl': 0, 'percentage_sl': 0, 'sl': 0, 'trail': 0, 'trail_stop': 0, 'trail_trigger': 0, 'trail_freq': 0, 'update_tp': False, 'update_sl': False, 'breakeven': 0, 'breakeven_offset': 0, 'token': 'YOUR_PICKMYTRADE_TOKEN_HERE', 'pyramid': True, 'same_direction_ignore': False, 'reverse_order_close': True, 'full_closed': True, 'account_id': 'YOUR_ACCOUNT_ID_5', 'comment': '', 'main_token_type': 'DEMO', 'duplicate_position_allow': True, 'order_type': None, 'gtd_in_second': 0, 'reverse_action': False, 'created_first': '', 'tif': 'GTC'}",,,,"Can not Send, Price Not Found. in Setting OrderType is LMT",,4
20291252,MNQ1!,MNQU6,CLOSE,2026-07-28T19:41:00-0500,2026-07-29,2026-07-29 00:41:00.773890,0,LMT,"{'strategy_name': '', 'symbol': 'MNQ1!', 'date': '2026-07-28T19:41:00-0500', 'data': 'CLOSE', 'quantity': 1, 'risk_percentage': 0.0, 'price': '0.00', 'stp_limit_stp_price': 0, 'dollar_tp': 0, 'percentage_tp': 0, 'tp': 0, 'dollar_sl': 0, 'percentage_sl': 0, 'sl': 0, 'trail': 0, 'trail_stop': 0, 'trail_trigger': 0, 'trail_freq': 0, 'update_tp': False, 'update_sl': False, 'breakeven': 0, 'breakeven_offset': 0, 'token': 'YOUR_PICKMYTRADE_TOKEN_HERE', 'pyramid': True, 'same_direction_ignore': False, 'reverse_order_close': True, 'full_closed': True, 'account_id': 'YOUR_ACCOUNT_ID_5', 'comment': '', 'main_token_type': 'DEMO', 'duplicate_position_allow': True, 'order_type': None, 'gtd_in_second': 0, 'reverse_action': False, 'created_first': '', 'tif': 'GTC'}",,,,Unable to Send: Price Missing. In Setting OrderType is LMT,,4
20291251,MNQ1!,MNQ1!,CLOSE,2026-07-28T19:41:00-0500,2026-07-29,2026-07-29 00:41:00.758486,,MKT,"{'strategy_name': '', 'symbol': 'MNQ1!', 'date': '2026-07-28T19:41:00-0500', 'data': 'CLOSE', 'quantity': 1, 'risk_percentage': 0.0, 'price': '0.00', 'stp_limit_stp_price': 0, 'dollar_tp': 0, 'percentage_tp': 0, 'tp': 0, 'dollar_sl': 0, 'percentage_sl': 0, 'sl': 0, 'trail': 0, 'trail_stop': 0, 'trail_trigger': 0, 'trail_freq': 0, 'update_tp': False, 'update_sl': False, 'breakeven': 0, 'breakeven_offset': 0, 'token': 'YOUR_PICKMYTRADE_TOKEN_HERE', 'pyramid': True, 'same_direction_ignore': False, 'reverse_order_close': True, 'full_closed': True, 'account_id': 'YOUR_ACCOUNT_ID_4', 'comment': '', 'main_token_type': 'DEMO', 'duplicate_position_allow': True, 'order_type': None, 'gtd_in_second': 0, 'reverse_action': False, 'created_first': '', 'tif': 'GTC'}",,,,"Can not Send, Price Not Found. in Setting OrderType is LMT",,4
20291250,MNQ1!,MNQU6,CLOSE,2026-07-28T19:41:00-0500,2026-07-29,2026-07-29 00:41:00.752666,0,LMT,"{'strategy_name': '', 'symbol': 'MNQ1!', 'date': '2026-07-28T19:41:00-0500', 'data': 'CLOSE', 'quantity': 1, 'risk_percentage': 0.0, 'price': '0.00', 'stp_limit_stp_price': 0, 'dollar_tp': 0, 'percentage_tp': 0, 'tp': 0, 'dollar_sl': 0, 'percentage_sl': 0, 'sl': 0, 'trail': 0, 'trail_stop': 0, 'trail_trigger': 0, 'trail_freq': 0, 'update_tp': False, 'update_sl': False, 'breakeven': 0, 'breakeven_offset': 0, 'token': 'YOUR_PICKMYTRADE_TOKEN_HERE', 'pyramid': True, 'same_direction_ignore': False, 'reverse_order_close': True, 'full_closed': True, 'account_id': 'YOUR_ACCOUNT_ID_4', 'comment': '', 'main_token_type': 'DEMO', 'duplicate_position_allow': True, 'order_type': None, 'gtd_in_second': 0, 'reverse_action': False, 'created_first': '', 'tif': 'GTC'}",,,,Unable to Send: Price Missing. In Setting OrderType is LMT,,4
20291249,MNQ1!,MNQ1!,CLOSE,2026-07-28T19:41:00-0500,2026-07-29,2026-07-29 00:41:00.737854,,MKT,"{'strategy_name': '', 'symbol': 'MNQ1!', 'date': '2026-07-28T19:41:00-0500', 'data': 'CLOSE', 'quantity': 1, 'risk_percentage': 0.0, 'price': '0.00', 'stp_limit_stp_price': 0, 'dollar_tp': 0, 'percentage_tp': 0, 'tp': 0, 'dollar_sl': 0, 'percentage_sl': 0, 'sl': 0, 'trail': 0, 'trail_stop': 0, 'trail_trigger': 0, 'trail_freq': 0, 'update_tp': False, 'update_sl': False, 'breakeven': 0, 'breakeven_offset': 0, 'token': 'YOUR_PICKMYTRADE_TOKEN_HERE', 'pyramid': True, 'same_direction_ignore': False, 'reverse_order_close': True, 'full_closed': True, 'account_id': 'YOUR_ACCOUNT_ID_3', 'comment': '', 'main_token_type': 'DEMO', 'duplicate_position_allow': True, 'order_type': None, 'gtd_in_second': 0, 'reverse_action': False, 'created_first': '', 'tif': 'GTC'}",,,,"Can not Send, Price Not Found. in Setting OrderType is LMT",,4
20291248,MNQ1!,MNQU6,CLOSE,2026-07-28T19:41:00-0500,2026-07-29,2026-07-29 00:41:00.731294,0,LMT,"{'strategy_name': '', 'symbol': 'MNQ1!', 'date': '2026-07-28T19:41:00-0500', 'data': 'CLOSE', 'quantity': 1, 'risk_percentage': 0.0, 'price': '0.00', 'stp_limit_stp_price': 0, 'dollar_tp': 0, 'percentage_tp': 0, 'tp': 0, 'dollar_sl': 0, 'percentage_sl': 0, 'sl': 0, 'trail': 0, 'trail_stop': 0, 'trail_trigger': 0, 'trail_freq': 0, 'update_tp': False, 'update_sl': False, 'breakeven': 0, 'breakeven_offset': 0, 'token': 'YOUR_PICKMYTRADE_TOKEN_HERE', 'pyramid': True, 'same_direction_ignore': False, 'reverse_order_close': True, 'full_closed': True, 'account_id': 'YOUR_ACCOUNT_ID_3', 'comment': '', 'main_token_type': 'DEMO', 'duplicate_position_allow': True, 'order_type': None, 'gtd_in_second': 0, 'reverse_action': False, 'created_first': '', 'tif': 'GTC'}",,,,Unable to Send: Price Missing. In Setting OrderType is LMT,,4
20291247,MNQ1!,MNQ1!,CLOSE,2026-07-28T19:41:00-0500,2026-07-29,2026-07-29 00:41:00.715470,,MKT,"{'strategy_name': '', 'symbol': 'MNQ1!', 'date': '2026-07-28T19:41:00-0500', 'data': 'CLOSE', 'quantity': 1, 'risk_percentage': 0.0, 'price': '0.00', 'stp_limit_stp_price': 0, 'dollar_tp': 0, 'percentage_tp': 0, 'tp': 0, 'dollar_sl': 0, 'percentage_sl': 0, 'sl': 0, 'trail': 0, 'trail_stop': 0, 'trail_trigger': 0, 'trail_freq': 0, 'update_tp': False, 'update_sl': False, 'breakeven': 0, 'breakeven_offset': 0, 'token': 'YOUR_PICKMYTRADE_TOKEN_HERE', 'pyramid': True, 'same_direction_ignore': False, 'reverse_order_close': True, 'full_closed': True, 'account_id': 'YOUR_ACCOUNT_ID_2', 'comment': '', 'main_token_type': 'DEMO', 'duplicate_position_allow': True, 'order_type': None, 'gtd_in_second': 0, 'reverse_action': False, 'created_first': '', 'tif': 'GTC'}",,,,"Can not Send, Price Not Found. in Setting OrderType is LMT",,4
20291246,MNQ1!,MNQU6,CLOSE,2026-07-28T19:41:00-0500,2026-07-29,2026-07-29 00:41:00.709195,0,LMT,"{'strategy_name': '', 'symbol': 'MNQ1!', 'date': '2026-07-28T19:41:00-0500', 'data': 'CLOSE', 'quantity': 1, 'risk_percentage': 0.0, 'price': '0.00', 'stp_limit_stp_price': 0, 'dollar_tp': 0, 'percentage_tp': 0, 'tp': 0, 'dollar_sl': 0, 'percentage_sl': 0, 'sl': 0, 'trail': 0, 'trail_stop': 0, 'trail_trigger': 0, 'trail_freq': 0, 'update_tp': False, 'update_sl': False, 'breakeven': 0, 'breakeven_offset': 0, 'token': 'YOUR_PICKMYTRADE_TOKEN_HERE', 'pyramid': True, 'same_direction_ignore': False, 'reverse_order_close': True, 'full_closed': True, 'account_id': 'YOUR_ACCOUNT_ID_2', 'comment': '', 'main_token_type': 'DEMO', 'duplicate_position_allow': True, 'order_type': None, 'gtd_in_second': 0, 'reverse_action': False, 'created_first': '', 'tif': 'GTC'}",,,,Unable to Send: Price Missing. In Setting OrderType is LMT,,4
20291245,MNQ1!,MNQ1!,CLOSE,2026-07-28T19:41:00-0500,2026-07-29,2026-07-29 00:41:00.692456,,MKT,"{'strategy_name': '', 'symbol': 'MNQ1!', 'date': '2026-07-28T19:41:00-0500', 'data': 'CLOSE', 'quantity': 1, 'risk_percentage': 0.0, 'price': '0.00', 'stp_limit_stp_price': 0, 'dollar_tp': 0, 'percentage_tp': 0, 'tp': 0, 'dollar_sl': 0, 'percentage_sl': 0, 'sl': 0, 'trail': 0, 'trail_stop': 0, 'trail_trigger': 0, 'trail_freq': 0, 'update_tp': False, 'update_sl': False, 'breakeven': 0, 'breakeven_offset': 0, 'token': 'YOUR_PICKMYTRADE_TOKEN_HERE', 'pyramid': True, 'same_direction_ignore': False, 'reverse_order_close': True, 'full_closed': True, 'account_id': 'YOUR_ACCOUNT_ID_1', 'comment': '', 'main_token_type': 'DEMO', 'duplicate_position_allow': True, 'order_type': None, 'gtd_in_second': 0, 'reverse_action': False, 'created_first': '', 'tif': 'GTC'}",,,,"Can not Send, Price Not Found. in Setting OrderType is LMT",,4
20291244,MNQ1!,MNQU6,CLOSE,2026-07-28T19:41:00-0500,2026-07-29,2026-07-29 00:41:00.685943,0,LMT,"{'strategy_name': '', 'symbol': 'MNQ1!', 'date': '2026-07-28T19:41:00-0500', 'data': 'CLOSE', 'quantity': 1, 'risk_percentage': 0.0, 'price': '0.00', 'stp_limit_stp_price': 0, 'dollar_tp': 0, 'percentage_tp': 0, 'tp': 0, 'dollar_sl': 0, 'percentage_sl': 0, 'sl': 0, 'trail': 0, 'trail_stop': 0, 'trail_trigger': 0, 'trail_freq': 0, 'update_tp': False, 'update_sl': False, 'breakeven': 0, 'breakeven_offset': 0, 'token': 'YOUR_PICKMYTRADE_TOKEN_HERE', 'pyramid': True, 'same_direction_ignore': False, 'reverse_order_close': True, 'full_closed': True, 'account_id': 'YOUR_ACCOUNT_ID_1', 'comment': '', 'main_token_type': 'DEMO', 'duplicate_position_allow': True, 'order_type': None, 'gtd_in_second': 0, 'reverse_action': False, 'created_first': '', 'tif': 'GTC'}",,,,Unable to Send: Price Missing. In Setting OrderType is LMT,,4
20291228,MNQ1!,MNQU6,BUY,2026-07-28T19:40:45-0500,2026-07-29,2026-07-29 00:40:45.538686,28052.25,LMT,"{'strategy_name': '', 'symbol': 'MNQ1!', 'date': '2026-07-28T19:40:45-0500', 'data': 'BUY', 'quantity': 9, 'risk_percentage': 0.0, 'price': '28052.25', 'stp_limit_stp_price': 0, 'tp': 28065.25, 'percentage_tp': 0, 'dollar_tp': 0, 'sl': 28039.25, 'percentage_sl': 0, 'dollar_sl': 0, 'trail': 0, 'trail_stop': 0, 'trail_trigger': 0, 'trail_freq': 0, 'update_tp': False, 'update_sl': False, 'breakeven': 0, 'breakeven_offset': 0, 'token': 'YOUR_PICKMYTRADE_TOKEN_HERE', 'pyramid': True, 'same_direction_ignore': False, 'reverse_order_close': True, 'order_type': 'LMT', 'account_id': 'YOUR_ACCOUNT_ID_5', 'comment': '', 'full_closed': True, 'main_token_type': 'DEMO', 'duplicate_position_allow': True, 'gtd_in_second': 0, 'reverse_action': False, 'created_first': '', 'tif': 'GTC'}",597725390726,597725390727,597725390728,Order Placed,,4
20291227,MNQ1!,MNQU6,BUY,2026-07-28T19:40:45-0500,2026-07-29,2026-07-29 00:40:45.562522,28052.25,LMT,"{'strategy_name': '', 'symbol': 'MNQ1!', 'date': '2026-07-28T19:40:45-0500', 'data': 'BUY', 'quantity': 9, 'risk_percentage': 0.0, 'price': '28052.25', 'stp_limit_stp_price': 0, 'tp': 28065.25, 'percentage_tp': 0, 'dollar_tp': 0, 'sl': 28039.25, 'percentage_sl': 0, 'dollar_sl': 0, 'trail': 0, 'trail_stop': 0, 'trail_trigger': 0, 'trail_freq': 0, 'update_tp': False, 'update_sl': False, 'breakeven': 0, 'breakeven_offset': 0, 'token': 'YOUR_PICKMYTRADE_TOKEN_HERE', 'pyramid': True, 'same_direction_ignore': False, 'reverse_order_close': True, 'order_type': 'LMT', 'account_id': 'YOUR_ACCOUNT_ID_6', 'comment': '', 'full_closed': True, 'main_token_type': 'DEMO', 'duplicate_position_allow': True, 'gtd_in_second': 0, 'reverse_action': False, 'created_first': '', 'tif': 'GTC'}",597725400726,597725400727,597725400728,Order Placed,,4
20291226,MNQ1!,MNQU6,BUY,2026-07-28T19:40:45-0500,2026-07-29,2026-07-29 00:40:45.495708,28052.25,LMT,"{'strategy_name': '', 'symbol': 'MNQ1!', 'date': '2026-07-28T19:40:45-0500', 'data': 'BUY', 'quantity': 9, 'risk_percentage': 0.0, 'price': '28052.25', 'stp_limit_stp_price': 0, 'tp': 28065.25, 'percentage_tp': 0, 'dollar_tp': 0, 'sl': 28039.25, 'percentage_sl': 0, 'dollar_sl': 0, 'trail': 0, 'trail_stop': 0, 'trail_trigger': 0, 'trail_freq': 0, 'update_tp': False, 'update_sl': False, 'breakeven': 0, 'breakeven_offset': 0, 'token': 'YOUR_PICKMYTRADE_TOKEN_HERE', 'pyramid': True, 'same_direction_ignore': False, 'reverse_order_close': True, 'order_type': 'LMT', 'account_id': 'YOUR_ACCOUNT_ID_3', 'comment': '', 'full_closed': True, 'main_token_type': 'DEMO', 'duplicate_position_allow': True, 'gtd_in_second': 0, 'reverse_action': False, 'created_first': '', 'tif': 'GTC'}",593395181700,593395181701,593395181702,Order Placed,,4
20291225,MNQ1!,MNQU6,BUY,2026-07-28T19:40:45-0500,2026-07-29,2026-07-29 00:40:45.517502,28052.25,LMT,"{'strategy_name': '', 'symbol': 'MNQ1!', 'date': '2026-07-28T19:40:45-0500', 'data': 'BUY', 'quantity': 9, 'risk_percentage': 0.0, 'price': '28052.25', 'stp_limit_stp_price': 0, 'tp': 28065.25, 'percentage_tp': 0, 'dollar_tp': 0, 'sl': 28039.25, 'percentage_sl': 0, 'dollar_sl': 0, 'trail': 0, 'trail_stop': 0, 'trail_trigger': 0, 'trail_freq': 0, 'update_tp': False, 'update_sl': False, 'breakeven': 0, 'breakeven_offset': 0, 'token': 'YOUR_PICKMYTRADE_TOKEN_HERE', 'pyramid': True, 'same_direction_ignore': False, 'reverse_order_close': True, 'order_type': 'LMT', 'account_id': 'YOUR_ACCOUNT_ID_4', 'comment': '', 'full_closed': True, 'main_token_type': 'DEMO', 'duplicate_position_allow': True, 'gtd_in_second': 0, 'reverse_action': False, 'created_first': '', 'tif': 'GTC'}",597725410847,597725410848,597725410849,Order Placed,,4
20291224,MNQ1!,MNQU6,BUY,2026-07-28T19:40:45-0500,2026-07-29,2026-07-29 00:40:45.448559,28052.25,LMT,"{'strategy_name': '', 'symbol': 'MNQ1!', 'date': '2026-07-28T19:40:45-0500', 'data': 'BUY', 'quantity': 9, 'risk_percentage': 0.0, 'price': '28052.25', 'stp_limit_stp_price': 0, 'tp': 28065.25, 'percentage_tp': 0, 'dollar_tp': 0, 'sl': 28039.25, 'percentage_sl': 0, 'dollar_sl': 0, 'trail': 0, 'trail_stop': 0, 'trail_trigger': 0, 'trail_freq': 0, 'update_tp': False, 'update_sl': False, 'breakeven': 0, 'breakeven_offset': 0, 'token': 'YOUR_PICKMYTRADE_TOKEN_HERE', 'pyramid': True, 'same_direction_ignore': False, 'reverse_order_close': True, 'order_type': 'LMT', 'account_id': 'YOUR_ACCOUNT_ID_1', 'comment': '', 'full_closed': True, 'main_token_type': 'DEMO', 'duplicate_position_allow': True, 'gtd_in_second': 0, 'reverse_action': False, 'created_first': '', 'tif': 'GTC'}",593395141249,593395141250,593395141251,Order Placed,,4
20291223,MNQ1!,MNQU6,BUY,2026-07-28T19:40:45-0500,2026-07-29,2026-07-29 00:40:45.469981,28052.25,LMT,"{'strategy_name': '', 'symbol': 'MNQ1!', 'date': '2026-07-28T19:40:45-0500', 'data': 'BUY', 'quantity': 9, 'risk_percentage': 0.0, 'price': '28052.25', 'stp_limit_stp_price': 0, 'tp': 28065.25, 'percentage_tp': 0, 'dollar_tp': 0, 'sl': 28039.25, 'percentage_sl': 0, 'dollar_sl': 0, 'trail': 0, 'trail_stop': 0, 'trail_trigger': 0, 'trail_freq': 0, 'update_tp': False, 'update_sl': False, 'breakeven': 0, 'breakeven_offset': 0, 'token': 'YOUR_PICKMYTRADE_TOKEN_HERE', 'pyramid': True, 'same_direction_ignore': False, 'reverse_order_close': True, 'order_type': 'LMT', 'account_id': 'YOUR_ACCOUNT_ID_2', 'comment': '', 'full_closed': True, 'main_token_type': 'DEMO', 'duplicate_position_allow': True, 'gtd_in_second': 0, 'reverse_action': False, 'created_first': '', 'tif': 'GTC'}",593395151526,593395151527,593395151528,Order Placed,,4
20291048,MNQ1!,MNQ1!,CLOSE,2026-07-28T19:37:22-0500,2026-07-29,2026-07-29 00:37:23.150098,,MKT,"{'strategy_name': '', 'symbol': 'MNQ1!', 'date': '2026-07-28T19:37:22-0500', 'data': 'CLOSE', 'quantity': 1, 'risk_percentage': 0.0, 'price': '0.00', 'stp_limit_stp_price': 0, 'dollar_tp': 0, 'percentage_tp': 0, 'tp': 0, 'dollar_sl': 0, 'percentage_sl': 0, 'sl': 0, 'trail': 0, 'trail_stop': 0, 'trail_trigger': 0, 'trail_freq': 0, 'update_tp': False, 'update_sl': False, 'breakeven': 0, 'breakeven_offset': 0, 'token': 'YOUR_PICKMYTRADE_TOKEN_HERE', 'pyramid': True, 'same_direction_ignore': False, 'reverse_order_close': True, 'full_closed': True, 'account_id': 'YOUR_ACCOUNT_ID_6', 'comment': '', 'main_token_type': 'DEMO', 'duplicate_position_allow': True, 'order_type': None, 'gtd_in_second': 0, 'reverse_action': False, 'created_first': '', 'tif': 'GTC'}",,,,"Can not Send, Price Not Found. in Setting OrderType is LMT",,4
20291047,MNQ1!,MNQU6,CLOSE,2026-07-28T19:37:22-0500,2026-07-29,2026-07-29 00:37:23.142821,0,LMT,"{'strategy_name': '', 'symbol': 'MNQ1!', 'date': '2026-07-28T19:37:22-0500', 'data': 'CLOSE', 'quantity': 1, 'risk_percentage': 0.0, 'price': '0.00', 'stp_limit_stp_price': 0, 'dollar_tp': 0, 'percentage_tp': 0, 'tp': 0, 'dollar_sl': 0, 'percentage_sl': 0, 'sl': 0, 'trail': 0, 'trail_stop': 0, 'trail_trigger': 0, 'trail_freq': 0, 'update_tp': False, 'update_sl': False, 'breakeven': 0, 'breakeven_offset': 0, 'token': 'YOUR_PICKMYTRADE_TOKEN_HERE', 'pyramid': True, 'same_direction_ignore': False, 'reverse_order_close': True, 'full_closed': True, 'account_id': 'YOUR_ACCOUNT_ID_6', 'comment': '', 'main_token_type': 'DEMO', 'duplicate_position_allow': True, 'order_type': None, 'gtd_in_second': 0, 'reverse_action': False, 'created_first': '', 'tif': 'GTC'}",,,,Unable to Send: Price Missing. In Setting OrderType is LMT,,4
20291046,MNQ1!,MNQ1!,CLOSE,2026-07-28T19:37:22-0500,2026-07-29,2026-07-29 00:37:23.125732,,MKT,"{'strategy_name': '', 'symbol': 'MNQ1!', 'date': '2026-07-28T19:37:22-0500', 'data': 'CLOSE', 'quantity': 1, 'risk_percentage': 0.0, 'price': '0.00', 'stp_limit_stp_price': 0, 'dollar_tp': 0, 'percentage_tp': 0, 'tp': 0, 'dollar_sl': 0, 'percentage_sl': 0, 'sl': 0, 'trail': 0, 'trail_stop': 0, 'trail_trigger': 0, 'trail_freq': 0, 'update_tp': False, 'update_sl': False, 'breakeven': 0, 'breakeven_offset': 0, 'token': 'YOUR_PICKMYTRADE_TOKEN_HERE', 'pyramid': True, 'same_direction_ignore': False, 'reverse_order_close': True, 'full_closed': True, 'account_id': 'YOUR_ACCOUNT_ID_5', 'comment': '', 'main_token_type': 'DEMO', 'duplicate_position_allow': True, 'order_type': None, 'gtd_in_second': 0, 'reverse_action': False, 'created_first': '', 'tif': 'GTC'}",,,,"Can not Send, Price Not Found. in Setting OrderType is LMT",,4
20291045,MNQ1!,MNQU6,CLOSE,2026-07-28T19:37:22-0500,2026-07-29,2026-07-29 00:37:23.119680,0,LMT,"{'strategy_name': '', 'symbol': 'MNQ1!', 'date': '2026-07-28T19:37:22-0500', 'data': 'CLOSE', 'quantity': 1, 'risk_percentage': 0.0, 'price': '0.00', 'stp_limit_stp_price': 0, 'dollar_tp': 0, 'percentage_tp': 0, 'tp': 0, 'dollar_sl': 0, 'percentage_sl': 0, 'sl': 0, 'trail': 0, 'trail_stop': 0, 'trail_trigger': 0, 'trail_freq': 0, 'update_tp': False, 'update_sl': False, 'breakeven': 0, 'breakeven_offset': 0, 'token': 'YOUR_PICKMYTRADE_TOKEN_HERE', 'pyramid': True, 'same_direction_ignore': False, 'reverse_order_close': True, 'full_closed': True, 'account_id': 'YOUR_ACCOUNT_ID_5', 'comment': '', 'main_token_type': 'DEMO', 'duplicate_position_allow': True, 'order_type': None, 'gtd_in_second': 0, 'reverse_action': False, 'created_first': '', 'tif': 'GTC'}",,,,Unable to Send: Price Missing. In Setting OrderType is LMT,,4
20291044,MNQ1!,MNQ1!,CLOSE,2026-07-28T19:37:22-0500,2026-07-29,2026-07-29 00:37:23.102935,,MKT,"{'strategy_name': '', 'symbol': 'MNQ1!', 'date': '2026-07-28T19:37:22-0500', 'data': 'CLOSE', 'quantity': 1, 'risk_percentage': 0.0, 'price': '0.00', 'stp_limit_stp_price': 0, 'dollar_tp': 0, 'percentage_tp': 0, 'tp': 0, 'dollar_sl': 0, 'percentage_sl': 0, 'sl': 0, 'trail': 0, 'trail_stop': 0, 'trail_trigger': 0, 'trail_freq': 0, 'update_tp': False, 'update_sl': False, 'breakeven': 0, 'breakeven_offset': 0, 'token': 'YOUR_PICKMYTRADE_TOKEN_HERE', 'pyramid': True, 'same_direction_ignore': False, 'reverse_order_close': True, 'full_closed': True, 'account_id': 'YOUR_ACCOUNT_ID_4', 'comment': '', 'main_token_type': 'DEMO', 'duplicate_position_allow': True, 'order_type': None, 'gtd_in_second': 0, 'reverse_action': False, 'created_first': '', 'tif': 'GTC'}",,,,"Can not Send, Price Not Found. in Setting OrderType is LMT",,4
20291043,MNQ1!,MNQU6,CLOSE,2026-07-28T19:37:22-0500,2026-07-29,2026-07-29 00:37:23.096874,0,LMT,"{'strategy_name': '', 'symbol': 'MNQ1!', 'date': '2026-07-28T19:37:22-0500', 'data': 'CLOSE', 'quantity': 1, 'risk_percentage': 0.0, 'price': '0.00', 'stp_limit_stp_price': 0, 'dollar_tp': 0, 'percentage_tp': 0, 'tp': 0, 'dollar_sl': 0, 'percentage_sl': 0, 'sl': 0, 'trail': 0, 'trail_stop': 0, 'trail_trigger': 0, 'trail_freq': 0, 'update_tp': False, 'update_sl': False, 'breakeven': 0, 'breakeven_offset': 0, 'token': 'YOUR_PICKMYTRADE_TOKEN_HERE', 'pyramid': True, 'same_direction_ignore': False, 'reverse_order_close': True, 'full_closed': True, 'account_id': 'YOUR_ACCOUNT_ID_4', 'comment': '', 'main_token_type': 'DEMO', 'duplicate_position_allow': True, 'order_type': None, 'gtd_in_second': 0, 'reverse_action': False, 'created_first': '', 'tif': 'GTC'}",,,,Unable to Send: Price Missing. In Setting OrderType is LMT,,4
20291042,MNQ1!,MNQ1!,CLOSE,2026-07-28T19:37:22-0500,2026-07-29,2026-07-29 00:37:23.078754,,MKT,"{'strategy_name': '', 'symbol': 'MNQ1!', 'date': '2026-07-28T19:37:22-0500', 'data': 'CLOSE', 'quantity': 1, 'risk_percentage': 0.0, 'price': '0.00', 'stp_limit_stp_price': 0, 'dollar_tp': 0, 'percentage_tp': 0, 'tp': 0, 'dollar_sl': 0, 'percentage_sl': 0, 'sl': 0, 'trail': 0, 'trail_stop': 0, 'trail_trigger': 0, 'trail_freq': 0, 'update_tp': False, 'update_sl': False, 'breakeven': 0, 'breakeven_offset': 0, 'token': 'YOUR_PICKMYTRADE_TOKEN_HERE', 'pyramid': True, 'same_direction_ignore': False, 'reverse_order_close': True, 'full_closed': True, 'account_id': 'YOUR_ACCOUNT_ID_3', 'comment': '', 'main_token_type': 'DEMO', 'duplicate_position_allow': True, 'order_type': None, 'gtd_in_second': 0, 'reverse_action': False, 'created_first': '', 'tif': 'GTC'}",,,,"Can not Send, Price Not Found. in Setting OrderType is LMT",,4
20291041,MNQ1!,MNQU6,CLOSE,2026-07-28T19:37:22-0500,2026-07-29,2026-07-29 00:37:23.072750,0,LMT,"{'strategy_name': '', 'symbol': 'MNQ1!', 'date': '2026-07-28T19:37:22-0500', 'data': 'CLOSE', 'quantity': 1, 'risk_percentage': 0.0, 'price': '0.00', 'stp_limit_stp_price': 0, 'dollar_tp': 0, 'percentage_tp': 0, 'tp': 0, 'dollar_sl': 0, 'percentage_sl': 0, 'sl': 0, 'trail': 0, 'trail_stop': 0, 'trail_trigger': 0, 'trail_freq': 0, 'update_tp': False, 'update_sl': False, 'breakeven': 0, 'breakeven_offset': 0, 'token': 'YOUR_PICKMYTRADE_TOKEN_HERE', 'pyramid': True, 'same_direction_ignore': False, 'reverse_order_close': True, 'full_closed': True, 'account_id': 'YOUR_ACCOUNT_ID_3', 'comment': '', 'main_token_type': 'DEMO', 'duplicate_position_allow': True, 'order_type': None, 'gtd_in_second': 0, 'reverse_action': False, 'created_first': '', 'tif': 'GTC'}",,,,Unable to Send: Price Missing. In Setting OrderType is LMT,,4
20291040,MNQ1!,MNQ1!,CLOSE,2026-07-28T19:37:22-0500,2026-07-29,2026-07-29 00:37:23.057870,,MKT,"{'strategy_name': '', 'symbol': 'MNQ1!', 'date': '2026-07-28T19:37:22-0500', 'data': 'CLOSE', 'quantity': 1, 'risk_percentage': 0.0, 'price': '0.00', 'stp_limit_stp_price': 0, 'dollar_tp': 0, 'percentage_tp': 0, 'tp': 0, 'dollar_sl': 0, 'percentage_sl': 0, 'sl': 0, 'trail': 0, 'trail_stop': 0, 'trail_trigger': 0, 'trail_freq': 0, 'update_tp': False, 'update_sl': False, 'breakeven': 0, 'breakeven_offset': 0, 'token': 'YOUR_PICKMYTRADE_TOKEN_HERE', 'pyramid': True, 'same_direction_ignore': False, 'reverse_order_close': True, 'full_closed': True, 'account_id': 'YOUR_ACCOUNT_ID_2', 'comment': '', 'main_token_type': 'DEMO', 'duplicate_position_allow': True, 'order_type': None, 'gtd_in_second': 0, 'reverse_action': False, 'created_first': '', 'tif': 'GTC'}",,,,"Can not Send, Price Not Found. in Setting OrderType is LMT",,4
20291039,MNQ1!,MNQU6,CLOSE,2026-07-28T19:37:22-0500,2026-07-29,2026-07-29 00:37:23.051942,0,LMT,"{'strategy_name': '', 'symbol': 'MNQ1!', 'date': '2026-07-28T19:37:22-0500', 'data': 'CLOSE', 'quantity': 1, 'risk_percentage': 0.0, 'price': '0.00', 'stp_limit_stp_price': 0, 'dollar_tp': 0, 'percentage_tp': 0, 'tp': 0, 'dollar_sl': 0, 'percentage_sl': 0, 'sl': 0, 'trail': 0, 'trail_stop': 0, 'trail_trigger': 0, 'trail_freq': 0, 'update_tp': False, 'update_sl': False, 'breakeven': 0, 'breakeven_offset': 0, 'token': 'YOUR_PICKMYTRADE_TOKEN_HERE', 'pyramid': True, 'same_direction_ignore': False, 'reverse_order_close': True, 'full_closed': True, 'account_id': 'YOUR_ACCOUNT_ID_2', 'comment': '', 'main_token_type': 'DEMO', 'duplicate_position_allow': True, 'order_type': None, 'gtd_in_second': 0, 'reverse_action': False, 'created_first': '', 'tif': 'GTC'}",,,,Unable to Send: Price Missing. In Setting OrderType is LMT,,4